MESA;DEPARTAMENTO;ID_DEPARTAMENTO;MUNICIPIO;ID_MUNICIPIO;CENTRO_DE_VOTACIÓN;PADRÓN;UNE;AZUL;VALOR UNIONISTA;CABAL;TODOS;VAMOS;PHG;PR;PIN;ELEFANTE;VICTORIA;SEMILLA;FCN-NACION;PPN;UR;URNG-MAIZ WINAQ;CREO;BIEN;VIVA;MI FAMILIA;CAMBIO;VOS;VÁLIDOS;NULOS;BLANCO;EMITIDOS;INVÁLIDOS;TOTAL;IMPUGNACIONES;PAPELETAS-RECIBIDAS;PAPELETAS-NO-USADAS;PRES-VOTAR;VALIDOS_CALCULADO;EMITIDOS_CALCULADO;TOTAL_CALCULADO;OBSERVACIONES;CONTABILIZADA;CÓDIGO_INTEGRIDAD;FECHA_HORA_PUBLICACIÓN;DIGITALIZACIÓN
6810;El Progreso;4;Guastatoya;1;737;400;28;5;47;11;1;39;0;2;0;1;2;41;1;1;4;0;0;7;5;8;0;8;211;57;10;278;0;278;--;400;122;278;211;278;278;Algún campo sin dato;1;1f05167224221f608497946e65e7d35fc6564ee196923ee03b8080d0ba29f656;26/06/23 2:16;ESCANER
6811;El Progreso;4;Guastatoya;1;737;400;36;5;48;10;2;37;0;0;0;1;9;31;1;0;0;0;1;3;4;2;1;11;202;79;14;295;0;295;--;400;105;295;202;295;295;Algún campo sin dato;1;d3521b2b701b886172a679beba2e7658c1fc168e80fd8ff779ad21e4aceb8288;25/06/23 20:33;ESCANER
6812;El Progreso;4;Guastatoya;1;737;400;32;4;34;14;0;48;0;2;1;0;5;30;0;0;1;2;0;7;11;3;0;13;207;78;12;297;0;297;--;400;103;297;207;297;297;Algún campo sin dato;1;49d6cb06a3d1a8065514e93884db1ae65cf367dd84e2f6b15ae6597c1ef5ec9a;26/06/23 1:34;ESCANER
6813;El Progreso;4;Guastatoya;1;737;400;18;8;48;13;2;43;0;2;0;1;1;31;1;1;2;3;3;6;9;1;0;7;200;79;15;294;0;294;--;400;106;294;200;294;294;Algún campo sin dato;1;46fe3560a33795db29ca0009a88292a7d66dff0522d7a0715c718e8ec2d374c3;26/06/23 1:43;ESCANER
6814;El Progreso;4;Guastatoya;1;737;400;21;2;47;15;2;41;0;1;0;0;4;35;2;1;1;1;5;7;10;5;0;10;210;94;6;310;0;310;--;400;90;310;210;310;310;Algún campo sin dato;1;e542aae6232efc4bb8c6e29bbdd517e9d4ff7989005d70229242ed2ede9c4992;25/06/23 20:28;ESCANER
6815;El Progreso;4;Guastatoya;1;737;400;19;5;46;13;1;36;0;3;0;2;4;41;0;2;3;0;2;8;9;1;0;16;211;82;12;305;0;305;--;401;96;305;211;305;305;Algún campo sin dato;1;957390170aa374031ccc26b5031832e71aba226d454c283a090788f1395d37af;26/06/23 1:52;ESCANER
6816;El Progreso;4;Guastatoya;1;737;400;21;3;47;18;1;43;0;1;0;2;5;36;1;1;2;0;1;5;14;1;0;7;209;93;9;311;0;311;--;400;89;311;209;311;311;Algún campo sin dato;1;c42db0d026c2558c08a5fbc7acbe8f2ec87c3fb31312bc29a28ef9dabfa3529b;25/06/23 22:58;ESCANER
6817;El Progreso;4;Guastatoya;1;737;400;13;6;54;9;0;31;0;1;0;0;3;39;1;0;1;2;1;9;9;0;0;19;198;63;6;267;0;267;--;400;133;--;198;267;267;Algún campo sin dato;1;e72f4cd8b837a052b013a06d03e6b3e7ab0b0f96f1fd6e2dffb98260ff9f8339;26/06/23 0:28;ESCANER
6818;El Progreso;4;Guastatoya;1;737;400;16;4;40;21;1;29;0;0;0;0;8;40;1;0;2;0;0;17;12;2;0;10;203;62;6;271;0;271;--;400;129;271;203;271;271;Algún campo sin dato;1;7760473d558f7cc4d8c25613390b3838104e8d44e54511279d4b741f1922f6e0;25/06/23 20:42;ESCANER
6819;El Progreso;4;Guastatoya;1;737;400;17;5;45;15;0;33;0;3;0;0;3;45;0;1;0;2;1;3;6;5;0;13;197;72;12;281;0;281;--;399;118;281;197;281;281;Algún campo sin dato;1;83ceec1b0d270d86768495bcb5c9a67426472fd9bb624b2f83a0227bed85ce2e;26/06/23 2:05;ESCANER
6820;El Progreso;4;Guastatoya;1;738;400;19;1;52;10;0;18;0;0;0;1;7;45;0;0;3;2;0;9;15;3;0;14;199;72;10;281;0;281;--;400;119;281;199;281;281;Algún campo sin dato;1;3a5a02399b38725fc73e2cd31845717803b90e228c312f78e56a10a2d6be8d33;26/06/23 3:11;ESCANER
6821;El Progreso;4;Guastatoya;1;738;400;19;7;39;11;1;17;0;1;0;1;3;45;2;0;3;0;1;6;9;4;0;15;184;78;10;272;0;272;--;400;128;272;184;272;272;Algún campo sin dato;1;2ecd327a6eae19feaae0e8bd23c82b1e7c17cee0d9ded21b590cd06d907b4483;25/06/23 21:53;ESCANER
6822;El Progreso;4;Guastatoya;1;738;400;22;6;46;9;0;31;0;0;0;0;3;52;0;0;3;0;3;6;8;2;1;18;210;86;8;304;0;304;--;397;93;304;210;304;304;Algún campo sin dato;1;0338dd2c45bfff02122f960017d885d7414c14988e0c44eb29d48706f34a3b6a;25/06/23 21:59;ESCANER
6823;El Progreso;4;Guastatoya;1;738;400;19;0;47;4;1;34;0;1;0;2;1;40;1;1;1;2;2;3;16;4;0;6;185;58;11;254;0;254;--;400;146;254;185;254;254;Algún campo sin dato;1;b91351db6f381e3139d5bd7c6c5b4dd8c94785fc8f8acb40c0dd00749d3081c2;26/06/23 1:47;ESCANER
6824;El Progreso;4;Guastatoya;1;738;400;30;4;53;8;1;34;0;0;0;1;3;40;0;0;3;1;1;13;12;4;0;9;217;80;14;311;0;311;--;405;94;311;217;311;311;Algún campo sin dato;1;d994d735f0c63151e4926642b1ebdd15cc6e5ffbae7ddaac9624aca9552c2efa;26/06/23 2:18;ESCANER
6825;El Progreso;4;Guastatoya;1;738;400;21;7;45;9;0;27;1;3;0;0;4;27;1;0;1;0;2;7;13;3;0;10;181;67;9;257;0;257;--;400;143;257;181;257;257;Algún campo sin dato;1;588b84452882176827d81fb07a8212c70eac2dcbda071dabddecda3fc0646420;26/06/23 0:56;ESCANER
6826;El Progreso;4;Guastatoya;1;739;400;19;2;40;12;0;28;0;1;0;0;3;74;0;0;2;1;1;12;7;1;0;8;211;59;6;276;0;276;--;400;124;276;211;276;276;Algún campo sin dato;1;8b67119f8db879efd345194c5a3bb1ef127ef3579cd5ed505c075568585b6dea;25/06/23 21:51;ESCANER
6827;El Progreso;4;Guastatoya;1;739;400;19;4;48;8;0;33;0;0;1;0;3;73;1;0;0;0;2;6;12;0;0;10;220;58;7;285;0;285;--;400;115;285;220;285;285;Algún campo sin dato;1;072154d2b5ebc4254ec2efeedb35069e8a7c4c6e3a0b66744c574b215b5afb26;25/06/23 21:36;ESCANER
6828;El Progreso;4;Guastatoya;1;739;400;24;0;36;12;0;22;0;0;1;0;2;96;0;0;0;0;0;10;6;0;0;9;218;58;4;280;0;280;--;400;120;280;218;280;280;Algún campo sin dato;1;634d8d636fe284836a3728ccc4075a23653988078c49419762c226bf220c2196;25/06/23 21:12;ESCANER
6829;El Progreso;4;Guastatoya;1;739;400;--;--;--;--;--;--;--;--;--;--;--;--;--;--;--;--;--;--;--;--;--;--;--;--;--;--;--;--;--;--;--;--;;;;Acta ilegible;0;904a67867e001204feeaa63d51504835974537488dc09b2398d1ea85b03534ac;25/06/23 22:05;ESCANER
6830;El Progreso;4;Guastatoya;1;739;400;21;2;27;16;0;25;0;0;0;0;1;73;0;0;0;2;2;3;8;1;0;5;186;57;7;250;0;250;--;400;150;250;186;250;250;Algún campo sin dato;1;a0f2b1d0ada02de5f3fd59358843db60b98380716f64c8e4fad14eb2e0c948fa;25/06/23 22:21;ESCANER
6831;El Progreso;4;Guastatoya;1;739;215;7;3;17;3;1;10;0;0;0;0;1;34;0;0;0;0;1;6;10;0;0;1;94;30;8;132;0;132;--;235;103;132;94;132;132;Algún campo sin dato;1;1237f4f7927ce4d571a791787da9aebcd67608cc952b033cf3adadff104a26ad;25/06/23 21:49;ESCANER
6832;El Progreso;4;Guastatoya;1;739;215;6;1;18;3;0;15;0;0;0;0;2;31;1;0;1;0;1;0;5;0;0;2;86;27;4;117;0;117;--;236;119;117;86;117;117;Algún campo sin dato;1;4e983ee19893415e76e997b89b8a6b1c4bebe534a5a313eb8c4bc3ed1cdec80d;25/06/23 20:45;ESCANER
6833;El Progreso;4;Guastatoya;1;740;400;30;8;63;10;0;34;1;0;0;0;2;22;0;0;2;1;2;3;12;1;0;16;207;72;12;291;0;291;--;400;109;291;207;291;291;Algún campo sin dato;1;d6301497c7f0b93863051d5fdf62bdd761119f58b9a3a89d09b9496818a9cb6c;25/06/23 21:21;ESCANER
6834;El Progreso;4;Guastatoya;1;740;359;25;3;36;6;1;31;1;1;0;0;2;23;1;0;2;1;1;3;9;0;0;6;152;60;23;235;0;235;--;369;134;235;152;235;235;Algún campo sin dato;1;56983ad6774eb66a3b01e2554ce5f2d307e536f364d0b18f10e7bbff723c873e;25/06/23 20:48;ESCANER
6835;El Progreso;4;Guastatoya;1;740;358;23;6;36;7;0;22;0;0;1;0;3;45;0;0;0;0;0;4;11;4;0;8;170;60;11;241;0;241;--;362;121;241;170;241;241;Algún campo sin dato;1;fd426ab17f98de919e5c41e1979f62b358e5ea25c624159990776da5aeefea20;25/06/23 20:11;ESCANER
6836;El Progreso;4;Guastatoya;1;741;400;30;3;22;3;2;25;0;2;1;1;3;9;0;6;3;0;0;2;20;1;0;2;135;102;29;266;0;266;--;400;134;266;135;266;266;Algún campo sin dato;1;76fc8f0aaf178cd891a07702a84a60a5ac6a3e835ad8fb086efd3eeba18b9147;25/06/23 20:23;ESCANER
6837;El Progreso;4;Guastatoya;1;741;287;18;1;17;2;0;10;1;0;0;0;1;9;0;1;1;0;0;2;12;2;1;0;78;44;10;132;0;132;--;297;165;132;78;132;132;Algún campo sin dato;1;a2731a983ce45086442123d0a4dceb41b638c05ed3c2d8eea173af8757f940d6;25/06/23 20:45;ESCANER
6838;El Progreso;4;Guastatoya;1;741;287;16;0;16;7;0;26;0;1;0;0;2;17;0;1;2;1;2;1;4;2;0;3;101;38;6;145;0;145;--;287;142;145;101;145;145;Algún campo sin dato;1;596e57cd9c06cf6735abbe183e5c9ce719eaaad031050cd49b33364e041db77b;25/06/23 20:32;ESCANER
6839;El Progreso;4;Guastatoya;1;742;400;36;2;51;4;1;64;0;2;1;0;0;9;0;2;2;1;0;5;11;0;0;2;193;83;35;311;0;311;--;400;89;311;193;311;311;Algún campo sin dato;1;ef106bbe175cefb19de3a43fd384e19ef199103906ab5cef366a6e5f00058039;25/06/23 21:41;ESCANER
6840;El Progreso;4;Guastatoya;1;742;400;34;5;68;7;0;47;0;1;0;0;5;10;0;1;0;1;2;9;14;2;1;6;213;79;26;318;0;318;--;400;82;318;213;318;318;Algún campo sin dato;1;870be9377c352a705f28f8ae485fc6cb4fd01e6dc2e7c2142c2fc162a9fe593e;25/06/23 21:08;ESCANER
6841;El Progreso;4;Guastatoya;1;742;210;17;1;23;6;2;36;0;0;0;0;1;16;0;0;0;0;0;5;3;0;0;2;112;38;12;162;0;162;--;210;48;162;112;162;162;Algún campo sin dato;1;55d370d70232ca92f5a745fca73514aa53308192e4a2240fe63053425fd0d525;25/06/23 20:36;ESCANER
6842;El Progreso;4;Guastatoya;1;742;210;15;3;36;8;0;23;1;0;0;0;1;18;0;1;0;0;0;5;3;1;0;6;121;34;4;159;0;159;--;210;51;159;121;159;159;Algún campo sin dato;1;0e7960fdad775a3d862ff2bc4f2c43bd786387b7da2e64ad578c9e8dca0a7aa7;25/06/23 21:14;ESCANER
6843;El Progreso;4;Guastatoya;1;743;329;21;3;51;7;0;15;0;0;0;0;1;31;1;0;1;2;1;7;16;4;1;12;174;64;8;246;0;246;--;331;85;246;174;246;246;Algún campo sin dato;1;079ee925a4170634c4aa2a1505c74e6f8f5da14f4bef136d2a0cd0b3c55d5109;25/06/23 20:53;ESCANER
6844;El Progreso;4;Guastatoya;1;743;328;12;1;40;9;3;6;0;0;0;0;2;52;0;1;5;0;0;8;9;1;1;8;158;47;6;211;0;211;--;328;117;211;158;211;211;Algún campo sin dato;1;5b1321a06ac80a3adfb144ec46c3c8a4fdf7d94902caa35704fdd4e1bcab8104;25/06/23 20:41;ESCANER
6845;El Progreso;4;Guastatoya;1;744;380;18;1;53;5;1;65;0;1;0;0;6;13;2;3;3;1;2;10;13;3;1;7;208;69;20;297;0;297;--;380;83;297;208;297;297;Algún campo sin dato;1;1d50282a36933e89fc86b0268b2105d9ae73d17d46982073457c2ba51ad34073;25/06/23 20:14;ESCANER
6846;El Progreso;4;Guastatoya;1;744;380;20;5;32;13;0;71;0;1;2;0;2;14;0;2;3;0;4;7;8;4;0;10;198;89;31;318;0;318;--;380;62;318;198;318;318;Algún campo sin dato;1;4421683c7c0d57d99c831d34a7fb804d86787871a1163413df673ff4d9701839;25/06/23 21:24;ESCANER
6847;El Progreso;4;Guastatoya;1;744;380;15;2;45;11;0;74;1;2;0;0;1;20;0;0;2;1;3;2;11;1;0;5;196;85;40;321;0;321;--;377;56;321;196;321;321;Algún campo sin dato;1;fd8807a5d6d33fb280966f2dbe76c0e32f0dc64973dc236feb7e6d71ff44cc75;25/06/23 21:50;ESCANER
6848;El Progreso;4;Guastatoya;1;744;380;19;2;43;8;1;56;0;3;1;0;3;20;0;0;0;1;1;7;9;2;0;11;187;79;20;286;0;286;--;385;99;286;187;286;286;Algún campo sin dato;1;d443da75d50a6ea8c38207f584d4c8dbf08336f32587a8e34347226b30c29887;25/06/23 19:50;ESCANER
6849;El Progreso;4;Guastatoya;1;744;380;20;1;36;9;0;59;0;1;0;2;3;23;0;0;1;2;2;5;8;1;1;10;184;92;20;296;0;296;--;381;85;296;184;296;296;Algún campo sin dato;1;e24af66ba7efa5cd66a51207d2a0985482d7db06e1dba4a66d3334204dd3d054;25/06/23 20:40;ESCANER
6850;El Progreso;4;Guastatoya;1;744;350;13;0;56;6;0;36;0;0;0;0;0;42;0;0;0;0;1;6;16;0;1;6;183;71;18;272;--;--;--;357;85;272;183;272;272;Algún campo sin dato;1;bfd25cf383f935d2e4860d4ddd47049927d3e7b913690760a4ba86bcb5c19d00;25/06/23 19:46;ESCANER
6851;El Progreso;4;Guastatoya;1;744;350;12;0;38;12;1;51;0;0;0;0;5;55;1;1;0;0;3;3;10;0;0;5;197;69;8;274;0;274;--;350;76;274;197;274;274;Algún campo sin dato;1;5d6a9e5987a6e4fde455f47a738949b14846b2e67eb840ff2b3b6302f35eefe7;25/06/23 22:50;ESCANER
6852;El Progreso;4;Guastatoya;1;745;380;24;3;53;1;0;52;0;0;1;1;4;5;1;0;1;1;3;8;10;1;0;2;171;74;41;286;0;286;--;380;94;380;171;286;286;Algún campo sin dato;1;3f3ce872ee1e821878bb13e773cd7cd02b18b401ab5697a151a4835d02999882;25/06/23 21:47;ESCANER
6853;El Progreso;4;Guastatoya;1;745;378;--;--;--;--;--;--;--;--;--;--;--;--;--;--;--;--;--;--;--;--;--;--;--;--;--;--;--;--;--;--;--;--;;;;Acta ilegible;0;a542d6c06fa67b2c5ebeb8adff7aa56b608b860a5303447ab180f0dcac2bb8d1;25/06/23 22:42;ESCANER
6854;El Progreso;4;Guastatoya;1;745;378;10;0;61;5;0;42;0;0;1;0;1;18;1;0;0;0;0;13;6;2;0;3;163;70;13;246;0;246;--;389;143;246;163;246;246;Algún campo sin dato;1;586b6c9f2585f0a40a499c9ac5e7b1f945b86861e5f3adeba78ed8ee109ab05f;25/06/23 21:13;ESCANER
6855;El Progreso;4;Guastatoya;1;746;380;21;2;48;8;3;42;0;1;0;1;0;16;0;1;0;0;2;3;13;2;0;8;171;103;25;299;0;299;--;385;85;300;171;299;299;Algún campo sin dato;1;4fa99d2748766118ef58581ad6ad5c0fabb95951459d57c1c92dabedaebdae47;26/06/23 3:31;ESCANER
6856;El Progreso;4;Guastatoya;1;746;380;19;5;46;7;0;38;0;2;0;0;3;15;0;2;1;2;1;7;14;3;0;7;172;100;25;297;0;297;--;380;83;297;172;297;297;Algún campo sin dato;1;c1f354e30636afeb74a706eaca3cbf35d1aea8143ae9556c12bbeae4b3f5045e;26/06/23 1:01;ESCANER
6857;El Progreso;4;Guastatoya;1;746;380;21;2;62;12;2;45;1;0;1;0;7;19;2;0;1;0;0;1;11;3;0;5;195;86;24;305;0;305;--;380;75;305;195;305;305;Algún campo sin dato;1;0f279203f8cd03136d57c94e88d51bf7654c2693b08299099f06cc0d45365a85;26/06/23 3:15;ESCANER
6858;El Progreso;4;Guastatoya;1;746;380;14;4;45;8;0;33;0;2;0;0;5;24;1;0;1;0;0;5;9;4;0;7;162;85;14;261;0;261;--;380;119;261;162;261;261;Algún campo sin dato;1;412fcc616445a9f042d81c2ed5257eb39a9cbcd6867b6f49623651932e24a4bc;26/06/23 0:47;ESCANER
6859;El Progreso;4;Guastatoya;1;746;380;23;1;54;11;2;33;0;1;0;0;2;21;0;0;1;2;1;3;8;1;0;10;174;66;16;256;0;256;--;124;124;256;174;256;256;Algún campo sin dato;1;659612615aefb1a412d1dc3e4448286bc1904e5bfdf2d7a0fd131517e2f5b0c8;26/06/23 5:47;ESCANER
6860;El Progreso;4;Guastatoya;1;746;380;20;1;42;10;2;40;0;1;0;1;1;32;0;0;0;0;0;2;11;1;0;7;171;86;8;265;0;265;--;380;114;265;171;265;265;Algún campo sin dato;1;9dc95ce5fdeaab4f449d84c029c658fd8f2ec26ca23034b9b02dec21c4ef90b1;26/06/23 2:54;ESCANER
6861;El Progreso;4;Guastatoya;1;746;380;23;2;43;9;0;46;1;0;0;0;6;16;0;0;1;1;0;4;5;4;0;5;166;80;18;264;0;264;--;385;121;264;166;264;264;Algún campo sin dato;1;6f09ef0686aaf5ee0267225f7f3303d176c2b83e272aa5681dc6d1c74da8ceb6;26/06/23 3:22;ESCANER
6862;El Progreso;4;Guastatoya;1;746;380;17;2;42;12;1;28;0;1;1;0;2;47;2;0;1;0;0;1;12;1;0;6;176;69;12;257;0;257;--;380;123;257;176;257;257;Algún campo sin dato;1;378e66d2a1be3782037e6d43002491108b47da0fade6e2b8f889f48f87d9c985;26/06/23 3:01;ESCANER
6863;El Progreso;4;Guastatoya;1;746;302;10;1;42;9;0;21;0;0;0;1;0;48;0;0;0;1;0;4;6;1;0;5;149;66;4;219;0;219;--;313;94;219;149;219;219;Algún campo sin dato;1;8718cfb857a6fc2275cc75b37ed563b95728b7a0ed201275c7f032d4590616a9;26/06/23 0:04;ESCANER
6864;El Progreso;4;Guastatoya;1;746;302;9;0;20;10;0;19;0;0;0;0;1;30;0;0;0;0;0;2;7;0;1;4;103;57;9;169;0;169;--;313;144;169;103;169;169;Algún campo sin dato;1;4532c150e12e98316419f0f6e2004722380464a758287a98199cd93d427c7147;26/06/23 1:48;ESCANER
6865;El Progreso;4;Guastatoya;1;747;380;23;1;32;1;2;50;0;2;2;2;5;9;3;1;0;0;0;2;7;1;0;2;145;56;39;240;0;240;--;380;140;240;145;240;240;Algún campo sin dato;1;1867c0bc909a3a2dc8127a77187696a57bd9c855e69baf8a6516c7cf69a3cb7b;25/06/23 21:24;ESCANER
6866;El Progreso;4;Guastatoya;1;747;380;28;1;35;2;0;49;0;1;0;0;5;4;6;3;1;0;0;2;5;3;0;1;147;67;51;264;0;264;--;380;116;264;146;264;264;Sumas Asentadas sin cuadrar;1;819aa026ff1d13cd17911481410daab2faa50d2f85880d3150dedd0445e6423b;26/06/23 0:31;ESCANER
6867;El Progreso;4;Guastatoya;1;747;342;20;3;30;2;2;38;1;0;1;1;5;8;1;0;0;0;1;0;7;3;0;1;124;59;33;216;0;216;--;350;134;216;124;216;216;Algún campo sin dato;1;b17ded1ce2d6a1409bb1dafcdfb77bb75f5675475b2de5625acd28f37166777f;25/06/23 21:38;ESCANER
6868;El Progreso;4;Guastatoya;1;747;342;20;1;38;3;0;52;0;0;0;0;6;11;3;2;0;1;1;0;8;0;0;2;148;59;20;227;0;227;--;347;120;227;148;227;227;Algún campo sin dato;1;ec309db3bc990e280072213f9361f31af97955087fe974ee04d04ee2a63e265f;26/06/23 0:23;ESCANER
6869;El Progreso;4;Guastatoya;1;748;468;7;2;17;10;1;6;0;0;0;0;3;21;0;0;1;2;1;7;4;1;0;6;89;32;4;125;0;125;--;474;349;125;89;125;125;Algún campo sin dato;1;e7b487fd52d81af6e6b62bd5dab664b25a6c33a9c99f44475814509e53346a19;26/06/23 1:09;ESCANER
6870;El Progreso;4;Guastatoya;1;748;468;3;1;6;2;1;7;0;1;0;1;0;9;0;0;0;0;0;0;2;0;0;0;33;15;4;52;0;52;--;479;427;52;33;52;52;Algún campo sin dato;1;79f1e02a317628357580f3cd98a9472ec90ffb7b69f6afc368d4417f114ca498;26/06/23 0:49;ESCANER
6871;El Progreso;4;Morazán;2;749;400;18;1;34;3;0;25;1;1;0;0;0;17;0;1;0;0;0;1;18;1;0;4;125;80;23;228;0;228;--;400;172;228;125;228;228;Algún campo sin dato;1;48c60cf395742fda89b7ebe57cc6f1737b2c3b3d4bae6e807f1f37739421c74d;25/06/23 19:52;ESCANER
6872;El Progreso;4;Morazán;2;749;400;21;0;27;1;3;25;1;0;0;0;1;7;0;0;1;1;0;2;18;2;0;4;114;82;39;235;0;235;--;399;164;236;114;235;235;Algún campo sin dato;1;4144bd524b5a5ed85e5a8d29a81b515a75a59d2919ef0ac575dd5bf7bf8e5b14;25/06/23 19:51;ESCANER
6873;El Progreso;4;Morazán;2;749;400;34;2;23;3;1;37;0;2;1;0;3;3;0;0;0;0;4;5;15;2;0;2;137;78;36;251;0;251;--;400;149;252;137;251;251;Algún campo sin dato;1;3e6785e2964e7e235d1818feef1e4d8a3a20a9409011d7a46185c4127c05e443;25/06/23 19:49;ESCANER
6874;El Progreso;4;Morazán;2;749;400;36;2;17;5;3;31;3;3;1;0;1;12;2;3;0;0;3;2;11;3;0;1;139;92;48;279;0;279;--;396;--;278;139;279;279;Algún campo sin dato;1;43d4c4c2b8df3f7c0b3a758cb005180fa65b4dbf8457f9f3d4b35b1e6e562a52;25/06/23 21:05;ESCANER
6875;El Progreso;4;Morazán;2;749;400;28;0;30;2;0;47;4;1;0;0;4;12;0;1;0;1;0;3;20;0;0;3;156;86;47;289;0;289;--;--;--;289;156;289;289;Algún campo sin dato;1;29fc1c4d560635cad7741e6b58a676af64e0983e3864e10f8713c513528a740b;25/06/23 21:05;ESCANER
6876;El Progreso;4;Morazán;2;749;400;24;2;29;0;0;47;0;2;0;0;1;8;0;1;0;1;0;3;27;1;0;2;148;105;50;303;0;303;--;400;97;303;148;303;303;Algún campo sin dato;1;2e8857673e14b5c1b57f6c2afb250b9d3a6ce338bdca01cc278641f979393e35;25/06/23 20:37;ESCANER
6877;El Progreso;4;Morazán;2;750;400;21;2;51;8;0;39;1;0;0;0;0;15;1;1;2;2;0;1;28;0;0;6;178;111;32;321;0;321;--;399;78;321;178;321;321;Algún campo sin dato;1;20d07bfb5932f4a4e3d1ab4135c6b8a18f4620cf2d61ab3163e750de4f29481d;25/06/23 20:58;ESCANER
6878;El Progreso;4;Morazán;2;750;400;29;0;53;3;1;85;3;1;2;0;1;9;0;0;0;1;0;7;17;2;0;5;219;85;28;332;0;332;--;400;68;332;219;332;332;Algún campo sin dato;1;c421e74cf15c0d4ddcb52ef03b776d13f85520418e113a9dbe998e2875b7c479;25/06/23 20:27;ESCANER
6879;El Progreso;4;Morazán;2;750;400;18;1;36;3;0;44;1;0;0;0;2;9;3;1;1;0;0;6;20;2;0;9;156;76;29;261;0;261;--;380;119;261;156;261;261;Algún campo sin dato;1;616af1ccdcf1086d4acf6b5dc6fe3657b479282d5850e938214ed42112e3a45f;25/06/23 21:04;ESCANER
6880;El Progreso;4;Morazán;2;750;400;18;0;19;2;0;23;2;0;1;0;1;7;2;0;1;1;0;6;18;2;0;7;110;85;15;210;0;210;--;400;190;210;110;210;210;Algún campo sin dato;1;4641f30bc6009a88dbc0b2c2eeeb89145460b730872f067c4e8f31b8ee5f3ad6;25/06/23 20:24;ESCANER
6881;El Progreso;4;Morazán;2;750;400;19;0;20;4;1;22;3;0;0;2;3;15;1;0;1;0;0;6;18;1;0;6;122;76;20;218;0;218;--;400;182;218;122;218;218;Algún campo sin dato;1;0e8fbfff64fce6b37655d0b7628e2ddc3c2e7d9e9a9ed73d4dcf5f349e80f1b8;25/06/23 20:19;ESCANER
6882;El Progreso;4;Morazán;2;750;400;20;0;31;5;0;37;1;1;0;0;1;14;0;0;0;1;0;3;13;1;0;3;131;68;12;211;0;211;--;400;189;211;131;211;211;Algún campo sin dato;1;f3304f76e0bb0845840740057de3cf0137e5fe2cca8a693b486654c88f3717c8;25/06/23 20:48;ESCANER
6883;El Progreso;4;Morazán;2;751;400;16;0;31;4;0;42;1;0;0;0;1;40;1;0;0;0;0;2;18;0;0;3;159;75;10;244;0;244;--;400;156;244;159;244;244;Algún campo sin dato;1;a9c60771ecfe3a02a92530edfb0e9e297114e620490c35dc35db2a55c7c8b91f;25/06/23 20:43;ESCANER
6884;El Progreso;4;Morazán;2;751;400;28;1;25;5;2;22;0;1;0;0;1;24;1;0;0;1;0;2;20;0;0;2;135;76;25;236;0;236;--;400;164;236;135;236;236;Algún campo sin dato;1;3094e150937e899139b208aa7c28eff99e3411fcc191981c2502728a2737f17d;25/06/23 20:39;ESCANER
6885;El Progreso;4;Morazán;2;751;337;13;0;16;4;0;17;2;0;0;0;0;29;0;0;0;1;0;2;4;1;0;7;96;76;12;184;0;184;--;345;161;184;96;184;184;Algún campo sin dato;1;3b5fb8c110f6a36947d995626bf4402e7c399a2a2791ccf3d354e1c04672f4e2;25/06/23 20:28;ESCANER
6886;El Progreso;4;Morazán;2;751;337;19;2;13;2;1;7;0;0;0;0;1;21;1;0;0;2;0;2;10;1;0;2;84;65;13;162;--;--;--;338;176;162;84;162;162;Algún campo sin dato;1;754d607d02dd9eb323d3081a4b0ae478858076472a74b7f39e633cbb4f97f800;25/06/23 21:00;ESCANER
6887;El Progreso;4;Morazán;2;752;380;41;0;17;2;1;31;0;0;0;0;0;1;1;0;1;1;1;1;15;3;1;1;118;71;50;239;1;240;--;377;137;240;118;239;240;Algún campo sin dato;1;bedd55f81e3eaad81ef1fe71464cf88f2a0964d1b70818fa901efedd7b44595f;25/06/23 22:55;ESCANER
6888;El Progreso;4;Morazán;2;752;380;41;0;16;8;3;26;0;2;0;0;1;3;0;1;0;1;1;1;22;2;0;0;128;53;92;273;0;273;--;378;104;274;128;273;273;Algún campo sin dato;1;29c401a09cb640d04f066163a2f6afbcfae36edbaa4bac9009df3a54105c603a;25/06/23 20:57;ESCANER
6889;El Progreso;4;Morazán;2;752;380;45;2;13;3;2;32;1;0;1;0;4;4;1;3;0;0;2;1;25;3;0;1;143;62;67;272;0;272;--;380;108;--;143;272;272;Algún campo sin dato;1;16894afb24e60ff8c8443d37974f48ce50d0583069977f50e08df2ec4cc28fd2;25/06/23 19:51;ESCANER
6890;El Progreso;4;Morazán;2;752;380;33;1;21;1;2;48;0;0;0;--;3;6;0;0;0;1;0;2;29;2;0;1;150;91;59;300;0;300;--;380;80;300;150;300;300;Algún campo sin dato;1;61db248145659640bcaa1c6b4cf006e32a644acbcc5b64e8dfc1075e14fb11fe;25/06/23 20:10;ESCANER
6891;El Progreso;4;Morazán;2;752;380;45;0;10;1;1;40;1;0;0;0;0;4;2;1;0;1;0;0;28;3;1;3;141;75;37;253;0;253;--;380;127;253;141;253;253;Algún campo sin dato;1;96fd81bedc6552fc7b010b237540902f98be5ae44bc2e14ef3e8dbbf91d41c53;25/06/23 20:36;ESCANER
6892;El Progreso;4;Morazán;2;752;380;37;1;14;3;1;28;0;0;0;0;1;4;2;0;0;0;0;2;15;1;1;2;112;82;29;223;0;223;--;380;157;223;112;223;223;Algún campo sin dato;1;7f13c15b3433f060cc843613f218f222e3143b2d8066541a42c8c63dc626ff5e;25/06/23 19:36;ESCANER
6893;El Progreso;4;Morazán;2;752;376;43;1;18;4;2;33;0;0;0;1;0;10;3;0;1;0;0;3;25;1;0;0;145;92;22;259;0;259;--;385;127;258;145;259;259;Algún campo sin dato;1;b1024bc4aa4aa0f54147cb284141a13eaddd61eb6eb1368332c14e0720aae71d;25/06/23 21:09;ESCANER
6894;El Progreso;4;Morazán;2;752;375;32;0;16;0;1;34;0;0;0;0;1;9;0;0;1;0;0;1;31;1;0;0;127;78;27;232;0;232;--;375;143;233;127;232;232;Algún campo sin dato;1;b2da8486334d2c5a949cdbc952ad1d088b1a929e9f8eedc007e16c72da01a18c;25/06/23 20:55;ESCANER
6895;El Progreso;4;Morazán;2;753;343;6;1;8;1;0;8;1;1;0;0;0;5;0;0;0;0;1;0;5;1;0;2;40;26;15;81;0;81;--;351;270;81;40;81;81;Algún campo sin dato;1;602f95fd4f5a77893f048017c0a6a49ba54037c10f49f4f1fda87ecc36d0e33a;25/06/23 19:29;ESCANER
6896;El Progreso;4;Morazán;2;753;343;1;0;1;1;0;4;0;0;0;0;0;3;0;0;0;0;0;2;4;0;0;1;17;8;4;29;0;29;--;350;321;29;17;29;29;Algún campo sin dato;1;a8d38834549b4dcd9afce543b93ec3bba03c5f600f323dd4c7c72439ce371f27;25/06/23 20:02;ESCANER
6897;El Progreso;4;San Agustín Acasaguastlán;3;754;400;55;1;26;6;0;10;0;1;2;2;5;9;2;1;2;0;2;10;28;0;3;5;170;76;50;296;0;296;--;401;105;296;170;296;296;Algún campo sin dato;1;39c3677acbb90048f6aeecf12cfbcb654b06df93f4e70d0252487b7f56b09761;26/06/23 0:33;ESCANER
6898;El Progreso;4;San Agustín Acasaguastlán;3;754;400;42;3;29;8;1;9;2;3;2;0;5;12;2;0;4;3;1;3;30;9;1;3;172;92;42;306;0;306;--;--;--;--;172;306;306;Algún campo sin dato;1;808c412125fe7be50c09d9bb03a7aa51c56d629dc1b4cc8d0dbea2bcae5e2668;26/06/23 1:45;ESCANER
6899;El Progreso;4;San Agustín Acasaguastlán;3;754;400;53;0;32;5;2;9;1;0;2;0;6;12;1;0;1;2;1;8;23;5;1;5;169;80;43;292;0;292;--;400;108;292;169;292;292;Algún campo sin dato;1;b1e28f2b3a4169dcf9f81c19637f28c6a87329311f55d829882f8bdd12f2e764;26/06/23 2:52;ESCANER
6900;El Progreso;4;San Agustín Acasaguastlán;3;754;400;68;0;32;3;3;8;1;2;0;0;4;11;4;3;2;4;4;4;28;8;1;9;199;89;25;313;0;313;--;400;87;313;199;313;313;Algún campo sin dato;1;d507e91b736a8be5cbc037ed41b45670ae056aa528586ace8cea91e05b916b8a;26/06/23 2:25;ESCANER
6901;El Progreso;4;San Agustín Acasaguastlán;3;754;400;44;4;23;9;1;7;1;1;0;2;4;15;0;1;2;2;2;9;29;3;3;7;169;94;32;295;0;295;--;400;105;295;169;295;295;Algún campo sin dato;1;b86723e442ff52750bd0caafc26d1bb2a7cea4b96cd46e9e08f9a1696855150f;26/06/23 0:10;ESCANER
6902;El Progreso;4;San Agustín Acasaguastlán;3;754;400;46;0;27;6;1;7;0;0;0;0;8;27;1;0;1;2;1;8;21;6;2;8;172;73;20;265;0;265;--;400;135;265;172;265;265;Algún campo sin dato;1;1ce2d726c389be7da5c617dea0ca09bb246ce54384daa2157ab980ca34dc5731;26/06/23 4:53;MOVIL
6903;El Progreso;4;San Agustín Acasaguastlán;3;754;400;36;3;27;7;0;8;0;3;0;1;2;18;0;1;1;2;2;6;25;4;0;9;155;82;31;268;0;268;--;400;132;268;155;268;268;Algún campo sin dato;1;31f8bc89cfd3fe2b899715e5a0303e18690b4115e15346c009957143b9f809fb;26/06/23 1:33;ESCANER
6904;El Progreso;4;San Agustín Acasaguastlán;3;754;400;60;2;24;5;1;3;0;1;2;0;6;8;0;3;3;1;0;3;21;2;1;7;173;84;37;294;0;294;--;399;105;294;153;274;274;Sumas Asentadas sin cuadrar;1;9f2d2782839d2ee9737c54938a0348ee276239b2248ea2c7113b630ff559b1c8;26/06/23 1:38;ESCANER
6905;El Progreso;4;San Agustín Acasaguastlán;3;754;400;35;1;18;6;4;11;1;3;1;0;4;24;0;0;3;0;0;6;20;1;2;9;149;84;48;281;0;281;--;400;119;281;149;281;281;Algún campo sin dato;1;2c01b105cd0fe585f636284d14c232d1bbc9262049ff79ea84a8a62658c4e9d9;25/06/23 23:39;ESCANER
6906;El Progreso;4;San Agustín Acasaguastlán;3;754;400;50;0;21;7;1;16;0;0;0;3;5;24;2;3;1;3;1;9;20;5;3;10;184;66;41;291;0;291;--;400;109;291;184;291;291;Algún campo sin dato;1;af8e985aefeebaf7f26e43bce37a5325896b9bd6823b6a75929e2adce1e0fa56;26/06/23 0:42;ESCANER
6907;El Progreso;4;San Agustín Acasaguastlán;3;754;400;44;1;26;0;1;8;0;1;3;3;3;16;0;1;2;3;2;4;20;3;1;10;152;38;75;265;0;265;--;403;138;265;152;265;265;Algún campo sin dato;1;4333d3f4ae092e5f808e54c2ceb1c28375d9e1f7ec9cc11b5b13d56b2ca6e6fe;26/06/23 1:57;ESCANER
6908;El Progreso;4;San Agustín Acasaguastlán;3;754;400;37;0;26;4;0;5;0;1;1;0;1;56;1;0;1;1;0;9;20;0;1;7;171;78;21;270;0;270;--;400;130;270;171;270;270;Algún campo sin dato;1;9e455137d15c648505b2be583d6e54350e59f0db013c3a9cb25148c2cfdd36b5;26/06/23 0:02;ESCANER
6909;El Progreso;4;San Agustín Acasaguastlán;3;754;400;38;0;18;7;0;6;0;3;1;1;4;69;0;0;0;0;1;6;18;0;4;13;189;63;12;264;1;265;--;400;135;264;189;264;265;Algún campo sin dato;1;d68379a6ec4c30077171ff1094340ff103d031d748e3e39e7c1f3ac339b94c1c;25/06/23 23:25;ESCANER
6910;El Progreso;4;San Agustín Acasaguastlán;3;754;400;42;1;29;5;2;14;1;1;2;0;3;69;0;0;1;3;0;5;32;0;1;3;214;47;26;287;0;287;--;400;113;287;214;287;287;Algún campo sin dato;1;309eeeae335984fd55ee82e61fc1c194727a57634a2dce62a3387171c151deb7;26/06/23 1:27;ESCANER
6911;El Progreso;4;San Agustín Acasaguastlán;3;754;206;22;2;20;2;0;5;0;0;0;0;3;25;0;0;1;0;0;0;13;0;0;1;94;40;13;147;0;147;--;206;59;147;94;147;147;Algún campo sin dato;1;65aa9334b6e4bca714fb020cae3b91343001898f217347bf94ffd46365c1636f;25/06/23 23:09;ESCANER
6912;El Progreso;4;San Agustín Acasaguastlán;3;754;206;19;1;16;2;1;5;0;0;0;0;0;25;2;1;0;0;0;2;8;1;1;0;84;31;11;126;0;126;--;206;80;126;84;126;126;Algún campo sin dato;1;08e3010e9ff4f1f4f6fb52a76dfa778021d2c91a1263b1f60a5214813284b889;25/06/23 21:06;ESCANER
6913;El Progreso;4;San Agustín Acasaguastlán;3;755;400;112;1;19;5;1;17;1;2;3;0;4;3;2;3;1;0;3;2;5;6;1;1;192;74;44;310;0;310;--;400;90;310;192;310;310;Algún campo sin dato;1;274c3a6bdafed616acebc3b991db47d3584844a9a3ede8d67a3ee3460222d3a1;26/06/23 0:14;ESCANER
6914;El Progreso;4;San Agustín Acasaguastlán;3;755;400;89;3;12;2;3;19;2;1;0;0;8;2;0;2;0;0;0;2;15;4;3;2;169;68;36;273;0;273;--;400;127;273;169;273;273;Algún campo sin dato;1;c307754f9c86e89afdabc73be94653386c542680c9e19e8f9dd8b839d30d28b9;26/06/23 0:02;ESCANER
6915;El Progreso;4;San Agustín Acasaguastlán;3;755;394;88;0;10;2;2;16;0;3;3;1;1;1;1;1;2;0;1;4;8;1;2;0;147;75;52;274;0;274;--;403;129;274;147;274;274;Algún campo sin dato;1;5254149a0278ab60eab5599bbe7074ec1166b4292f827109274b4ab39064155f;26/06/23 0:26;ESCANER
6916;El Progreso;4;San Agustín Acasaguastlán;3;755;394;78;0;5;2;1;24;0;1;1;0;0;7;1;0;0;1;0;1;13;0;0;1;136;61;21;218;0;218;--;394;176;218;136;218;218;Algún campo sin dato;1;e37902eb1ebfc5d5ce3c7bd66e455f575cd7844ec1d2c9e15fccc2dd7de18ada;26/06/23 0:08;ESCANER
6917;El Progreso;4;San Agustín Acasaguastlán;3;756;294;62;0;16;8;1;6;0;3;2;1;3;15;0;1;0;1;0;2;25;2;1;6;155;13;10;178;27;205;--;321;116;205;155;178;205;Algún campo sin dato;1;2eec6ff99c29eb102c2213f16e42491af511464c8c2da1aec645251afbe6ece6;26/06/23 0:20;ESCANER
6918;El Progreso;4;San Agustín Acasaguastlán;3;756;294;58;2;26;3;3;3;1;2;0;1;1;24;0;0;2;0;1;1;16;3;0;7;154;29;12;195;0;195;--;303;108;195;154;195;195;Algún campo sin dato;1;44a800a3a4d7f10436bbd046845abe5f0890a6386968686ecbe4fe581be970b6;25/06/23 20:39;ESCANER
6919;El Progreso;4;San Agustín Acasaguastlán;3;757;270;47;2;21;2;0;6;0;0;1;0;3;3;1;2;0;1;0;2;9;2;1;2;105;49;40;194;0;194;--;270;76;194;105;194;194;Algún campo sin dato;1;c12f1d4e8a58174d6429605f0b707684620db53160bb8c491ae06ac3fba94787;25/06/23 20:22;ESCANER
6920;El Progreso;4;San Agustín Acasaguastlán;3;757;270;45;2;29;5;0;3;0;0;0;0;2;8;1;1;0;0;2;2;26;1;0;2;129;51;30;210;0;210;--;277;67;210;129;210;210;Algún campo sin dato;1;2f252197cc1b613e0840cbded38537b2245869472c57b45f8909672abe1d2b2f;25/06/23 19:57;ESCANER
6921;El Progreso;4;San Agustín Acasaguastlán;3;758;380;36;2;25;7;1;50;0;0;1;0;3;10;0;1;0;1;0;2;24;1;3;1;168;97;33;298;0;298;2;380;67;298;168;298;298;;1;eedae7672cd0712de9ac198ad698a5ccf628fc4145e39d45f0c83d059161593f;26/06/23 1:24;ESCANER
6922;El Progreso;4;San Agustín Acasaguastlán;3;758;380;59;5;15;8;0;31;0;0;1;0;3;11;1;0;0;1;0;4;24;2;4;5;174;92;39;305;0;305;--;380;75;305;174;305;305;Algún campo sin dato;1;a4624d9e302540b06aa786f63d319fcb76e69a4da545e2ad3f8327abccbdf45a;25/06/23 23:41;ESCANER
6923;El Progreso;4;San Agustín Acasaguastlán;3;758;380;59;0;11;8;1;51;0;0;1;1;3;12;0;1;2;1;0;2;27;1;4;1;186;84;32;302;0;302;--;380;78;302;186;302;302;Algún campo sin dato;1;89de029310647ca46f16bd68fd2a158d33cbba5b8e4611edf9f6925bd7f0ed46;25/06/23 23:34;ESCANER
6924;El Progreso;4;San Agustín Acasaguastlán;3;758;380;52;4;13;9;2;36;1;1;0;1;6;18;1;3;0;0;0;3;25;2;3;7;187;80;34;301;0;301;--;380;79;301;187;301;301;Algún campo sin dato;1;172bd21ae39902271ec31ca2154bcfc70b409ec4393be597046fa75c014aa8fb;26/06/23 0:02;ESCANER
6925;El Progreso;4;San Agustín Acasaguastlán;3;758;380;50;3;24;9;0;38;1;3;0;1;4;16;1;2;0;0;2;2;19;1;3;6;185;86;19;290;0;0;--;380;90;290;185;290;290;Algún campo sin dato;1;90296f538af573fceb0be8ed60f0fdba9dc2cdc6abd3f74d0cdf2c6ab30ad2d8;26/06/23 2:18;ESCANER
6926;El Progreso;4;San Agustín Acasaguastlán;3;758;380;41;0;14;8;1;38;0;0;0;0;2;16;0;0;1;0;0;6;19;0;0;7;153;55;17;225;27;252;--;380;128;252;153;225;252;Algún campo sin dato;1;d6114ab596bd63e5ea995a02f8a16339e0e2b130ac9e0b7fa1af2a3a40f65052;26/06/23 0:28;ESCANER
6927;El Progreso;4;San Agustín Acasaguastlán;3;758;380;49;0;19;3;1;46;1;0;0;0;3;17;0;1;2;2;0;1;19;1;2;6;173;76;29;278;--;--;--;379;101;278;173;278;278;Algún campo sin dato;1;2dcec09714e6f926e149cb8d15123efd16f028d1b2e997619aa85c6ec222c249;25/06/23 22:59;ESCANER
6928;El Progreso;4;San Agustín Acasaguastlán;3;758;380;39;1;12;10;2;41;2;1;0;0;7;13;0;0;2;1;1;4;22;2;3;10;173;79;19;271;--;--;--;380;109;271;173;271;271;Algún campo sin dato;1;c3541e16dea311faea779e2edf023bf4c3cb15e0465975894b9223fbb14d06a4;26/06/23 0:35;ESCANER
6929;El Progreso;4;San Agustín Acasaguastlán;3;758;380;40;3;14;6;2;49;0;1;0;0;1;15;0;0;3;4;0;5;24;4;3;6;180;68;15;263;0;263;--;380;117;263;180;263;263;Algún campo sin dato;1;1daaeab5a904f7ec4a99d2df31021de0f67b1f65fb58a914ae7bc54b5198f3c7;26/06/23 0:41;ESCANER
6930;El Progreso;4;San Agustín Acasaguastlán;3;758;380;41;2;14;7;2;33;0;1;0;0;4;12;1;3;0;0;1;3;14;1;2;6;147;86;45;278;0;278;--;380;102;278;147;278;278;Algún campo sin dato;1;d808ef150a530056d9484f0239f5eeb4bda03b19010ac342c78a19566188fd0c;26/06/23 1:33;ESCANER
6931;El Progreso;4;San Agustín Acasaguastlán;3;758;380;41;3;16;10;0;38;0;0;0;0;0;9;0;0;0;0;0;0;25;0;1;7;168;58;39;265;5;270;0;383;113;272;150;247;252;Sumas Asentadas sin cuadrar;1;76ce0c8eb6221d5a27b8a0d23a8626f2dd40e8dc6ea618bf1cee55fbbbb96210;26/06/23 3:58;ESCANER
6932;El Progreso;4;San Agustín Acasaguastlán;3;758;380;35;1;20;8;2;42;1;1;0;0;3;12;1;2;2;1;2;2;16;1;1;2;155;81;40;276;0;276;--;380;104;276;155;276;276;Algún campo sin dato;1;ab2970eca3bc60f3d4ea0b4922801bf9eacbb421c28617fd8558ca76a17d29df;26/06/23 2:12;ESCANER
6933;El Progreso;4;San Agustín Acasaguastlán;3;758;380;47;2;14;2;1;32;0;0;0;1;4;20;1;0;0;0;1;3;24;0;1;3;156;69;23;248;0;248;--;381;133;248;156;248;248;Algún campo sin dato;1;4042314e64ae1eff07e576e9e4d023e459b8658a15e60182f4758b8618dd0624;26/06/23 0:53;ESCANER
6934;El Progreso;4;San Agustín Acasaguastlán;3;758;380;51;2;16;7;2;30;1;0;0;0;3;31;1;1;0;1;0;8;21;1;0;2;178;83;18;279;0;279;0;380;102;380;178;279;279;;1;4f344d93031b03a8f98ae82eab0ae185ba4503397f1a1210aab0124e77bcf3bb;26/06/23 1:44;ESCANER
6935;El Progreso;4;San Agustín Acasaguastlán;3;758;380;34;3;13;11;2;38;0;0;0;0;4;39;0;1;0;0;2;2;25;0;1;8;183;93;17;293;0;293;--;369;76;293;183;293;293;Algún campo sin dato;1;b145587e3effbe22ea0c6ba81d1a11e62b0b13d822291e71b6934680354f6bec;26/06/23 2:29;ESCANER
6936;El Progreso;4;San Agustín Acasaguastlán;3;758;314;51;1;13;7;2;22;1;0;0;0;3;20;0;1;0;0;0;0;18;1;3;4;147;74;14;235;0;235;--;320;100;235;147;235;235;Algún campo sin dato;1;f3308bec2923e132f3e8f18350b246deda2bdbb939636fd59c30d626b1f4c3a4;26/06/23 2:07;ESCANER
6937;El Progreso;4;San Agustín Acasaguastlán;3;758;313;26;0;18;7;1;35;0;1;0;0;2;19;0;0;0;0;0;0;12;0;1;4;126;42;13;181;18;199;--;325;126;199;126;181;199;Algún campo sin dato;1;e6855b861f685d64292eff6fccba21d3d1b6dc090768f2883dd6df535e38c000;26/06/23 1:51;ESCANER
6938;El Progreso;4;San Agustín Acasaguastlán;3;759;380;85;2;20;3;2;13;0;2;1;0;0;2;1;1;0;2;1;2;10;4;2;1;154;64;33;251;0;251;--;381;130;250;154;251;251;Algún campo sin dato;1;cbbe3c3a6c1afac6ba9279d23e914e142eeddd487770f0a489cafa399485dc2e;26/06/23 1:06;ESCANER
6939;El Progreso;4;San Agustín Acasaguastlán;3;759;380;89;1;8;4;1;11;0;2;0;1;1;7;0;0;0;0;0;3;7;3;0;1;139;49;51;239;0;239;--;386;147;239;139;239;239;Algún campo sin dato;1;c897ad8389232e229680a511f64f8c9d05a8dd874ac0cc742a527dd3447072e3;25/06/23 23:37;ESCANER
6940;El Progreso;4;San Agustín Acasaguastlán;3;759;380;106;5;9;5;2;4;0;1;0;0;1;5;1;1;1;0;2;0;9;6;0;1;159;48;30;237;0;237;--;380;143;237;159;237;237;Algún campo sin dato;1;57ee0c855859330fae9c35148e6ca93e7aca2181b53c28212b6be5e3eb9a7579;26/06/23 0:00;ESCANER
6941;El Progreso;4;San Agustín Acasaguastlán;3;760;380;96;0;15;1;1;6;1;0;0;0;2;9;0;0;0;1;0;4;13;6;0;4;159;38;26;223;0;223;--;380;157;223;159;223;223;Algún campo sin dato;1;371e2cb6900b13e7b12a6b25214d178df725401dede1dac1e8b49acefe6b3305;26/06/23 1:05;ESCANER
6942;El Progreso;4;San Agustín Acasaguastlán;3;760;380;115;3;10;1;0;12;1;0;1;0;1;4;1;0;0;0;1;0;19;2;1;2;174;40;48;262;0;262;--;380;118;262;174;262;262;Algún campo sin dato;1;759f47bc6ad822fc9bcbeaedef591aa26020a89c096c7ccaa81c0cad5506fede;26/06/23 0:22;ESCANER
6943;El Progreso;4;San Agustín Acasaguastlán;3;760;380;129;2;10;1;0;13;0;0;1;0;2;2;3;1;1;0;0;1;5;1;0;0;172;32;41;245;0;245;--;381;136;245;172;245;245;Algún campo sin dato;1;f5bfc7b2bb394b43432fd732053eb4dc38cfe4b5fe49f33b9038b4be820af0c2;26/06/23 4:47;ESCANER
6944;El Progreso;4;San Agustín Acasaguastlán;3;760;380;69;0;9;3;0;12;0;0;0;0;1;3;0;0;0;1;1;0;4;2;0;2;107;48;51;206;0;206;--;385;179;206;107;206;206;Algún campo sin dato;1;3de32da147e5462f380e4c1bf0154694c26439f687fdd2bdb760fec2c1029123;25/06/23 23:10;ESCANER
6945;El Progreso;4;San Agustín Acasaguastlán;3;760;380;80;1;7;1;0;4;0;1;1;1;1;7;0;0;0;1;0;1;9;2;0;1;118;45;45;208;0;208;--;398;190;207;118;208;208;Algún campo sin dato;1;42f50433617a52463bd06f8cff5a89d3ee2c8f6136f77be5fe563d2ab34ef162;26/06/23 2:04;ESCANER
6946;El Progreso;4;San Agustín Acasaguastlán;3;760;380;83;0;13;1;2;8;0;0;2;0;1;4;1;0;0;0;0;1;6;3;0;1;126;39;46;211;0;211;--;380;169;211;126;211;211;Algún campo sin dato;1;5cf7fb7f5b18a5fbc8d9919bd980ff6433e429a4f85b1aab711b18c6d832b59f;25/06/23 23:19;ESCANER
6947;El Progreso;4;San Agustín Acasaguastlán;3;760;380;78;0;12;0;1;10;0;0;0;0;0;2;0;0;1;1;0;2;16;4;0;1;128;31;36;195;0;195;--;400;205;195;128;195;195;Algún campo sin dato;1;8532290c48bc8b30413032fd322ecbc20a613ffa52057fd65c47c3a4ca6a9ee9;26/06/23 2:57;ESCANER
6948;El Progreso;4;San Agustín Acasaguastlán;3;760;380;69;2;9;2;1;8;0;0;2;0;0;2;2;0;0;0;0;1;5;2;0;2;107;36;37;180;0;180;--;385;205;180;107;180;180;Algún campo sin dato;1;d39fccbe7929832f75d35dfd2dff3c91b308629802143cd75c8488a0105e97c3;25/06/23 23:57;ESCANER
6949;El Progreso;4;San Agustín Acasaguastlán;3;760;380;65;3;5;1;0;11;0;0;0;1;1;11;1;0;0;0;0;1;11;2;0;0;113;35;27;175;0;175;--;380;205;175;113;175;175;Algún campo sin dato;1;0a7015d0e94a1400eeb07ebfec580e24d14deb170ff3bead4922c1591480be94;26/06/23 1:55;ESCANER
6950;El Progreso;4;San Agustín Acasaguastlán;3;760;380;90;0;8;2;0;6;1;0;0;0;0;5;0;0;0;0;0;0;11;1;0;0;124;42;11;177;0;177;--;380;203;177;124;177;177;Algún campo sin dato;1;8243de16b3567c6e308270eacb9cf91dffcd991ca13fdcb3bd6959fed6d06d03;26/06/23 1:36;ESCANER
6951;El Progreso;4;San Agustín Acasaguastlán;3;760;226;43;0;10;1;0;10;0;0;0;0;1;4;0;0;1;0;1;1;7;0;0;2;81;23;11;115;0;115;--;223;108;115;81;115;115;Algún campo sin dato;1;423ce93c6499a3cb4325be53ba8aaedc81b817e7543e92ef77edb3a9eee162ce;25/06/23 23:43;ESCANER
6952;El Progreso;4;San Agustín Acasaguastlán;3;760;225;40;0;4;3;0;7;0;0;0;0;0;5;0;2;1;0;0;1;4;0;0;1;68;21;15;104;0;104;--;225;121;104;68;104;104;Algún campo sin dato;1;c4b0a7d47f37ddbd92b4c3e7cae8337e8c2ab02d9df94bb71b83d28755ee9f02;26/06/23 0:29;ESCANER
6953;El Progreso;4;San Agustín Acasaguastlán;3;761;380;49;0;11;6;0;14;0;1;0;0;1;10;3;0;0;3;2;2;17;7;0;2;128;80;29;237;0;237;--;385;148;237;128;237;237;Algún campo sin dato;1;dc8b1da603de2f716c9ffcb6f1f39a452f8449a8a65aeeed5b8d826edf26a4ce;25/06/23 22:47;ESCANER
6954;El Progreso;4;San Agustín Acasaguastlán;3;761;380;56;0;18;7;2;5;1;2;0;0;2;4;0;0;1;2;2;2;21;4;2;7;138;57;36;231;0;231;--;381;150;231;138;231;231;Algún campo sin dato;1;4d577f4e95b609597771350c5163bd820a5e8e0f86444331798a989751221936;25/06/23 23:39;ESCANER
6955;El Progreso;4;San Agustín Acasaguastlán;3;761;380;51;1;15;9;1;16;0;1;1;0;1;6;0;5;2;1;2;6;14;3;1;3;139;71;40;250;0;250;--;380;130;250;139;250;250;Algún campo sin dato;1;8bd6ea437ed62ca7c1ca77bc5f3b22300920292ef45abf8fd51514568c8c4267;26/06/23 0:52;ESCANER
6956;El Progreso;4;San Agustín Acasaguastlán;3;761;380;56;14;14;9;2;15;3;2;0;0;0;9;1;3;1;2;0;1;15;0;0;4;138;56;36;230;0;230;--;380;150;230;151;243;243;Sumas Asentadas sin cuadrar;1;6e795ca3412ac91372c89b7f89df737d5742597253392ba3ffce7b1ae794be4c;26/06/23 0:13;ESCANER
6957;El Progreso;4;San Agustín Acasaguastlán;3;761;380;37;2;15;9;1;11;0;2;0;2;3;14;1;3;1;1;2;2;20;7;0;6;139;90;26;255;0;255;--;380;125;255;139;255;255;Algún campo sin dato;1;67d62be6da5ceb73ccfd2d18059bdcfd8a8b5f3dc4b58e78957d9a04cf60f15c;26/06/23 0:43;ESCANER
6958;El Progreso;4;San Agustín Acasaguastlán;3;761;380;26;0;12;5;1;9;0;1;0;0;8;12;1;0;1;0;1;8;22;1;4;6;118;65;13;196;0;196;--;380;184;196;118;196;196;Algún campo sin dato;1;9e4a2986f6564899776b8cc3694f1d1c611f0130e2ff93115de8fab83d295eb0;26/06/23 0:24;ESCANER
6959;El Progreso;4;San Agustín Acasaguastlán;3;761;380;44;1;9;5;1;10;0;0;0;0;7;11;0;1;0;2;0;2;18;3;2;3;119;82;25;226;0;226;--;380;154;226;119;226;226;Algún campo sin dato;1;7ce5f7a7ed86f1f9d72e4dcd9e6a97dfdc79e94ef4293510235e9577aa159dce;26/06/23 0:47;ESCANER
6960;El Progreso;4;San Agustín Acasaguastlán;3;761;380;36;2;12;7;2;10;0;0;1;0;2;12;2;1;4;4;0;1;17;5;2;2;122;81;40;243;0;243;--;384;141;243;122;243;243;Algún campo sin dato;1;1fe1aea4b99bf69787a18a71eb24e53f433280c96695a7e4b190eb907080312f;26/06/23 1:21;ESCANER
6961;El Progreso;4;San Agustín Acasaguastlán;3;761;380;50;3;16;5;3;5;0;0;0;0;1;19;1;1;0;2;0;2;16;3;1;2;130;56;35;221;0;221;--;380;159;221;130;221;221;Algún campo sin dato;1;f92317a0c9dc48c433f3241dfe4a9e8ca27e77c6a66f71614b8d5bf08282fdd6;25/06/23 23:48;ESCANER
6962;El Progreso;4;San Agustín Acasaguastlán;3;761;380;31;1;12;1;1;9;0;2;0;1;2;17;1;1;0;1;0;8;10;1;1;4;104;58;25;187;0;187;--;379;192;187;104;187;187;Algún campo sin dato;1;1c010af0ffa3b34007f65c1bddc4123684c9fe005a08a7d0ac90821714c1d414;25/06/23 23:12;ESCANER
6963;El Progreso;4;San Agustín Acasaguastlán;3;761;380;26;0;10;2;4;7;1;0;1;0;4;17;0;0;0;1;1;2;18;1;1;9;105;67;16;188;0;188;--;380;192;188;105;188;188;Algún campo sin dato;1;f4aa393543b4f99262b56f5a163b678ccb96c974798600eca0d89690922dfa57;26/06/23 0:23;ESCANER
6964;El Progreso;4;San Agustín Acasaguastlán;3;761;380;60;1;11;5;0;7;0;1;0;1;0;30;1;0;1;0;0;5;22;3;1;1;150;53;17;220;0;220;--;380;160;220;150;220;220;Algún campo sin dato;1;b36e02928d378c9c59a39edd2326bc5002d73f214c2f8e3d39b7a91799ab1a05;26/06/23 1:08;ESCANER
6965;El Progreso;4;San Agustín Acasaguastlán;3;761;227;33;0;4;7;1;6;0;0;0;0;1;15;0;0;1;0;0;0;13;0;0;2;83;21;19;123;0;123;--;227;104;123;83;123;123;Algún campo sin dato;1;5675e598eb1fc1ba5a0d3f6bc306aa9a39e519ed365f3f4ffa2c1e4e41234b96;25/06/23 22:35;ESCANER
6966;El Progreso;4;San Agustín Acasaguastlán;3;761;227;25;0;2;4;1;6;0;1;0;0;1;13;3;1;0;1;0;1;8;0;0;1;68;24;9;101;0;101;--;233;132;101;68;101;101;Algún campo sin dato;1;995e6706d7d03a46b698fb1f7af77fc5580d2b2c6e567f1a82bd2f7537546687;25/06/23 22:41;ESCANER
6967;El Progreso;4;San Agustín Acasaguastlán;3;762;600;36;0;19;4;2;13;0;3;4;1;1;9;3;1;0;0;0;2;7;5;1;3;114;52;24;190;0;190;--;608;418;--;114;190;190;Algún campo sin dato;1;ebe165da7373061d743e5b51fd28da5c272365b86be18c560d49c4680d20a6e2;25/06/23 19:45;ESCANER
6968;El Progreso;4;San Agustín Acasaguastlán;3;762;305;16;1;10;1;0;0;0;1;0;0;0;6;0;0;0;0;0;5;5;2;1;3;51;14;14;79;0;79;--;313;234;79;51;79;79;Algún campo sin dato;1;df066bb96eec044632d2baccfc034dafcad2d399c588d09c22bfc32cf9eb8ee2;25/06/23 19:56;ESCANER
6969;El Progreso;4;San Agustín Acasaguastlán;3;762;304;5;0;5;1;1;2;0;0;0;1;0;1;1;1;0;0;1;2;1;2;0;1;25;5;4;34;0;34;--;315;281;34;25;34;34;Algún campo sin dato;1;cdc28be86170124bcbd7fc111e819d9a6a21709c3ccd0235efb6cfd6959a1535;25/06/23 19:11;ESCANER
6970;El Progreso;4;San Cristóbal Acasaguastlán;4;763;400;46;4;14;19;0;28;0;3;0;2;1;17;0;1;0;1;0;9;15;2;0;6;168;75;30;273;0;273;--;400;127;273;168;273;273;Algún campo sin dato;1;e6e48d014f797ddc57fbe01ad901d4a651abe59347bc9fc4e7dac16e4e4e73bf;25/06/23 21:04;ESCANER
6971;El Progreso;4;San Cristóbal Acasaguastlán;4;763;400;53;0;12;21;1;39;0;3;1;0;3;13;0;1;0;1;0;4;13;0;0;7;172;96;34;302;--;302;--;400;98;302;172;302;302;Algún campo sin dato;1;af29e2166f042683837a80ea09a6cb1ec3141f0f891339406097bac2095918b3;25/06/23 22:07;ESCANER
6972;El Progreso;4;San Cristóbal Acasaguastlán;4;763;400;48;0;13;19;0;20;1;1;0;0;0;15;1;2;0;2;0;14;16;6;0;9;167;107;25;299;0;299;--;400;101;299;167;299;299;Algún campo sin dato;1;efb4bff61ec1e25bc8bd39d10730c2f97b413af19a0ef2bb2a04d2d1187b0414;25/06/23 20:42;ESCANER
6973;El Progreso;4;San Cristóbal Acasaguastlán;4;763;400;43;1;23;12;0;22;1;0;1;1;6;21;0;2;0;1;0;9;11;1;1;11;167;87;13;267;0;267;--;200;665;267;167;267;267;Algún campo sin dato;1;310ebd02e1393cd3370341b18d96de61c5e0b2b146d00c7fbf6b38378184a6d0;25/06/23 21:17;ESCANER
6974;El Progreso;4;San Cristóbal Acasaguastlán;4;763;400;40;2;8;12;3;19;0;3;1;0;3;22;0;1;2;4;2;6;14;2;1;10;155;98;21;274;0;274;--;400;126;274;155;274;274;Algún campo sin dato;1;b9b1232743fe09b0357e3cdeb7c1271bbdc4b63f1b30c0c33b59131b0f972647;25/06/23 21:41;ESCANER
6975;El Progreso;4;San Cristóbal Acasaguastlán;4;763;223;22;1;7;9;0;13;0;0;0;0;2;28;0;0;0;0;0;5;7;1;1;11;107;34;7;148;13;161;--;223;62;161;107;148;161;Algún campo sin dato;1;875fe0255a2e8d047ff88354ceb661ffbdd18c6a2b4675a35a167b28ed152ab8;25/06/23 21:24;ESCANER
6976;El Progreso;4;San Cristóbal Acasaguastlán;4;763;223;25;0;7;11;0;7;0;0;1;0;1;16;1;0;0;0;0;2;9;1;0;4;85;23;8;116;16;132;--;228;96;132;85;116;132;Algún campo sin dato;1;b774deaab0e6a09e01ca9d48983125905fd8c8eb2d8ed5155192307cc42df7ec;25/06/23 20:16;ESCANER
6977;El Progreso;4;San Cristóbal Acasaguastlán;4;764;380;64;2;12;12;0;55;0;1;0;0;2;8;0;2;4;0;1;3;12;3;0;2;183;51;38;272;0;272;--;386;114;272;183;272;272;Algún campo sin dato;1;1e9600e6f5412badd809a939b412f5b5a2f7a3f9f0f39202463a92aad0014402;25/06/23 21:23;ESCANER
6978;El Progreso;4;San Cristóbal Acasaguastlán;4;764;380;63;1;11;9;1;69;0;0;0;0;3;8;2;1;1;3;0;4;7;1;0;2;186;45;65;296;0;296;--;380;84;296;186;296;296;Algún campo sin dato;1;1b7f42713b07a1e0cfaaee9ab4dd377fcab74dbd0616ed6559a1cff0d95beaa2;25/06/23 21:25;ESCANER
6979;El Progreso;4;San Cristóbal Acasaguastlán;4;764;380;50;2;12;9;0;69;0;1;1;0;1;12;0;0;1;0;0;3;13;3;1;6;184;58;38;280;0;280;--;390;110;280;184;280;280;Algún campo sin dato;1;54454ee435a6957cbb3083b066f96282816a626c2252c3fe2b1b36b4722c462b;25/06/23 21:19;ESCANER
6980;El Progreso;4;San Cristóbal Acasaguastlán;4;764;380;29;0;3;5;1;88;0;0;0;0;3;12;1;2;1;1;4;8;17;1;0;5;181;76;38;295;20;315;--;380;65;315;181;295;315;Algún campo sin dato;1;1888beaba6d5c0a3e13f8bce695b1defcfdcff41f380c116084129883a4bdc3b;25/06/23 21:58;ESCANER
6981;El Progreso;4;San Cristóbal Acasaguastlán;4;764;380;33;1;17;8;0;59;0;2;0;1;1;10;2;0;2;1;0;4;20;2;0;4;167;48;29;244;20;264;--;381;117;264;167;244;264;Algún campo sin dato;1;8c82e2e3c263db644b2c560b9f2c74e6d4c5bda5ae73b7f29511b3638d1bbec2;25/06/23 21:32;ESCANER
6982;El Progreso;4;San Cristóbal Acasaguastlán;4;764;380;34;1;13;9;0;55;0;0;0;1;4;12;1;0;1;1;0;4;19;2;0;6;163;67;26;256;0;256;--;385;129;256;163;256;256;Algún campo sin dato;1;38a408de21f4e54da8a3baca565e9847f80a4c28d235b296d2b4e87fe8599471;25/06/23 20:44;ESCANER
6983;El Progreso;4;San Cristóbal Acasaguastlán;4;765;380;34;0;8;11;1;60;0;0;0;1;2;27;0;1;1;1;1;4;13;2;1;1;169;54;29;252;0;252;--;381;129;252;169;252;252;Algún campo sin dato;1;f630619fb12832b9f6d0f92f2e22334f7bfd0a818f903cf5f2ada1389d23708d;25/06/23 21:27;ESCANER
6984;El Progreso;4;San Cristóbal Acasaguastlán;4;765;273;32;1;5;7;0;49;0;1;0;0;2;23;2;0;0;0;3;4;11;0;0;1;141;12;17;170;27;197;--;276;79;197;141;170;197;Algún campo sin dato;1;d138ad224ff86ea2aea904bd1b8099cec9fc80a617b7cc472309bd0fbf9ad46b;25/06/23 20:40;ESCANER
6985;El Progreso;4;San Cristóbal Acasaguastlán;4;765;272;25;0;2;7;0;48;0;0;0;0;0;20;1;0;0;0;0;2;8;0;0;3;116;38;17;171;0;171;--;272;101;171;116;171;171;Algún campo sin dato;1;b78b8a1f7cb93f4fc7ad3c72655887cfe190f2f2ae67b0ffed1b9048ae405ce1;25/06/23 20:01;ESCANER
6986;El Progreso;4;San Cristóbal Acasaguastlán;4;766;281;3;0;7;6;0;10;0;0;0;0;0;5;0;1;0;0;0;1;2;0;1;2;38;12;5;55;0;55;--;285;230;285;38;55;55;Algún campo sin dato;1;baaa2b809c96116c4c15104a9953f195af73dd0fe28c769fb2a1c31284ad3bb0;25/06/23 21:00;ESCANER
6987;El Progreso;4;El Jícaro;5;767;400;41;3;11;5;1;58;1;1;0;0;3;12;0;0;1;1;1;4;17;1;0;7;106;62;33;201;0;201;--;397;138;262;168;263;263;Sumas Asentadas sin cuadrar;1;67765d1176d25b0e05f9beafff12658a6a9a2f2a9d7b525aa6b0a466b11c583c;25/06/23 20:59;ESCANER
6988;El Progreso;4;El Jícaro;5;767;400;30;7;10;4;--;56;--;--;--;1;3;14;--;1;3;1;--;4;22;--;--;4;160;74;22;256;0;256;--;400;144;256;160;256;256;Algún campo sin dato;1;ea1ff0b89d10cdd646a7c8ff5eedbeaede12288863136b68e8bac950b81f61e7;25/06/23 20:56;ESCANER
6989;El Progreso;4;El Jícaro;5;767;400;39;7;6;1;--;69;--;1;1;--;2;6;--;--;3;--;2;7;17;--;--;3;164;78;23;265;--;265;--;400;135;265;164;265;265;Algún campo sin dato;1;51f602a606d847b7b8487d38a182f9ac8bd02905f031fdfbd82fcad3f1d7f3d7;25/06/23 23:02;ESCANER
6990;El Progreso;4;El Jícaro;5;768;400;39;7;14;6;2;70;--;--;--;--;2;7;1;--;1;1;1;5;23;1;--;2;182;69;28;279;--;279;--;400;121;279;182;279;279;Algún campo sin dato;1;88d5716adebb3ed24ea015b886758c097461827b023526f226cedad0d4f369df;25/06/23 22:02;ESCANER
6991;El Progreso;4;El Jícaro;5;768;400;45;14;9;2;0;58;0;0;1;0;3;10;0;2;2;2;2;3;16;2;1;2;174;69;34;277;0;277;--;400;123;277;174;277;277;Algún campo sin dato;1;8d1932f378c47acbea4c40a5d7fd6c83c37f44f5543f232f1f8db3544e5f3929;25/06/23 21:06;ESCANER
6992;El Progreso;4;El Jícaro;5;768;400;33;10;8;2;2;63;0;3;0;0;3;10;1;2;0;1;0;3;22;3;0;4;170;66;37;273;0;273;--;400;127;273;170;273;273;Algún campo sin dato;1;c81b09ca835930f5d16f5b1f2a28389257edbdab4894347b5aadeb792a62cc01;25/06/23 22:27;ESCANER
6993;El Progreso;4;El Jícaro;5;768;400;41;13;7;3;3;78;0;3;0;0;3;19;0;1;0;4;2;3;15;3;0;2;200;63;42;305;0;305;--;400;95;305;200;305;305;Algún campo sin dato;1;b0234c7adfbe33745f8dc311a94ab042c128a0a15b54b0c9aa42d6599a7711be;25/06/23 22:41;ESCANER
6994;El Progreso;4;El Jícaro;5;768;400;25;11;18;9;0;68;1;2;0;0;3;15;0;0;1;0;0;3;13;6;0;6;181;70;23;274;0;274;--;400;126;274;181;274;274;Algún campo sin dato;1;f96c6b63a84148e17036b547f1b76f39198364f1a3614a68e5d6ae45c22aa18a;25/06/23 23:08;ESCANER
6995;El Progreso;4;El Jícaro;5;769;400;42;2;12;6;0;71;0;3;0;0;3;14;0;0;2;3;0;8;23;0;0;4;193;57;13;263;0;263;--;400;137;263;193;263;263;Algún campo sin dato;1;fea04c3debdd4c0d808e9931cbc8d96864dec1f742ef3e61e09abe14fa657f82;25/06/23 22:34;ESCANER
6996;El Progreso;4;El Jícaro;5;769;400;37;5;10;7;0;72;0;0;0;0;4;12;2;1;1;1;0;6;17;1;1;9;187;49;20;256;0;256;--;400;144;256;186;255;255;Sumas Asentadas sin cuadrar;1;ff8313a86dc360cb4b6096bf632196c88ba1449b5d4e5e82c6924444107cce42;25/06/23 21:36;ESCANER
6997;El Progreso;4;El Jícaro;5;770;400;37;8;7;6;0;55;0;1;0;0;0;15;0;2;0;1;1;6;12;2;0;8;161;62;18;241;0;241;--;400;159;241;161;241;241;Algún campo sin dato;1;618fb577a72a44f0af09eaedeaa03cba64ff96460a139671914cbccb66f80e95;25/06/23 22:11;ESCANER
6998;El Progreso;4;El Jícaro;5;770;400;26;8;12;5;1;74;0;1;0;0;2;11;0;1;2;3;0;12;14;1;0;13;186;57;14;257;0;257;--;400;143;257;186;257;257;Algún campo sin dato;1;9b37708b9b5d8678847912bfe0a5c64dc1afab731e652ffa8efaec1b68ded306;25/06/23 21:38;ESCANER
6999;El Progreso;4;El Jícaro;5;770;400;38;4;12;2;--;62;--;1;1;1;1;12;1;--;2;--;--;6;20;--;--;8;171;65;15;251;--;--;--;400;149;--;171;251;251;Algún campo sin dato;1;e17f92391fb36fd29dbb72e576ed13b2c36c9856463848dffc6fb8bed1c7dac0;25/06/23 21:11;ESCANER
7000;El Progreso;4;El Jícaro;5;770;400;35;4;6;7;1;82;0;0;0;0;2;31;0;3;0;0;1;7;14;1;0;2;196;51;8;255;0;255;--;397;142;255;196;255;255;Algún campo sin dato;1;472e7ec535b8ee25ba6d8fcd6d0e27bc64bc0f9d7d08842348e9da5f9ae6bb30;25/06/23 21:37;ESCANER
7001;El Progreso;4;El Jícaro;5;771;400;27;4;5;5;0;78;0;1;0;0;2;38;0;0;0;3;0;6;16;0;0;3;188;70;7;265;0;265;--;400;135;265;188;265;265;Algún campo sin dato;1;1349991fae7625a6eaa88c133e365eff4b5232ad4760715b9f9ce52454787c7f;25/06/23 21:04;ESCANER
7002;El Progreso;4;El Jícaro;5;771;400;22;15;5;8;0;68;0;0;0;0;1;33;2;2;0;2;2;5;21;1;0;5;192;46;20;258;0;258;--;399;141;258;192;258;258;Algún campo sin dato;1;adf7dcd338cf9570fac481319faa4e181b4a8dd4e86e941be7baf55fabde2fb3;25/06/23 21:41;ESCANER
7003;El Progreso;4;El Jícaro;5;772;310;26;4;4;3;2;49;0;1;0;0;1;30;3;1;1;2;0;6;20;0;0;5;158;45;9;212;0;212;--;316;104;212;158;212;212;Algún campo sin dato;1;0a1423dbffc0e59c6135537c1075a384b5d9f55851b05a42c8226821b0acee1f;25/06/23 22:14;ESCANER
7004;El Progreso;4;El Jícaro;5;772;309;15;3;2;2;0;45;0;0;0;0;2;17;0;0;0;1;0;4;11;1;0;2;105;35;10;150;0;150;--;315;165;150;105;150;150;Algún campo sin dato;1;c6f98511212a7008c39321595202ed6fd29dc6fc2d72f059ea6ffee3cb8d261b;25/06/23 22:08;ESCANER
7005;El Progreso;4;El Jícaro;5;773;380;60;5;9;6;1;67;0;0;1;0;1;4;1;0;0;1;1;3;16;1;0;3;180;70;31;281;0;281;--;380;99;281;180;281;281;Algún campo sin dato;1;bad99c8ae8fe4aae6a99cdb2769fa6f71ea24d74071008512e1fc1876363f18d;25/06/23 20:49;ESCANER
7006;El Progreso;4;El Jícaro;5;773;380;64;6;9;4;0;62;0;0;0;0;2;3;0;1;0;0;1;4;14;2;0;2;174;56;21;251;9;260;0;380;120;260;174;251;260;;1;996e553cf6388d2625ce9e68e0ace4cd3e959ec863df07d312a66d6abe27cbbd;25/06/23 21:06;ESCANER
7007;El Progreso;4;El Jícaro;5;773;380;61;9;12;5;1;59;0;1;0;0;0;4;0;0;0;4;1;1;21;1;0;3;183;72;23;278;0;278;0;380;102;278;183;278;278;;1;94a94f88fb8a78f0dca66528bf0ef98857556dbf65a66ce26c5d2bff30b17fbe;25/06/23 20:52;ESCANER
7008;El Progreso;4;El Jícaro;5;773;380;58;2;5;3;1;51;0;0;0;0;4;10;0;0;0;1;0;1;19;0;0;6;161;66;12;239;0;239;--;380;141;239;161;239;239;Algún campo sin dato;1;5e29f284792313808125461b66fbd0892c402404586325cf67dd914f79cbb8b9;25/06/23 20:11;ESCANER
7009;El Progreso;4;El Jícaro;5;773;380;51;2;8;6;0;57;0;0;0;0;2;4;2;1;1;0;1;2;18;1;0;2;158;61;22;241;0;241;--;380;139;241;158;241;241;Algún campo sin dato;1;21fe07d25e8f3eed1c7edcc68444e174db20af01a6dcc77ff5442bf063280d5c;25/06/23 20:01;ESCANER
7010;El Progreso;4;El Jícaro;5;773;249;30;2;3;1;0;44;0;1;1;0;2;17;0;1;0;0;0;1;9;0;1;2;115;41;3;159;3;162;--;--;--;162;115;159;162;Algún campo sin dato;1;067227fe5367143878a0c63cc81b964e60c3b27043b7839312b684eeac5cc9da;25/06/23 20:11;ESCANER
7011;El Progreso;4;El Jícaro;5;773;248;37;0;1;2;0;34;0;0;0;0;1;11;1;2;0;0;0;3;8;0;0;1;101;49;7;157;0;157;--;254;97;157;101;157;157;Algún campo sin dato;1;3f96b410a97beaa1c5eadceb8e7fed095fba13aa65f4810becbeabb7b6409ecf;25/06/23 19:48;ESCANER
7012;El Progreso;4;El Jícaro;5;774;566;19;2;9;6;2;15;1;0;0;1;0;7;0;0;0;1;1;3;7;0;0;4;78;23;6;107;0;107;--;576;469;--;78;107;107;Algún campo sin dato;1;16efdbc6b360913f5e159568aba29b679b465efe3692e64795d36b2bb2d88540;25/06/23 22:17;ESCANER
7013;El Progreso;4;Sansare;6;775;400;61;2;24;46;2;23;0;1;0;0;1;13;0;1;3;1;3;7;6;1;0;3;198;52;23;273;0;273;--;383;110;273;198;273;273;Algún campo sin dato;1;e966420672d7055efdf26c7f31e9b4dce2e675e8af9df0c934ca2f0562b76575;25/06/23 21:09;ESCANER
7014;El Progreso;4;Sansare;6;775;400;57;2;25;45;1;21;0;0;0;1;3;17;2;0;1;1;2;13;14;5;0;5;215;57;17;289;0;289;--;400;111;289;215;289;289;Algún campo sin dato;1;f6023ad149adb932eecb5e9835c3de7796be8fc3e221edcdf1b1af6ef561f257;25/06/23 21:55;ESCANER
7015;El Progreso;4;Sansare;6;775;400;80;3;30;49;1;20;0;3;0;0;0;12;1;1;2;0;1;2;10;0;0;6;221;57;19;297;0;297;--;400;103;297;221;297;297;Algún campo sin dato;1;fe4b0702bc430a6ab5e0d336fb32ca39f29a9978a8e3dc5321d77d9634fa181f;26/06/23 0:56;ESCANER
7016;El Progreso;4;Sansare;6;775;400;85;0;27;52;1;30;1;0;0;1;1;8;0;0;0;1;2;4;16;0;0;3;232;48;21;301;5;306;--;--;--;306;232;301;306;Algún campo sin dato;1;c46b5779c9ced8e25372d5bdba2a7948c5dc44ce21ab881406057d82a3a6eb5a;25/06/23 21:29;ESCANER
7017;El Progreso;4;Sansare;6;775;400;69;1;33;57;1;21;1;1;0;1;1;3;0;0;1;1;2;6;16;0;0;6;221;63;21;305;0;305;--;396;91;305;221;305;305;Algún campo sin dato;1;480dc9b234762fb5734da906f46654923816c634770e6b06ce2d77a0ed97f855;25/06/23 20:18;ESCANER
7018;El Progreso;4;Sansare;6;775;400;89;3;14;45;0;36;0;2;1;0;2;8;0;0;2;0;1;4;8;2;0;4;221;49;23;293;0;293;--;--;--;293;221;293;293;Algún campo sin dato;1;9cd8f1009d78ed15e5cbff7c7fc033fcf31690223c76588626fa46993326ad87;25/06/23 20:43;ESCANER
7019;El Progreso;4;Sansare;6;775;400;76;2;28;62;0;15;0;5;0;0;1;14;0;0;3;1;2;3;13;4;0;7;236;64;22;322;0;322;--;400;78;--;236;322;322;Algún campo sin dato;1;b5a92554461bb0e014c515191aa602921a59d87971d0d80395cee6315d7212a6;26/06/23 2:48;ESCANER
7020;El Progreso;4;Sansare;6;775;400;90;5;24;54;3;23;0;1;0;0;1;10;0;0;2;0;2;9;10;0;0;2;236;66;20;322;0;322;--;473;151;322;236;322;322;Algún campo sin dato;1;c60d594c4dea681bb138ce14caeaa40544bc416747fd509dc111779cb7e62b47;25/06/23 21:48;ESCANER
7021;El Progreso;4;Sansare;6;775;400;83;1;26;54;5;31;0;2;0;0;3;12;1;0;1;2;0;9;7;2;0;11;250;45;26;321;0;321;--;400;79;321;250;321;321;Algún campo sin dato;1;8c6d4696e616151f77ac9682c55333e38e6c88cc65369fca877f3da7892a0567;25/06/23 20:01;ESCANER
7022;El Progreso;4;Sansare;6;775;400;66;2;29;57;1;13;0;1;0;1;2;21;1;0;1;0;4;4;11;0;0;8;223;52;9;284;0;284;--;399;115;284;222;283;283;Sumas Asentadas sin cuadrar;1;f0698205d8eee03521fa81accaa8dd115b6e75dbd4e7f5993430180ad88b1a15;25/06/23 21:08;ESCANER
7023;El Progreso;4;Sansare;6;775;400;59;3;23;38;0;21;0;0;0;0;3;20;2;1;3;1;1;7;9;3;0;11;205;53;15;273;0;273;--;400;127;273;205;273;273;Algún campo sin dato;1;7e46e5f41b29e60adebc60080dc391db01a355197df1f044b77dd2be4850d1b0;25/06/23 21:01;ESCANER
7024;El Progreso;4;Sansare;6;775;400;53;1;26;35;0;17;0;0;0;1;1;17;0;0;3;2;3;8;10;1;0;11;189;55;22;266;0;266;--;401;266;266;189;266;266;Algún campo sin dato;1;b41720052cfa8f76a0d5356fdb0cbb83733cc885c144d87bd2183eb580c01ec7;25/06/23 20:00;ESCANER
7025;El Progreso;4;Sansare;6;776;400;63;3;24;43;0;17;1;1;0;0;2;31;0;0;4;0;3;3;9;2;1;3;210;54;13;277;0;277;--;400;123;277;210;277;277;Algún campo sin dato;1;c3e3cf809ee02cb4b636ffaef02c1c07be894b2ea95008a2137d97a282764f77;25/06/23 21:01;ESCANER
7026;El Progreso;4;Sansare;6;776;400;54;1;27;48;1;16;1;2;1;0;2;13;1;1;0;3;2;9;7;0;1;5;195;60;18;273;0;273;--;400;127;--;195;273;273;Algún campo sin dato;1;f67cc719df828a6e6a182a2df7ad3d8831163e424f7fae67946a05d56861bb65;25/06/23 21:11;ESCANER
7027;El Progreso;4;Sansare;6;776;400;54;1;31;54;0;21;0;0;0;0;2;38;1;0;1;0;0;13;13;0;0;5;234;37;8;279;11;290;--;400;110;290;234;279;290;Algún campo sin dato;1;f26ddfff8dd081690bc646c150cd1804e7067e40a1e8fa30025fe092207eaf88;25/06/23 21:34;ESCANER
7028;El Progreso;4;Sansare;6;776;400;62;2;16;35;0;17;0;1;0;1;2;39;0;1;0;1;0;4;19;1;1;9;211;52;4;267;--;267;--;400;133;267;211;267;267;Algún campo sin dato;1;1871615ca62e263f8cbf719567d4ed081ea13e608d70a8ceb3aa422a5b1e747b;25/06/23 21:29;ESCANER
7029;El Progreso;4;Sansare;6;776;400;76;3;16;44;1;25;0;0;0;0;8;47;0;1;1;2;0;10;7;1;0;4;246;64;7;318;0;318;1;381;63;318;246;317;317;Sumas Asentadas sin cuadrar;1;c2f3a8f7256355d135114db797b80c4b6f5aadc0e252bc6c9904865fe3574c32;25/06/23 21:20;ESCANER
7030;El Progreso;4;Sansare;6;776;262;54;1;16;36;1;13;1;0;0;1;0;13;1;0;0;1;0;5;11;0;1;4;159;24;2;185;6;191;--;266;75;191;159;185;191;Algún campo sin dato;1;7f1b889c8be6f34be5aa8682e4a2d827d7d7e7dac8fe7753b1f35664a2ac44cc;25/06/23 21:36;ESCANER
7031;El Progreso;4;Sansare;6;776;261;39;1;11;22;0;5;0;1;0;0;0;23;0;0;3;0;2;6;0;0;0;2;115;25;1;141;10;151;0;--;--;151;115;141;151;Algún campo sin dato;1;0bd0334f4fbf6fc3308961ee2aa5eb07eadf30061f31b2b5f22241a92cdb659c;25/06/23 21:23;ESCANER
7032;El Progreso;4;Sansare;6;777;380;75;0;15;17;1;29;0;0;0;0;2;5;1;1;2;0;1;5;2;1;0;2;159;63;18;240;0;240;--;385;144;240;159;240;240;Algún campo sin dato;1;4134ef37d784c580e39dc25a2a0df9c72eb9f4a3aff43b997cf520e8484fc060;25/06/23 22:56;ESCANER
7033;El Progreso;4;Sansare;6;777;380;69;1;19;33;1;23;0;0;0;0;4;3;1;1;1;0;0;3;3;0;0;0;162;52;21;235;0;235;--;380;145;235;162;235;235;Algún campo sin dato;1;b5beb63579cb0bdd8cf59a1ed08c5e9afcadf7c73ca0ed2a6eae957177f3cdbf;25/06/23 20:15;ESCANER
7034;El Progreso;4;Sansare;6;777;240;38;1;7;14;0;12;0;1;0;0;2;2;0;0;0;0;0;2;2;1;0;1;83;26;2;111;0;111;--;240;129;111;83;111;111;Algún campo sin dato;1;7b6a0158d6ee9d0ed475a4e52681303c1681c3fd66afb57c03367a2d991bc9ea;25/06/23 20:21;ESCANER
7035;El Progreso;4;Sansare;6;777;240;34;1;12;16;0;12;0;2;0;0;1;7;0;0;0;0;0;3;0;0;0;5;93;31;11;135;0;135;--;248;113;135;93;135;135;Algún campo sin dato;1;ab4db4fd57b7aa6f1e8181add3c200916ee58469a46e50b395751d88f7aa1f88;25/06/23 20:12;ESCANER
7036;El Progreso;4;Sansare;6;778;380;47;1;2;79;1;69;1;0;0;0;3;1;0;0;0;0;2;3;1;1;0;1;214;36;41;291;0;291;--;390;99;291;212;289;289;Sumas Asentadas sin cuadrar;1;ad69ee0efac4be07973d8a7da8e67afe94b3cc7cc2c8517a5f72cad66ceb3d27;25/06/23 21:01;ESCANER
7037;El Progreso;4;Sansare;6;778;332;39;0;3;51;0;67;0;0;0;0;1;1;0;0;2;0;0;2;3;0;1;0;170;48;33;251;0;251;--;340;89;251;170;251;251;Algún campo sin dato;1;39c8dcbd750e6b4156c97ebf3588a86c6b258b478c7192bd0324e8866a4d88db;25/06/23 20:31;ESCANER
7038;El Progreso;4;Sansare;6;778;332;40;0;4;50;0;56;2;0;0;0;1;8;0;0;1;0;0;3;5;0;0;4;174;54;13;241;0;241;--;340;99;241;174;241;241;Algún campo sin dato;1;fde0517f92147e05e6273edec1bb50c2a1cfb613c29b0eae21558cf80ac11e59;25/06/23 20:00;ESCANER
7039;El Progreso;4;Sansare;6;779;466;16;0;19;11;0;5;0;1;0;1;1;9;0;0;1;0;4;2;4;1;0;3;78;16;3;97;0;97;--;475;378;97;78;97;97;Algún campo sin dato;1;3a1d3811d51e407b9d571edca251857ea894fe8df2c865473bb7a3fde885ee8d;25/06/23 20:47;ESCANER
7040;El Progreso;4;Sanarate;7;780;400;31;4;20;43;0;45;0;2;0;0;1;32;0;2;2;5;1;5;16;9;0;10;228;63;4;295;0;295;--;400;105;295;228;295;295;Algún campo sin dato;1;9c8cf3fb3b34a2667a02233ccd6068be5830cc5c4f947898e7e6b9f834df677b;26/06/23 2:07;ESCANER
7041;El Progreso;4;Sanarate;7;780;400;34;1;15;39;0;50;1;1;0;1;5;47;0;0;1;0;0;7;7;5;0;15;229;64;4;297;0;297;--;399;102;297;229;297;297;Algún campo sin dato;1;d824d884cb543e1a9f72aeb3365e4ea628e7d3372c4b8358c3b9ed8d4ccf4c0f;26/06/23 1:56;ESCANER
7042;El Progreso;4;Sanarate;7;780;400;36;4;17;40;0;55;0;1;0;2;1;22;2;2;4;3;1;4;13;12;0;15;234;61;8;303;0;303;--;400;97;303;234;303;303;Algún campo sin dato;1;50b449a8ccc9d6344b46333c273c29407680467f990201c522cfa8e5551aea69;26/06/23 2:09;ESCANER
7043;El Progreso;4;Sanarate;7;780;400;35;6;17;31;0;59;0;1;0;0;1;32;0;0;0;0;2;9;14;7;0;14;228;69;6;303;0;303;--;396;93;--;228;303;303;Algún campo sin dato;1;325111935a83aab90670635ac6bde61ed34c04db959781e1316a11974a852d29;26/06/23 5:14;ESCANER
7044;El Progreso;4;Sanarate;7;780;400;36;6;18;46;1;54;2;2;0;1;5;39;1;0;1;5;1;4;7;6;1;16;252;56;16;324;0;324;--;400;76;324;252;324;324;Algún campo sin dato;1;de6cafca6d118e08a120444b050f1c7eb031425e965d063d9c3e07150d15dda9;26/06/23 2:25;ESCANER
7045;El Progreso;4;Sanarate;7;780;400;38;4;16;35;2;50;0;1;1;0;6;32;1;1;3;3;0;7;14;11;0;9;234;58;11;303;0;303;--;409;106;303;234;303;303;Algún campo sin dato;1;e878183249b078cf1fa2832f0a1b6513431d8031b39e545be40da17237c3223c;26/06/23 2:16;ESCANER
7046;El Progreso;4;Sanarate;7;780;400;27;5;20;39;0;47;1;0;0;1;3;41;0;0;1;0;0;6;11;9;0;13;224;64;12;300;0;300;--;400;100;300;224;300;300;Algún campo sin dato;1;89957504886515b9a0d0f219af21bd5eb7df8fd9f30aa6fc6f81b8b3c9e035a8;26/06/23 1:34;ESCANER
7047;El Progreso;4;Sanarate;7;780;400;24;5;28;53;1;51;0;3;0;0;2;33;2;1;1;4;4;8;10;8;0;14;252;57;6;315;0;315;--;400;85;315;252;315;315;Algún campo sin dato;1;1168e8cc707d4eb6b34a9cd6a23fd1953650a2269a68aafcf9ca92096b0206d5;26/06/23 1:32;ESCANER
7048;El Progreso;4;Sanarate;7;780;400;31;2;14;31;1;39;0;1;0;1;1;49;1;0;1;2;3;4;12;3;0;12;208;53;5;266;0;266;--;400;134;266;208;266;266;Algún campo sin dato;1;e25cdbf3678d55653ea00a0cf871bd72979e7df3985e89f89ef31afb6bb3e279;26/06/23 0:59;ESCANER
7049;El Progreso;4;Sanarate;7;780;400;34;1;21;30;0;52;0;1;0;0;3;32;1;0;2;1;3;7;13;10;0;14;225;46;7;278;0;278;--;381;103;278;225;278;278;Algún campo sin dato;1;3a5af538b05c2144e5ce9a5c5699c9af04361759f2200befd6538c1f8a10ffb2;26/06/23 1:27;ESCANER
7050;El Progreso;4;Sanarate;7;780;400;29;1;17;28;0;48;0;2;0;1;2;34;1;0;1;1;1;7;7;7;0;10;197;73;5;275;0;275;--;400;125;275;197;275;275;Algún campo sin dato;1;425c7f48fa138bc0d69ab8d153f577435e52147275cf23c3bc8b50cda666a909;26/06/23 1:09;ESCANER
7051;El Progreso;4;Sanarate;7;780;400;32;5;16;30;0;51;0;2;1;0;0;32;0;1;1;4;1;8;10;8;0;14;216;58;6;280;0;280;--;400;120;280;216;280;280;Algún campo sin dato;1;ffc14fd20e22fb668d6ed41f6264a814d319fd0b00ce22b85cdacf6cf167b00c;26/06/23 0:47;ESCANER
7052;El Progreso;4;Sanarate;7;780;400;27;1;14;41;0;38;0;2;0;0;0;42;1;2;2;2;0;9;9;8;0;11;209;55;3;267;0;267;--;400;133;267;209;267;267;Algún campo sin dato;1;584364b634359a71e85f6f6f007dc5e1a9ceee289ed61b3d17e3a1e7d9344f5a;26/06/23 0:53;ESCANER
7053;El Progreso;4;Sanarate;7;780;400;29;5;14;37;0;45;0;4;0;3;4;31;1;0;2;3;0;1;9;3;0;14;205;58;10;273;0;273;--;400;127;273;205;273;273;Algún campo sin dato;1;55e6f443eae6a022c7b4a3895cb5409609a1d8285f0c317206845862c1358a5a;26/06/23 1:26;ESCANER
7054;El Progreso;4;Sanarate;7;780;400;28;3;16;25;--;43;1;1;--;--;2;42;--;--;2;1;1;6;11;6;--;12;200;43;9;252;0;252;--;400;148;252;200;252;252;Algún campo sin dato;1;28b8d3165bd73a70869a59c5f17c7e31b62c237927384ed59be44cb1b13467e4;26/06/23 1:15;ESCANER
7055;El Progreso;4;Sanarate;7;780;400;25;2;8;13;0;28;0;0;0;0;1;92;1;0;3;2;0;5;3;3;0;18;204;50;2;256;0;0;0;400;141;--;204;256;256;Algún campo sin dato;1;eb801c68ed5b1c474479d4e2f966a611a4434034da8925c45952302e4b6f5c64;26/06/23 1:09;ESCANER
7056;El Progreso;4;Sanarate;7;780;329;19;3;7;25;0;30;1;0;0;0;0;98;0;0;1;2;1;5;3;1;0;8;204;39;0;243;0;243;--;334;91;243;204;243;243;Algún campo sin dato;1;884bca3e6fc705a411e1f4a6e9b363d1b27f732c7ce7975bfec7dde27497a811;26/06/23 1:03;ESCANER
7057;El Progreso;4;Sanarate;7;780;328;20;--;10;4;--;33;--;--;--;--;--;48;1;--;--;--;2;2;3;1;--;7;131;24;5;160;0;160;--;333;173;--;131;160;160;Algún campo sin dato;1;5d0b876cc174eb2b8b1e7618788ccc8c4455c70655456f5a95d07645a445609b;26/06/23 1:13;ESCANER
7058;El Progreso;4;Sanarate;7;781;400;39;3;8;29;0;89;0;2;0;0;2;27;0;0;39;3;3;2;19;11;0;8;250;58;8;316;0;316;--;400;84;316;284;350;350;Sumas Asentadas sin cuadrar;1;eb7b3be5f737ede0ac8c6db7683e6dc74702eaa43940fe641e93a76a5b366902;26/06/23 1:44;ESCANER
7059;El Progreso;4;Sanarate;7;781;400;40;3;23;44;0;61;0;1;0;1;2;33;1;0;0;2;1;4;18;4;0;9;247;60;4;311;--;--;--;--;--;311;247;311;311;Algún campo sin dato;1;b0f914be7bb5890d1d30e0f95d5ed208c94d7f564341760cb71fe9c0cab64ffb;26/06/23 1:49;ESCANER
7060;El Progreso;4;Sanarate;7;781;400;46;4;9;26;0;55;0;2;0;0;1;58;0;0;5;2;1;7;11;3;0;6;236;50;5;291;0;291;--;392;101;291;236;291;291;Algún campo sin dato;1;f6f527fbbef358bbd8bbf773d0b0e5feb7c9c0b0e7de300972e1f0f81d3ad473;26/06/23 0:50;ESCANER
7061;El Progreso;4;Sanarate;7;781;304;20;1;12;14;0;35;0;2;0;0;2;89;1;0;0;0;0;6;8;0;0;4;194;32;1;227;0;227;--;304;77;227;194;227;227;Algún campo sin dato;1;dc940c354726be8fa5efd6f0d63883a7bf8558e131f2ae5e284335f17cb9fdb1;26/06/23 0:56;ESCANER
7062;El Progreso;4;Sanarate;7;781;303;17;0;10;20;0;33;0;0;0;1;0;82;1;1;0;1;0;2;9;2;0;10;189;29;3;221;0;221;--;308;87;221;189;221;221;Algún campo sin dato;1;87a8343b792b84d3835fef595bb6f93d45f02ede2f84152882c9c4e89f526957;26/06/23 1:48;ESCANER
7063;El Progreso;4;Sanarate;7;782;400;38;1;11;29;0;69;1;0;0;0;5;19;0;1;2;1;3;4;18;5;0;4;211;56;15;282;0;282;--;410;128;282;211;282;282;Algún campo sin dato;1;0eed4e94d68ef6dda4a98e08027b68e4a7e1e70f9931e85b03d6ade7e7fb8e75;25/06/23 20:43;ESCANER
7064;El Progreso;4;Sanarate;7;782;400;34;0;14;23;0;69;0;2;0;0;4;28;1;1;2;4;1;0;12;3;0;5;203;55;7;265;0;265;--;400;135;265;203;265;265;Algún campo sin dato;1;c4bd3dce9ced231f7b5b81be730bb1b4199cc2dc3fb16d1816c1e1380b923152;25/06/23 21:08;ESCANER
7065;El Progreso;4;Sanarate;7;782;236;16;2;4;16;0;44;0;0;0;1;0;14;0;1;2;1;0;4;10;3;0;6;124;38;4;166;0;166;--;236;70;166;124;166;166;Algún campo sin dato;1;52f49ef2bc80ce2d5ec3ddb167f48451bc15af9b86b2a6c32683822c2eefec1b;25/06/23 23:26;ESCANER
7066;El Progreso;4;Sanarate;7;782;236;23;2;10;12;0;31;0;0;0;0;1;27;0;0;0;1;1;2;6;0;0;3;119;25;6;150;0;150;--;236;86;150;119;150;150;Algún campo sin dato;1;fbb71cbd945227f1de00316d71153782d844cb7e09c099c39967d6f735f902cb;25/06/23 23:10;ESCANER
7067;El Progreso;4;Sanarate;7;783;400;28;0;17;38;1;78;0;3;0;0;3;22;1;0;0;2;2;5;11;5;0;14;230;58;17;305;0;305;--;397;89;--;230;305;305;Algún campo sin dato;1;36bc8110c1a2f9d3f3480169fce8bc6ef3b4a3c514f95eb02876a80236b29123;26/06/23 3:17;ESCANER
7068;El Progreso;4;Sanarate;7;783;400;26;1;16;30;0;71;0;1;0;1;2;41;1;2;0;1;1;3;11;6;1;12;227;59;12;298;102;400;--;400;102;298;227;298;400;Algún campo sin dato;1;d5ceaf9c4a6eb1b30b8c5a25dfa214b5cc1a3761bbe397aeeb9daf63e91b045c;26/06/23 0:54;ESCANER
7069;El Progreso;4;Sanarate;7;783;388;24;0;16;35;0;47;0;0;1;1;3;47;1;0;3;3;1;8;12;1;0;12;215;51;7;273;0;273;--;394;121;273;215;273;273;Algún campo sin dato;1;b70fdded6c0c84e5636ae43359c4e621a7cc28f23bda12a1025627476d572783;25/06/23 23:20;ESCANER
7070;El Progreso;4;Sanarate;7;783;387;17;2;12;28;0;42;0;0;0;0;1;92;1;0;0;0;0;10;11;0;0;12;228;45;2;275;0;275;--;389;114;275;228;275;275;Algún campo sin dato;1;626b3ba9604da6252236c0ce882ea46e7da3623ecee59ab8cdacde25a66f94b6;25/06/23 23:00;ESCANER
7071;El Progreso;4;Sanarate;7;784;400;27;2;21;21;1;67;0;0;0;0;8;28;1;0;1;2;0;0;12;3;0;10;204;74;18;296;0;296;--;416;120;296;204;296;296;Algún campo sin dato;1;ba9488e11ffdc3bb31a607fb796ff75a016848513e7e9b00731c6ffc93cb1b63;25/06/23 20:59;ESCANER
7072;El Progreso;4;Sanarate;7;784;218;12;2;16;12;0;18;0;0;0;0;7;15;1;0;1;0;0;4;6;3;0;9;106;17;9;132;0;132;--;218;86;132;106;132;132;Algún campo sin dato;1;a216d1acf1a0ec5bb4f2efc846490658992f390c4ace5a8b1ba896dc05de711c;25/06/23 20:40;ESCANER
7073;El Progreso;4;Sanarate;7;784;217;12;3;8;8;0;22;0;0;0;0;1;45;0;0;0;0;1;7;5;4;0;4;120;28;2;150;0;150;--;217;67;150;120;150;150;Algún campo sin dato;1;421f0cc0482d11875693f509884e80690cf07c08c674908fb20ad2940678b819;25/06/23 21:01;ESCANER
7074;El Progreso;4;Sanarate;7;785;295;32;2;14;21;0;46;0;0;0;3;0;5;0;0;0;2;0;3;9;2;0;2;141;38;10;189;0;189;--;--;--;189;141;189;189;Algún campo sin dato;1;e6fc0a0bd9930d529807e8b872aa66a0b3100e6b4d3e33d506ba91c5e99aebde;25/06/23 20:20;ESCANER
7075;El Progreso;4;Sanarate;7;786;206;28;1;4;16;0;31;0;1;0;0;2;12;1;0;0;2;0;2;6;3;0;6;115;27;6;148;0;148;--;206;58;148;115;148;148;Algún campo sin dato;1;0b4c5a26b9f34b35f964bebccd9569ede62024a26028abce6f0aea5c6498db05;25/06/23 23:10;ESCANER
7076;El Progreso;4;Sanarate;7;787;400;40;2;19;34;1;33;0;1;0;1;2;33;1;2;0;1;1;7;10;5;0;5;198;82;14;294;0;294;--;400;106;294;198;294;294;Algún campo sin dato;1;4320a26966bdecbcdf48ec0e1cdb31afa7e77e04423cf60f511901ce8c20f5ce;26/06/23 0:05;ESCANER
7077;El Progreso;4;Sanarate;7;787;400;39;5;20;44;0;48;0;1;0;1;3;29;1;1;1;3;2;6;18;2;0;11;235;71;12;318;0;318;--;402;84;318;235;318;318;Algún campo sin dato;1;91478f7a34350d6ec73e8d983c9f5e29ebbed054c08cdfa154f9387e016e9ff0;26/06/23 0:16;ESCANER
7078;El Progreso;4;Sanarate;7;787;400;28;4;16;28;3;26;0;0;0;1;2;48;0;0;2;4;0;5;9;5;0;11;192;61;11;264;0;264;--;400;136;264;192;264;264;Algún campo sin dato;1;e19dc8409b6e2fe835eafa9811aa0d361ecd06adb199d0904f561c307c9c8d84;25/06/23 23:28;ESCANER
7079;El Progreso;4;Sanarate;7;787;400;37;3;12;28;1;25;0;2;0;0;1;48;0;0;1;1;0;3;7;4;0;5;178;75;9;262;0;262;--;404;142;262;178;262;262;Algún campo sin dato;1;e8f4b24321ed8df06422f3ff2787f4aca9fda8efafed3e9c2b6d36491365793d;26/06/23 1:07;ESCANER
7080;El Progreso;4;Sanarate;7;787;212;15;0;10;13;0;10;0;0;0;1;0;61;1;0;0;1;0;4;9;0;0;6;131;25;0;156;0;156;--;212;53;156;131;156;156;Algún campo sin dato;1;debcd781e80c3e3ebecf59d425a1b42cbc406803f593d5487803bd85d3be3145;26/06/23 0:02;ESCANER
7081;El Progreso;4;Sanarate;7;787;211;16;2;5;15;1;14;0;0;0;0;1;51;0;0;0;0;0;3;1;2;0;3;114;31;3;148;0;148;--;211;63;148;114;148;148;Algún campo sin dato;1;f1ac941033821d9bc5b4dc3af00431ecb3dc77d8ec5069bd71daa10f5cfb6764;25/06/23 23:46;ESCANER
7082;El Progreso;4;Sanarate;7;788;380;36;2;23;13;--;59;--;2;--;--;2;29;2;1;1;3;1;3;10;2;--;7;196;77;11;284;--;284;--;380;96;284;196;284;284;Algún campo sin dato;1;67cf87ef32d408c3b0caefb0e64cbb63c997b23f9389c6d6cc4e0a9c38f15162;25/06/23 21:07;ESCANER
7083;El Progreso;4;Sanarate;7;788;380;24;1;21;17;0;69;0;1;1;0;1;24;0;5;1;2;2;8;12;6;0;12;207;74;12;293;0;293;--;380;87;293;207;293;293;Algún campo sin dato;1;2f2fd2600a394f9c3a5b67036fb3880d5543d6a059c6d5aab8bcac1d92d3f302;25/06/23 21:31;ESCANER
7084;El Progreso;4;Sanarate;7;788;380;28;2;14;17;0;66;0;0;1;0;3;35;1;0;0;3;0;4;11;3;1;12;201;71;7;279;0;279;--;385;106;--;201;279;279;Algún campo sin dato;1;b919ae7f9ac5720d105c81b1fcccb57067affd03706eec977c82c38c4dc85789;25/06/23 20:23;ESCANER
7085;El Progreso;4;Sanarate;7;788;380;31;3;25;16;0;47;0;1;0;0;3;26;1;1;0;2;1;3;5;4;2;9;180;79;10;269;0;269;--;380;111;269;180;269;269;Algún campo sin dato;1;48c168864af60ffa8123c63c2d679e0926dba8c751f3d11d886aa7b6c20f3e69;25/06/23 23:07;ESCANER
7086;El Progreso;4;Sanarate;7;788;278;13;0;12;10;0;33;0;0;0;0;0;41;1;1;0;0;2;3;3;0;0;10;129;63;3;195;0;195;--;278;83;195;129;195;195;Algún campo sin dato;1;d02cdc9190707a01946c0ba129a0b3a0e1a17956ba41a9dccb159c71b465e3e5;25/06/23 21:12;ESCANER
7087;El Progreso;4;Sanarate;7;788;278;17;--;7;11;--;36;--;--;--;--;1;58;--;--;--;--;--;2;--;2;--;3;137;52;3;192;--;192;--;278;86;192;137;192;192;Algún campo sin dato;1;3018882fcdc37920895369fe69430aa8cd55f34e539d4b8864c7e37360ffc39f;25/06/23 22:57;ESCANER
7088;El Progreso;4;Sanarate;7;789;380;31;4;10;28;0;50;0;0;0;0;1;10;1;3;0;2;2;5;9;3;0;5;164;65;21;250;0;250;--;380;130;250;164;250;250;Algún campo sin dato;1;20d48816b4564744b07644ba06364602e8ffdf4d6d6e358ba69992645facf432;25/06/23 21:31;ESCANER
7089;El Progreso;4;Sanarate;7;789;380;33;0;8;19;0;78;1;0;0;0;4;9;1;2;2;4;3;3;10;4;0;4;185;84;0;269;0;269;--;380;111;269;185;269;269;Algún campo sin dato;1;c68a19155479d4bd9482e155b9cc9ffed90a413943888b5f521393d960038819;25/06/23 22:04;ESCANER
7090;El Progreso;4;Sanarate;7;789;380;40;3;12;18;0;105;0;1;1;0;3;8;0;1;1;0;1;1;18;7;0;4;224;50;11;285;0;285;--;--;--;285;224;285;285;Algún campo sin dato;1;2fd9c190579dfcd4c1668bbb5400b4d34ca99ab1a1cfff8556171ff842ad8069;25/06/23 20:23;ESCANER
7091;El Progreso;4;Sanarate;7;789;380;30;2;9;13;0;71;0;0;2;0;3;10;1;0;1;1;0;0;12;3;0;7;165;38;15;218;21;239;--;380;140;240;165;218;239;Algún campo sin dato;1;43d3966e71b5966b673344860d2fecd6187d5a6f2883d4dab47b5a61c17d47e8;25/06/23 21:07;ESCANER
7092;El Progreso;4;Sanarate;7;789;380;22;4;9;16;1;68;0;1;0;0;1;20;0;0;1;2;0;5;11;3;1;5;170;59;18;247;2;249;--;381;133;248;170;247;249;Algún campo sin dato;1;64d43ae6da116e7279d3014fd953d5bb82ff01770945b1e0b526304b659ec5b4;26/06/23 1:52;ESCANER
7093;El Progreso;4;Sanarate;7;789;365;32;0;8;11;1;71;0;0;0;1;1;19;0;1;1;1;1;1;8;1;0;5;163;39;8;210;1;164;--;369;158;--;163;210;211;Sumas Asentadas sin cuadrar;1;ad82826f13535a8d263ab73c02221fc58201c4d04037aa9ee38a9ffd876e26cd;26/06/23 1:26;ESCANER
7094;El Progreso;4;Sanarate;7;789;364;26;0;12;8;0;74;0;0;0;0;0;35;2;1;0;0;1;2;6;1;0;6;174;43;12;229;0;229;--;374;145;229;174;229;229;Algún campo sin dato;1;6e85df8b7429f69eefacb604fade8af42ef492a2c7e25dba33b1538f2269f52f;26/06/23 1:00;ESCANER
7095;El Progreso;4;Sanarate;7;790;380;61;1;7;17;1;52;2;0;0;0;2;10;0;0;3;1;0;1;9;1;1;6;175;48;29;252;0;252;--;386;134;252;175;252;252;Algún campo sin dato;1;e693bab339b25e1c8bd2fe30aadcfd6ea7112d3e2de967d680bdb99b31a29846;26/06/23 1:43;ESCANER
7096;El Progreso;4;Sanarate;7;790;380;75;4;5;13;1;49;0;0;1;0;3;17;1;0;0;1;0;1;11;5;0;2;189;55;25;269;0;269;--;--;--;--;189;269;269;Algún campo sin dato;1;3863bc3dc84dca33351deaab19d2e18df75852836228b0f82eab8fe39c8dbad6;26/06/23 6:14;ESCANER
7097;El Progreso;4;Sanarate;7;790;238;38;0;7;8;1;26;0;0;0;0;0;14;0;1;0;1;0;0;6;0;0;4;106;23;14;143;0;143;--;244;99;--;106;143;143;Algún campo sin dato;1;86a6747a4f303054d735bfa3ea095040f6ae23d185b734c1556b101ef7f716df;25/06/23 21:50;ESCANER
7098;El Progreso;4;Sanarate;7;790;238;37;0;5;5;1;41;0;0;0;0;0;15;0;0;0;0;0;0;5;0;0;0;109;29;8;146;0;146;--;246;100;146;109;146;146;Algún campo sin dato;1;8ec0ba202c8633540665a23d55383a09a3c4a69cb5df2a8d19608da6137fee45;25/06/23 23:29;ESCANER
7099;El Progreso;4;Sanarate;7;791;380;79;3;17;42;0;30;0;2;0;0;2;10;0;2;1;0;0;5;10;2;0;5;210;74;13;297;1;298;--;385;87;297;210;297;298;Algún campo sin dato;1;061343450a505cd6123842c359d552f07c3559366e6a6f69807e453cf71307e5;26/06/23 2:07;ESCANER
7100;El Progreso;4;Sanarate;7;791;380;82;3;3;40;0;28;0;3;0;1;1;15;1;1;0;1;2;2;6;0;0;4;193;79;29;301;0;301;--;374;73;301;193;301;301;Algún campo sin dato;1;ce03c4b1418bb0b9fa3e60c0e92807c200dfc69db7a58eaa307e5503cfdebbeb;26/06/23 2:15;ESCANER
7101;El Progreso;4;Sanarate;7;791;380;52;1;12;46;0;31;0;0;0;1;0;16;0;1;3;1;0;4;10;2;0;4;184;60;19;263;0;263;--;--;--;263;184;263;263;Algún campo sin dato;1;62b927772e936437205b015f1cc39bc56b5d7efcdbcdf5228868c5d9ce869bcc;26/06/23 0:54;ESCANER
7102;El Progreso;4;Sanarate;7;791;194;25;1;4;25;2;13;0;0;0;0;0;15;0;1;0;0;0;2;7;1;0;3;99;36;4;139;0;139;--;199;60;139;99;139;139;Algún campo sin dato;1;9d9108ce4d54a6fed05825d5e804369c4bf10aa989cfffe2b12dd05a57d6a1be;25/06/23 23:58;ESCANER
7103;El Progreso;4;Sanarate;7;791;193;27;2;2;15;0;10;0;1;0;0;0;27;1;0;0;0;0;2;8;0;0;3;98;37;2;0;0;137;--;200;63;137;98;137;137;Algún campo sin dato;1;b119330159b57bd2b37282f147eff262db118519666c7ddfee93acee09fc6716;26/06/23 1:00;ESCANER
7104;El Progreso;4;Sanarate;7;792;380;63;1;7;18;0;79;0;1;1;2;1;18;0;0;1;0;0;6;19;3;0;6;226;53;15;294;0;294;--;--;--;294;226;294;294;Algún campo sin dato;1;699a34aa6f0fa476f808e68f99dadb546903fcf8446c50cb83c70874e6e87044;25/06/23 21:18;ESCANER
7105;El Progreso;4;Sanarate;7;792;359;55;4;--;11;0;73;0;1;0;1;3;11;0;0;0;2;2;11;20;2;0;5;209;34;15;258;0;258;--;355;97;258;201;250;250;Sumas Asentadas sin cuadrar;1;7331c8daad97bc61f3c736dd36d7273ea84f8a8bf66914febbe6fa04797def93;25/06/23 21:34;ESCANER
7106;El Progreso;4;Sanarate;7;792;358;59;3;3;18;1;77;0;0;0;1;3;24;0;0;1;2;0;2;15;2;0;4;215;42;9;266;0;266;--;--;--;266;215;266;266;Algún campo sin dato;1;0e0aa9e2f0d71b0d54f8a489510d23b4bb41b7d155ce5615a260fb735b43855b;25/06/23 21:07;ESCANER
7107;El Progreso;4;Sanarate;7;793;380;33;3;3;34;1;96;1;0;0;2;3;0;3;3;1;0;0;2;2;2;0;2;191;18;34;243;0;243;--;368;--;243;191;243;243;Algún campo sin dato;1;897012f70f06b733081ca68b89ad2581da45aa41199d1af5d83e5adc07f01138;26/06/23 4:37;ESCANER
7108;El Progreso;4;Sanarate;7;793;380;69;4;8;15;0;65;0;0;0;0;0;4;0;0;0;0;0;7;5;1;0;0;178;56;0;234;--;--;--;380;146;234;178;234;234;Algún campo sin dato;1;90685f954b761e4c6d5c76e91c8b86068b38d70bf67f5dbceea0e632a974d023;26/06/23 1:11;ESCANER
7109;El Progreso;4;Sanarate;7;793;250;48;0;3;11;1;37;1;0;0;0;2;0;0;0;0;0;0;2;5;0;0;0;110;18;7;135;--;135;--;250;115;135;110;135;135;Algún campo sin dato;1;a51195dbe9e93f2ad1b0b8d0305ae77650f6832345dd903c11201d844c023358;26/06/23 0:21;ESCANER
7110;El Progreso;4;Sanarate;7;793;249;55;0;1;8;0;59;0;0;0;0;0;7;0;0;0;0;0;0;1;2;0;0;83;21;0;104;0;104;--;254;100;154;133;154;154;Sumas Asentadas sin cuadrar;1;aaf622c9810bb80e790402aada2eccd54d01dc2079d1e1d84bc1273ccbf60be6;25/06/23 22:46;ESCANER
7111;El Progreso;4;Sanarate;7;794;380;31;2;11;24;1;78;1;2;0;1;1;19;0;1;2;1;1;5;4;2;0;4;191;69;19;279;--;279;--;380;101;279;191;279;279;Algún campo sin dato;1;85cc83d11f37e71b6accab2f825742c0e29a942b707ba6bbc49c06a59ec49133;26/06/23 0:34;ESCANER
7112;El Progreso;4;Sanarate;7;794;380;32;4;17;21;0;73;0;1;0;0;6;12;0;2;0;1;1;7;15;5;0;6;203;67;10;280;0;280;--;380;100;--;203;280;280;Algún campo sin dato;1;39bc3c7b41cee6d386041c003c723bc1ab912632a09ca18b3eafc19b6b12894b;26/06/23 0:20;ESCANER
7113;El Progreso;4;Sanarate;7;794;238;30;2;6;13;0;25;0;1;0;0;4;15;1;0;0;2;0;6;7;1;0;3;116;48;6;170;0;170;--;244;74;170;116;170;170;Algún campo sin dato;1;8c5079d89493258420d1c7b6ae86d0d72e1112463c775be0d27e635deb6edd4c;25/06/23 22:55;ESCANER
7114;El Progreso;4;Sanarate;7;794;238;14;2;5;8;0;44;1;0;0;0;2;28;0;0;1;3;0;2;6;2;0;1;119;39;5;163;0;163;--;242;79;163;119;163;163;Algún campo sin dato;1;6a8326b9ec194912c3d246a1550ba9fea14c4f9bff5ef05c3c88f3796b6eaa01;26/06/23 0:08;ESCANER
7115;El Progreso;4;Sanarate;7;795;600;23;5;16;41;0;30;0;1;0;0;1;27;0;2;2;3;2;9;10;5;0;10;187;38;9;234;0;234;--;600;366;234;187;234;234;Algún campo sin dato;1;0dc73f0a6e0881b76bdc10a881619572f5fb20c7d9570df7d639d2dc18936ec2;25/06/23 22:18;ESCANER
7116;El Progreso;4;Sanarate;7;795;493;19;1;16;21;0;14;0;2;0;0;0;24;0;0;2;0;1;3;5;3;0;3;114;39;4;157;0;157;--;502;345;157;114;157;157;Algún campo sin dato;1;e03a5bda9030713678fa95de43fdb7cf09bd4068f3cd93fcb95b50ff663f1964;25/06/23 22:20;ESCANER
7117;El Progreso;4;Sanarate;7;795;493;3;0;5;6;0;7;0;0;0;0;0;5;0;0;0;0;0;0;0;1;0;2;29;8;0;37;0;37;--;511;474;37;29;37;37;Algún campo sin dato;1;40b51c991fe289a30e8516aedcb3a2f97fcb2d363e451f2b18419479c91661ae;25/06/23 22:24;ESCANER
7118;El Progreso;4;San Antonio La Paz;8;796;400;40;1;31;33;4;28;5;0;0;0;1;18;0;5;3;2;1;1;5;3;0;1;182;32;17;231;0;231;--;400;169;231;182;231;231;Algún campo sin dato;1;c93509fa7f1b050fb4aa192c27ebc7afd8f6c48afcd0e171a4bc781241731c30;25/06/23 20:13;ESCANER
7119;El Progreso;4;San Antonio La Paz;8;796;400;50;1;23;47;0;21;9;1;0;0;3;7;0;1;3;2;1;0;6;4;1;4;184;48;27;259;0;259;--;383;124;259;184;259;259;Algún campo sin dato;1;037bfaed10f58cfeadfbf7ae2239262130a9a5df33f08ca0fa8df05a91ba8fa8;26/06/23 1:07;ESCANER
7120;El Progreso;4;San Antonio La Paz;8;796;400;39;3;25;48;4;26;2;1;1;0;2;12;1;1;1;0;3;0;9;2;1;5;186;28;26;240;0;240;--;400;160;240;186;240;240;Algún campo sin dato;1;68cabc8b1909fa7f9642cc16ace421417b4e8a52a80dcf7a2120dcb381cb8310;26/06/23 0:42;ESCANER
7121;El Progreso;4;San Antonio La Paz;8;796;400;36;2;30;29;1;19;3;2;0;0;4;15;0;3;4;4;0;3;8;2;0;10;175;45;24;244;0;244;--;407;163;244;175;244;244;Algún campo sin dato;1;9a1423c330e9ae9969e7e6a7196c7c5a01969e6037c01c232b7f5a11e611ae5e;25/06/23 23:04;ESCANER
7122;El Progreso;4;San Antonio La Paz;8;796;400;41;0;18;46;2;27;6;2;0;0;3;10;4;4;0;3;1;1;14;6;0;0;188;52;16;256;0;256;--;400;144;256;188;256;256;Algún campo sin dato;1;d9376ea1757c260e85c45945b3fe2e78c655a37568ca2a35369f1856b491d82e;25/06/23 22:50;ESCANER
7123;El Progreso;4;San Antonio La Paz;8;796;400;42;1;24;29;0;41;7;1;0;0;2;22;4;1;1;2;0;0;9;4;0;6;196;44;21;261;0;261;--;401;140;261;196;261;261;Algún campo sin dato;1;1cfd6da2c249fc2f31fd7fe88976b7137f43634d3086fd14a048800434467b9e;25/06/23 22:46;ESCANER
7124;El Progreso;4;San Antonio La Paz;8;796;400;28;2;31;35;0;51;2;3;0;0;2;33;0;2;3;5;1;5;11;1;1;4;220;52;24;296;1;297;--;400;103;297;220;296;297;Algún campo sin dato;1;8e20aa3f149a529f8f6d12d45f06147562c1307dd9825b7aadd27ebc5d15fe19;26/06/23 1:09;ESCANER
7125;El Progreso;4;San Antonio La Paz;8;796;400;32;0;19;24;2;37;2;1;0;1;4;22;1;6;1;3;3;0;10;1;1;4;174;31;15;220;0;220;--;407;187;220;174;220;220;Algún campo sin dato;1;93d31bd79bc46cd58e44a1ddcff3a628da2a39b0e7af87496afbf7bf99f69c5c;25/06/23 23:42;ESCANER
7126;El Progreso;4;San Antonio La Paz;8;796;400;23;1;19;22;4;21;2;1;0;1;2;24;0;3;1;6;2;0;10;2;0;2;146;53;9;208;0;208;--;401;193;208;146;208;208;Algún campo sin dato;1;a6686b19dcf10e57555c1495ef2897034ac2acadb630a9fc7dac3354d69eb497;26/06/23 0:12;ESCANER
7127;El Progreso;4;San Antonio La Paz;8;796;400;32;0;24;28;1;19;8;0;0;0;2;19;0;4;0;3;2;4;8;5;0;8;167;46;16;229;0;229;--;400;171;229;167;229;229;Algún campo sin dato;1;36a9665946fd775751ef654fc4457ed4d3883f4a5c7fdce5fb107b8cdfacd012;26/06/23 1:14;ESCANER
7128;El Progreso;4;San Antonio La Paz;8;796;400;25;2;25;23;1;33;3;0;1;1;1;20;0;2;3;4;0;4;11;1;0;4;164;42;20;226;0;226;--;397;171;226;164;226;226;Algún campo sin dato;1;1973c802aba8a5808add27f641252db544368ba01372a56e23d958cb29c21fae;25/06/23 23:13;ESCANER
7129;El Progreso;4;San Antonio La Paz;8;796;400;33;0;21;31;1;23;4;1;0;0;1;23;1;0;0;0;1;4;10;3;0;4;161;31;26;218;0;218;--;396;178;218;161;218;218;Algún campo sin dato;1;0a899a5d9f066a19108145ddaeb47d4b3788a3b979789be30b08ec673e3f5226;26/06/23 0:46;ESCANER
7130;El Progreso;4;San Antonio La Paz;8;796;400;47;0;27;29;5;31;3;1;0;0;4;25;1;0;0;0;1;1;8;3;0;4;190;11;10;211;0;211;--;396;185;211;190;211;211;Algún campo sin dato;1;4bc2404ce76d504b48db49ba1e216fea754d4f8ef5d44b58657bf8c0175bcf5b;26/06/23 1:55;ESCANER
7131;El Progreso;4;San Antonio La Paz;8;796;400;19;0;22;27;5;29;5;0;0;2;3;57;0;1;3;3;0;0;10;3;0;6;195;49;10;254;0;254;--;403;149;254;195;254;254;Algún campo sin dato;1;2eb21f4897dab0461063254003e7d34ef25ec206bad9b82792d693b6b0dedf12;26/06/23 2:02;ESCANER
7132;El Progreso;4;San Antonio La Paz;8;796;400;24;0;23;33;1;25;2;0;1;1;5;48;1;0;0;3;1;2;8;1;0;5;184;37;8;229;0;229;--;400;171;229;184;229;229;Algún campo sin dato;1;dc4e4cbedbf597b43e643e40640dffe86ae384349524290c80056572283cc58c;26/06/23 0:00;ESCANER
7133;El Progreso;4;San Antonio La Paz;8;796;242;19;1;12;16;2;20;0;0;0;0;5;14;0;1;1;0;0;1;1;0;0;1;94;12;7;113;0;113;--;242;129;113;94;113;113;Algún campo sin dato;1;353592fbbaf800e166ba6b342834555130af76cafd942c31f347b74e065dfa5f;25/06/23 22:45;ESCANER
7134;El Progreso;4;San Antonio La Paz;8;796;241;16;0;7;10;0;12;3;0;0;0;0;18;0;2;0;0;0;0;5;1;0;2;76;20;9;105;0;105;--;241;136;105;76;105;105;Algún campo sin dato;1;edd8c0aa2f8612a1135bdd1ad1b3e4ed645a36e2e490e983ca3aff3ca2c98a05;25/06/23 21:35;ESCANER
7135;El Progreso;4;San Antonio La Paz;8;797;380;42;0;20;18;2;17;4;1;1;0;2;14;0;3;1;3;2;0;23;4;0;5;162;68;11;241;0;241;0;380;139;241;162;241;241;;1;de75979c5e6a0cc099e9f19eddfde9738b37e3a71d0738a09b7a6cfc7143795a;26/06/23 0:37;ESCANER
7136;El Progreso;4;San Antonio La Paz;8;797;380;47;1;20;13;2;35;3;1;1;0;2;12;1;1;0;6;3;5;14;5;0;3;175;67;17;259;0;259;0;380;121;259;175;259;259;;1;21b84953f0f14939981e03cea369ee4b9185b153a4fc19fc5b9b7215b9b7cbbc;26/06/23 1:41;ESCANER
7137;El Progreso;4;San Antonio La Paz;8;797;380;40;0;22;13;3;27;6;2;0;0;1;21;0;0;3;2;2;1;14;4;1;3;165;62;7;234;0;234;0;380;156;224;165;234;234;;1;9754f0f9c6ddd6c9d8f48e059bebfd2be54b03adf5cde8fade5c17f9909e818f;26/06/23 1:12;ESCANER
7138;El Progreso;4;San Antonio La Paz;8;797;380;34;1;14;12;0;21;3;1;0;1;3;18;0;1;0;0;1;6;18;3;1;12;150;54;12;216;0;216;0;380;164;216;150;216;216;;1;bb38c62cdf29aa4a3a05c423f2d31606c4f47292d7ac0fa265ea924d5570b9df;26/06/23 1:22;ESCANER
7139;El Progreso;4;San Antonio La Paz;8;797;380;32;1;18;6;3;19;3;2;0;1;3;22;1;1;4;5;1;1;11;3;0;5;142;63;15;220;0;220;0;379;159;220;142;220;220;;1;508aaeba4557c0bcb294d7ad96fb3971fe991cbcfa2abe75ca631d1d5975d95e;26/06/23 1:51;ESCANER
7140;El Progreso;4;San Antonio La Paz;8;797;380;30;2;19;9;2;16;2;1;0;0;7;23;1;2;6;4;2;3;14;0;0;6;149;48;12;209;0;209;0;380;171;209;149;209;209;;1;cd0ffb7526d4bbc3dd887e1b99374a613e91220ebd2ba803c71f261e693ca135;25/06/23 23:07;ESCANER
7141;El Progreso;4;San Antonio La Paz;8;797;380;41;0;12;16;2;15;2;0;0;2;9;23;3;0;1;3;0;2;19;1;0;5;156;58;12;226;0;226;0;379;153;226;156;226;226;;1;762faa5d638881a075c2f640696d65a6e6f1b1d1ff3ac21ab9827038b206eacd;26/06/23 1:37;ESCANER
7142;El Progreso;4;San Antonio La Paz;8;797;380;26;2;20;18;1;15;1;--;--;--;2;38;1;--;2;4;--;5;12;4;--;6;157;58;5;220;--;220;0;380;160;220;157;220;220;Algún campo sin dato;1;2a186da79d3bc5aa16f5c6b636ff0a26c9a513aa1a5fb474900c1eeb83164277;26/06/23 3:23;ESCANER
7143;El Progreso;4;San Antonio La Paz;8;797;247;20;1;10;6;1;11;3;0;0;0;2;30;3;0;1;1;0;1;8;1;0;10;109;41;3;153;--;--;--;255;102;153;109;153;153;Algún campo sin dato;1;1581060538c54bd6feab41b05ad31b3ace7c0f22af631b8edb151ef34d233209;25/06/23 22:13;ESCANER
7144;El Progreso;4;San Antonio La Paz;8;797;246;17;0;7;8;2;8;5;0;0;0;4;16;0;2;0;1;0;4;10;0;0;2;86;36;5;127;0;127;0;250;123;127;86;127;127;;1;27f769b7682587d1608f778ed25a9baa2f6b4c5ef6837436131939f070136a8f;25/06/23 23:36;ESCANER
7145;El Progreso;4;San Antonio La Paz;8;798;380;45;1;10;21;2;21;2;1;1;0;1;22;0;2;2;1;1;2;22;1;0;5;163;77;25;265;0;265;--;380;115;265;163;265;265;Algún campo sin dato;1;8f19f1508e9e333dd3fa1e38bfef1e4f37de8c53d8b2e4ff184ade73fde8f617;26/06/23 1:03;ESCANER
7146;El Progreso;4;San Antonio La Paz;8;798;380;36;0;12;11;4;23;0;0;0;0;4;24;1;2;0;5;1;3;34;5;1;4;170;72;38;280;0;280;--;380;100;280;170;280;280;Algún campo sin dato;1;fe4e62a2e570c769b2ec9c79cc03f7acf2cf48f8a5dd9b022ab3216a8dedd7cb;25/06/23 23:35;ESCANER
7147;El Progreso;4;San Antonio La Paz;8;798;380;28;1;15;9;7;31;0;1;0;0;6;9;1;1;1;2;1;4;20;3;0;7;147;96;42;285;0;285;--;386;101;285;147;285;285;Algún campo sin dato;1;f6018a98cca8ca169af72c5c291a3b8fbb03107fdfe02678aaec10278ac77851;25/06/23 23:46;ESCANER
7148;El Progreso;4;San Antonio La Paz;8;798;380;41;0;11;9;8;35;0;1;3;1;4;13;1;2;3;1;3;3;23;4;0;6;172;84;33;289;0;289;--;385;96;289;172;289;289;Algún campo sin dato;1;2fd4ec2a91069f158f90d13f6491db15a15b4a6e135a93eb2c03e118fcc73abb;25/06/23 23:55;ESCANER
7149;El Progreso;4;San Antonio La Paz;8;798;380;28;0;10;8;4;22;0;4;0;0;7;15;1;4;2;5;0;0;26;6;1;8;151;84;13;248;0;248;--;381;133;248;151;248;248;Algún campo sin dato;1;70c7bcce70e6ceea6d0861e8a2c4e7e4523a90a9dac977d772365e495a4d69e2;26/06/23 1:29;ESCANER
7150;El Progreso;4;San Antonio La Paz;8;798;380;38;1;10;14;5;19;1;0;1;0;6;16;0;1;3;3;2;1;30;1;0;5;157;53;25;235;14;249;--;380;131;249;157;235;249;Algún campo sin dato;1;db0cd7ca5eb1569b8ef874fa5ac368eefc5d665bb1fac9ba89b418f5b9808c63;26/06/23 1:02;ESCANER
7151;El Progreso;4;San Antonio La Paz;8;798;380;29;2;7;12;5;28;0;2;0;1;6;20;1;1;0;4;0;2;17;3;0;6;146;71;27;244;0;244;--;381;137;244;146;244;244;Algún campo sin dato;1;f7a0380c0827e17ffa6e15e11431c378c45508301f33b7fc25abba262e0a2864;26/06/23 0:31;ESCANER
7152;El Progreso;4;San Antonio La Paz;8;798;380;29;1;13;17;8;24;3;1;0;0;7;32;1;0;1;3;0;1;18;1;0;8;168;70;12;250;0;250;--;380;130;250;168;250;250;Algún campo sin dato;1;22cc48a24e55c10d0b22e995be6c0dfb4847a89677c0822733feea12e7feb7a8;26/06/23 2:13;ESCANER
7153;El Progreso;4;San Antonio La Paz;8;798;193;11;0;10;6;4;15;0;0;0;1;4;19;0;0;0;3;0;1;9;0;0;4;87;45;8;140;0;140;--;193;53;140;87;140;140;Algún campo sin dato;1;f46ede5592524619bf8afdf7a143cd662bc8de005ef65d66724a54402678b2cb;25/06/23 23:18;ESCANER
7154;El Progreso;4;San Antonio La Paz;8;798;192;16;1;3;5;5;7;0;1;0;0;1;16;0;1;2;1;3;0;8;0;0;1;71;32;7;110;0;110;--;192;82;110;71;110;110;Algún campo sin dato;1;15028ea31274fe718ec16460cbeec0ced301ac4344763f967a8d920b4242cfbc;25/06/23 22:12;ESCANER
7155;El Progreso;4;San Antonio La Paz;8;799;542;9;3;11;6;1;6;0;0;0;0;2;6;1;3;0;0;0;3;6;3;0;1;61;15;9;85;0;85;--;554;469;85;61;85;85;Algún campo sin dato;1;2e06e78f94c92e5bc63d3dc289d08adccac6240067eaa32a2919c4231053b69f;25/06/23 22:06;ESCANER