-- phpMyAdmin SQL Dump
-- version 5.2.1deb3
-- https://www.phpmyadmin.net/
--
-- Servidor: localhost:3306
-- Tiempo de generación: 24-02-2026 a las 05:57:27
-- Versión del servidor: 8.0.45-0ubuntu0.24.04.1
-- Versión de PHP: 8.3.6

SET SQL_MODE = "NO_AUTO_VALUE_ON_ZERO";
START TRANSACTION;
SET time_zone = "+00:00";


/*!40101 SET @OLD_CHARACTER_SET_CLIENT=@@CHARACTER_SET_CLIENT */;
/*!40101 SET @OLD_CHARACTER_SET_RESULTS=@@CHARACTER_SET_RESULTS */;
/*!40101 SET @OLD_COLLATION_CONNECTION=@@COLLATION_CONNECTION */;
/*!40101 SET NAMES utf8mb4 */;

--
-- Base de datos: `ejecucion_presupuestaria`
--

-- --------------------------------------------------------

--
-- Estructura de tabla para la tabla `bitacora`
--

CREATE TABLE `bitacora` (
  `id` int NOT NULL,
  `usuario_id` int DEFAULT NULL,
  `tabla_afectada` varchar(100) COLLATE utf8mb4_unicode_ci NOT NULL,
  `registro_id` int NOT NULL,
  `accion` enum('INSERT','UPDATE','DELETE') COLLATE utf8mb4_unicode_ci NOT NULL,
  `datos_anteriores` json DEFAULT NULL,
  `datos_nuevos` json DEFAULT NULL,
  `campos_modificados` text COLLATE utf8mb4_unicode_ci,
  `ip_address` varchar(45) COLLATE utf8mb4_unicode_ci DEFAULT NULL,
  `user_agent` text COLLATE utf8mb4_unicode_ci,
  `created_at` timestamp NULL DEFAULT CURRENT_TIMESTAMP
) ENGINE=InnoDB DEFAULT CHARSET=utf8mb4 COLLATE=utf8mb4_unicode_ci;

--
-- Volcado de datos para la tabla `bitacora`
--

INSERT INTO `bitacora` (`id`, `usuario_id`, `tabla_afectada`, `registro_id`, `accion`, `datos_anteriores`, `datos_nuevos`, `campos_modificados`, `ip_address`, `user_agent`, `created_at`) VALUES
(1, 1, 'importacion', 0, 'INSERT', NULL, '{\"anio\": 2025, \"errores\": 31, \"tipo_hoja\": \"principal\", \"insertados\": 0, \"actualizados\": 0}', NULL, '186.33.2.215', 'Mozilla/5.0 (Windows NT 10.0; Win64; x64) AppleWebKit/537.36 (KHTML, like Gecko) Chrome/144.0.0.0 Safari/537.36', '2026-02-09 18:12:59'),
(2, 1, 'importacion', 0, 'INSERT', NULL, '{\"anio\": 2025, \"errores\": 0, \"tipo_hoja\": \"principal\", \"insertados\": 31, \"actualizados\": 0}', NULL, '186.33.2.215', 'Mozilla/5.0 (Windows NT 10.0; Win64; x64) AppleWebKit/537.36 (KHTML, like Gecko) Chrome/144.0.0.0 Safari/537.36', '2026-02-09 18:20:59'),
(3, 1, 'importacion', 0, 'INSERT', NULL, '{\"anio\": 2025, \"errores\": 0, \"tipo_hoja\": \"detalle\", \"insertados\": 91, \"actualizados\": 0}', NULL, '186.33.2.215', 'Mozilla/5.0 (Windows NT 10.0; Win64; x64) AppleWebKit/537.36 (KHTML, like Gecko) Chrome/144.0.0.0 Safari/537.36', '2026-02-09 18:21:20'),
(4, 1, 'importacion', 0, 'INSERT', NULL, '{\"anio\": 2025, \"errores\": 0, \"tipo_hoja\": \"ministerios\", \"insertados\": 14, \"actualizados\": 0}', NULL, '186.33.2.215', 'Mozilla/5.0 (Windows NT 10.0; Win64; x64) AppleWebKit/537.36 (KHTML, like Gecko) Chrome/144.0.0.0 Safari/537.36', '2026-02-09 18:21:40'),
(5, 1, 'importacion', 0, 'INSERT', NULL, '{\"anio\": 2026, \"errores\": 0, \"tipo_hoja\": \"principal\", \"insertados\": 31, \"actualizados\": 0}', NULL, '186.33.2.215', 'Mozilla/5.0 (Windows NT 10.0; Win64; x64) AppleWebKit/537.36 (KHTML, like Gecko) Chrome/144.0.0.0 Safari/537.36', '2026-02-09 18:22:11'),
(6, 1, 'importacion', 0, 'INSERT', NULL, '{\"anio\": 2026, \"errores\": 0, \"tipo_hoja\": \"detalle\", \"insertados\": 91, \"actualizados\": 0}', NULL, '186.33.2.215', 'Mozilla/5.0 (Windows NT 10.0; Win64; x64) AppleWebKit/537.36 (KHTML, like Gecko) Chrome/144.0.0.0 Safari/537.36', '2026-02-09 18:23:46'),
(7, 1, 'importacion', 0, 'INSERT', NULL, '{\"anio\": 2026, \"errores\": 0, \"tipo_hoja\": \"ministerios\", \"insertados\": 14, \"actualizados\": 0}', NULL, '186.33.2.215', 'Mozilla/5.0 (Windows NT 10.0; Win64; x64) AppleWebKit/537.36 (KHTML, like Gecko) Chrome/144.0.0.0 Safari/537.36', '2026-02-09 18:24:03'),
(8, 1, 'usuarios', 1, 'INSERT', NULL, '{\"tipo\": \"LOGIN\", \"accion\": \"Inicio de sesión\"}', NULL, '191.98.195.146', 'Mozilla/5.0 (Macintosh; Intel Mac OS X 10_15_7) AppleWebKit/605.1.15 (KHTML, like Gecko) Version/26.2 Safari/605.1.15', '2026-02-09 18:29:33'),
(9, 1, 'usuarios', 1, 'DELETE', NULL, '{\"tipo\": \"LOGOUT\", \"accion\": \"Cierre de sesión\"}', NULL, '186.33.2.215', 'Mozilla/5.0 (Windows NT 10.0; Win64; x64) AppleWebKit/537.36 (KHTML, like Gecko) Chrome/144.0.0.0 Safari/537.36', '2026-02-09 18:39:17'),
(10, 1, 'usuarios', 1, 'INSERT', NULL, '{\"tipo\": \"LOGIN\", \"accion\": \"Inicio de sesión\"}', NULL, '186.33.2.215', 'Mozilla/5.0 (Windows NT 10.0; Win64; x64) AppleWebKit/537.36 (KHTML, like Gecko) Chrome/144.0.0.0 Safari/537.36', '2026-02-09 18:54:33'),
(11, 1, 'usuarios', 1, 'DELETE', NULL, '{\"tipo\": \"LOGOUT\", \"accion\": \"Cierre de sesión\"}', NULL, '186.33.2.215', 'Mozilla/5.0 (Windows NT 10.0; Win64; x64) AppleWebKit/537.36 (KHTML, like Gecko) Chrome/144.0.0.0 Safari/537.36', '2026-02-09 19:02:45'),
(12, 1, 'usuarios', 1, 'INSERT', NULL, '{\"tipo\": \"LOGIN\", \"accion\": \"Inicio de sesión\"}', NULL, '186.33.2.215', 'Mozilla/5.0 (Windows NT 10.0; Win64; x64) AppleWebKit/537.36 (KHTML, like Gecko) Chrome/144.0.0.0 Safari/537.36', '2026-02-09 19:02:51'),
(13, 1, 'usuarios', 1, 'INSERT', NULL, '{\"tipo\": \"LOGIN\", \"accion\": \"Inicio de sesión\"}', NULL, '172.225.30.129', 'Mozilla/5.0 (iPhone; CPU iPhone OS 18_7 like Mac OS X) AppleWebKit/605.1.15 (KHTML, like Gecko) Version/26.2 Mobile/15E148 Safari/604.1', '2026-02-09 19:04:11'),
(14, 1, 'usuarios', 1, 'INSERT', NULL, '{\"tipo\": \"LOGIN\", \"accion\": \"Inicio de sesión\"}', NULL, '186.33.2.215', 'Mozilla/5.0 (Windows NT 10.0; Win64; x64) AppleWebKit/537.36 (KHTML, like Gecko) Chrome/144.0.0.0 Safari/537.36', '2026-02-09 22:39:43'),
(15, 1, 'usuarios', 1, 'INSERT', NULL, '{\"tipo\": \"LOGIN\", \"accion\": \"Inicio de sesión\"}', NULL, '190.106.222.13', 'Mozilla/5.0 (Macintosh; Intel Mac OS X 10_15_7) AppleWebKit/605.1.15 (KHTML, like Gecko) Version/26.2 Safari/605.1.15', '2026-02-10 04:14:41'),
(16, 4, 'usuarios', 4, 'INSERT', NULL, '{\"tipo\": \"LOGIN\", \"accion\": \"Inicio de sesión\"}', NULL, '172.225.30.141', 'Mozilla/5.0 (iPhone; CPU iPhone OS 18_7 like Mac OS X) AppleWebKit/605.1.15 (KHTML, like Gecko) Version/26.2 Mobile/15E148 Safari/604.1', '2026-02-10 12:36:36'),
(17, 1, 'usuarios', 1, 'INSERT', NULL, '{\"tipo\": \"LOGIN\", \"accion\": \"Inicio de sesión\"}', NULL, '104.28.94.86', 'Mozilla/5.0 (iPhone; CPU iPhone OS 18_7 like Mac OS X) AppleWebKit/605.1.15 (KHTML, like Gecko) Version/26.2 Mobile/15E148 Safari/604.1', '2026-02-11 02:47:09'),
(18, 1, 'usuarios', 1, 'INSERT', NULL, '{\"tipo\": \"LOGIN\", \"accion\": \"Inicio de sesión\"}', NULL, '186.33.2.215', 'Mozilla/5.0 (Windows NT 10.0; Win64; x64) AppleWebKit/537.36 (KHTML, like Gecko) Chrome/144.0.0.0 Safari/537.36', '2026-02-11 04:51:21'),
(19, 5, 'usuarios', 5, 'INSERT', NULL, '{\"tipo\": \"LOGIN\", \"accion\": \"Inicio de sesión\"}', NULL, '200.119.172.138', 'Mozilla/5.0 (Linux; Android 10; K) AppleWebKit/537.36 (KHTML, like Gecko) Chrome/144.0.0.0 Safari/537.36', '2026-02-11 13:48:46'),
(20, 1, 'usuarios', 1, 'INSERT', NULL, '{\"tipo\": \"LOGIN\", \"accion\": \"Inicio de sesión\"}', NULL, '190.143.186.95', 'Mozilla/5.0 (Windows NT 10.0; Win64; x64) AppleWebKit/537.36 (KHTML, like Gecko) Chrome/144.0.0.0 Safari/537.36', '2026-02-12 03:39:57'),
(21, 1, 'usuarios', 1, 'INSERT', NULL, '{\"tipo\": \"LOGIN\", \"accion\": \"Inicio de sesión\"}', NULL, '181.174.104.202', 'Mozilla/5.0 (Windows NT 10.0; Win64; x64) AppleWebKit/537.36 (KHTML, like Gecko) Chrome/145.0.0.0 Safari/537.36', '2026-02-20 21:27:20'),
(22, 1, 'usuarios', 1, 'INSERT', NULL, '{\"tipo\": \"LOGIN\", \"accion\": \"Inicio de sesión\"}', NULL, '181.174.104.202', 'Mozilla/5.0 (Windows NT 10.0; Win64; x64) AppleWebKit/537.36 (KHTML, like Gecko) Chrome/145.0.0.0 Safari/537.36', '2026-02-20 22:09:41');

-- --------------------------------------------------------

--
-- Estructura de tabla para la tabla `ejecucion_detalle`
--

CREATE TABLE `ejecucion_detalle` (
  `id` int NOT NULL,
  `unidad_ejecutora_id` int NOT NULL,
  `grupo_gasto_id` int DEFAULT NULL,
  `fuente_financiamiento_id` int DEFAULT NULL,
  `tipo_registro` enum('Grupo de gasto','Fuente de financiamiento') COLLATE utf8mb4_unicode_ci NOT NULL,
  `anio` int NOT NULL DEFAULT '2025',
  `vigente` decimal(18,2) DEFAULT '0.00',
  `devengado` decimal(18,2) DEFAULT '0.00',
  `saldo_por_devengar` decimal(18,2) DEFAULT '0.00',
  `porcentaje_ejecucion` decimal(8,4) DEFAULT '0.0000',
  `porcentaje_relativo` decimal(8,4) DEFAULT '0.0000',
  `periodo` varchar(20) COLLATE utf8mb4_unicode_ci DEFAULT NULL,
  `fecha_registro` date DEFAULT (curdate()),
  `created_at` timestamp NULL DEFAULT CURRENT_TIMESTAMP,
  `updated_at` timestamp NULL DEFAULT CURRENT_TIMESTAMP ON UPDATE CURRENT_TIMESTAMP
) ENGINE=InnoDB DEFAULT CHARSET=utf8mb4 COLLATE=utf8mb4_unicode_ci;

--
-- Volcado de datos para la tabla `ejecucion_detalle`
--

INSERT INTO `ejecucion_detalle` (`id`, `unidad_ejecutora_id`, `grupo_gasto_id`, `fuente_financiamiento_id`, `tipo_registro`, `anio`, `vigente`, `devengado`, `saldo_por_devengar`, `porcentaje_ejecucion`, `porcentaje_relativo`, `periodo`, `fecha_registro`, `created_at`, `updated_at`) VALUES
(1, 1, 1, NULL, 'Grupo de gasto', 2025, 203451763.00, 187599980.80, 15851782.20, 92.2086, 28.9600, NULL, '2026-02-09', '2026-02-09 18:21:20', '2026-02-09 18:21:20'),
(2, 1, 2, NULL, 'Grupo de gasto', 2025, 13489875.00, 10735484.92, 2754390.08, 79.5818, 1.9200, NULL, '2026-02-09', '2026-02-09 18:21:20', '2026-02-09 18:21:20'),
(3, 1, 3, NULL, 'Grupo de gasto', 2025, 8452059.00, 5937040.04, 2515018.96, 70.2437, 1.2000, NULL, '2026-02-09', '2026-02-09 18:21:20', '2026-02-09 18:21:20'),
(4, 1, 4, NULL, 'Grupo de gasto', 2025, 7540662.00, 4639812.81, 2900849.19, 61.5306, 1.0700, NULL, '2026-02-09', '2026-02-09 18:21:20', '2026-02-09 18:21:20'),
(5, 1, 5, NULL, 'Grupo de gasto', 2025, 300548160.00, 292407428.56, 8140731.44, 97.2914, 42.7800, NULL, '2026-02-09', '2026-02-09 18:21:20', '2026-02-09 18:21:20'),
(6, 1, 6, NULL, 'Grupo de gasto', 2025, 131127590.00, 131122277.00, 5313.00, 99.9959, 18.6600, NULL, '2026-02-09', '2026-02-09 18:21:20', '2026-02-09 18:21:20'),
(7, 1, 8, NULL, 'Grupo de gasto', 2025, 38000000.00, 37937933.64, 62066.36, 99.8367, 5.4100, NULL, '2026-02-09', '2026-02-09 18:21:20', '2026-02-09 18:21:20'),
(8, 1, NULL, 1, 'Fuente de financiamiento', 2025, 301855546.00, 274554109.09, 27301436.91, 90.9555, 42.9600, NULL, '2026-02-09', '2026-02-09 18:21:20', '2026-02-09 18:21:20'),
(9, 1, NULL, 2, 'Fuente de financiamiento', 2025, 321359749.00, 319154773.13, 2204975.87, 99.3139, 45.7400, NULL, '2026-02-09', '2026-02-09 18:21:20', '2026-02-09 18:21:20'),
(10, 1, NULL, 3, 'Fuente de financiamiento', 2025, 108000.00, 0.00, 108000.00, 0.0000, 0.0200, NULL, '2026-02-09', '2026-02-09 18:21:20', '2026-02-09 18:21:20'),
(11, 1, NULL, 4, 'Fuente de financiamiento', 2025, 35000.00, 0.00, 35000.00, 0.0000, 0.0000, NULL, '2026-02-09', '2026-02-09 18:21:20', '2026-02-09 18:21:20'),
(12, 1, NULL, 5, 'Fuente de financiamiento', 2025, 2265186.00, 2265184.61, 1.39, 99.9999, 0.3200, NULL, '2026-02-09', '2026-02-09 18:21:20', '2026-02-09 18:21:20'),
(13, 1, NULL, 7, 'Fuente de financiamiento', 2025, 5875000.00, 5842260.13, 32739.87, 99.4427, 0.8400, NULL, '2026-02-09', '2026-02-09 18:21:20', '2026-02-09 18:21:20'),
(14, 1, NULL, 8, 'Fuente de financiamiento', 2025, 1125000.00, 1117066.99, 7933.01, 99.2948, 0.1600, NULL, '2026-02-09', '2026-02-09 18:21:20', '2026-02-09 18:21:20'),
(15, 2, 1, NULL, 'Grupo de gasto', 2025, 10933191.00, 10168307.78, 764883.22, 93.0040, 65.9600, NULL, '2026-02-09', '2026-02-09 18:21:20', '2026-02-09 18:21:20'),
(16, 2, 2, NULL, 'Grupo de gasto', 2025, 2191878.00, 1371302.45, 820575.55, 62.5629, 13.2200, NULL, '2026-02-09', '2026-02-09 18:21:20', '2026-02-09 18:21:20'),
(17, 2, 3, NULL, 'Grupo de gasto', 2025, 990449.00, 623909.32, 366539.68, 62.9926, 5.9800, NULL, '2026-02-09', '2026-02-09 18:21:20', '2026-02-09 18:21:20'),
(18, 2, 4, NULL, 'Grupo de gasto', 2025, 1872273.00, 476144.00, 1396129.00, 25.4313, 11.2900, NULL, '2026-02-09', '2026-02-09 18:21:20', '2026-02-09 18:21:20'),
(19, 2, 5, NULL, 'Grupo de gasto', 2025, 55000.00, 52015.20, 2984.80, 94.5731, 0.3300, NULL, '2026-02-09', '2026-02-09 18:21:20', '2026-02-09 18:21:20'),
(20, 2, 8, NULL, 'Grupo de gasto', 2025, 533400.00, 531734.30, 1665.70, 99.6877, 3.2200, NULL, '2026-02-09', '2026-02-09 18:21:20', '2026-02-09 18:21:20'),
(21, 2, NULL, 1, 'Fuente de financiamiento', 2025, 12425671.00, 11407018.13, 1018652.87, 91.8020, 74.9600, NULL, '2026-02-09', '2026-02-09 18:21:20', '2026-02-09 18:21:20'),
(22, 2, NULL, 3, 'Fuente de financiamiento', 2025, 660000.00, 404155.29, 255844.71, 61.2357, 3.9800, NULL, '2026-02-09', '2026-02-09 18:21:20', '2026-02-09 18:21:20'),
(23, 2, NULL, 4, 'Fuente de financiamiento', 2025, 1737847.00, 970950.63, 766896.37, 55.8709, 10.4800, NULL, '2026-02-09', '2026-02-09 18:21:20', '2026-02-09 18:21:20'),
(24, 2, NULL, 5, 'Fuente de financiamiento', 2025, 1752673.00, 441289.00, 1311384.00, 25.1781, 10.5700, NULL, '2026-02-09', '2026-02-09 18:21:20', '2026-02-09 18:21:20'),
(25, 3, 1, NULL, 'Grupo de gasto', 2025, 16828539.00, 15933814.67, 894724.33, 94.6833, 57.4400, NULL, '2026-02-09', '2026-02-09 18:21:20', '2026-02-09 18:21:20'),
(26, 3, 2, NULL, 'Grupo de gasto', 2025, 2913627.00, 2765667.02, 147959.98, 94.9218, 9.9400, NULL, '2026-02-09', '2026-02-09 18:21:20', '2026-02-09 18:21:20'),
(27, 3, 3, NULL, 'Grupo de gasto', 2025, 1423986.00, 1344247.32, 79738.68, 94.4003, 4.8600, NULL, '2026-02-09', '2026-02-09 18:21:20', '2026-02-09 18:21:20'),
(28, 3, 4, NULL, 'Grupo de gasto', 2025, 3530320.00, 3505555.19, 24764.81, 99.2985, 12.0500, NULL, '2026-02-09', '2026-02-09 18:21:20', '2026-02-09 18:21:20'),
(29, 3, 5, NULL, 'Grupo de gasto', 2025, 157470.00, 157469.84, 0.16, 99.9999, 0.5400, NULL, '2026-02-09', '2026-02-09 18:21:20', '2026-02-09 18:21:20'),
(30, 3, 8, NULL, 'Grupo de gasto', 2025, 4445038.00, 4445035.68, 2.32, 99.9999, 15.1700, NULL, '2026-02-09', '2026-02-09 18:21:20', '2026-02-09 18:21:20'),
(31, 3, NULL, 1, 'Fuente de financiamiento', 2025, 10108000.00, 9861170.74, 246829.26, 97.5581, 34.5000, NULL, '2026-02-09', '2026-02-09 18:21:20', '2026-02-09 18:21:20'),
(32, 3, NULL, 3, 'Fuente de financiamiento', 2025, 11699160.00, 10998424.83, 700735.17, 94.0104, 39.9300, NULL, '2026-02-09', '2026-02-09 18:21:20', '2026-02-09 18:21:20'),
(33, 3, NULL, 4, 'Fuente de financiamiento', 2025, 3977000.00, 3798634.96, 178365.04, 95.5151, 13.5700, NULL, '2026-02-09', '2026-02-09 18:21:20', '2026-02-09 18:21:20'),
(34, 3, NULL, 5, 'Fuente de financiamiento', 2025, 1076669.00, 1076668.59, 0.41, 100.0000, 3.6700, NULL, '2026-02-09', '2026-02-09 18:21:20', '2026-02-09 18:21:20'),
(35, 3, NULL, 6, 'Fuente de financiamiento', 2025, 2438151.00, 2416890.60, 21260.40, 99.1280, 8.3200, NULL, '2026-02-09', '2026-02-09 18:21:20', '2026-02-09 18:21:20'),
(36, 4, 1, NULL, 'Grupo de gasto', 2025, 43579127.00, 42099300.39, 1479826.61, 96.6043, 10.3800, NULL, '2026-02-09', '2026-02-09 18:21:20', '2026-02-09 18:21:20'),
(37, 4, 2, NULL, 'Grupo de gasto', 2025, 12143332.00, 11357866.25, 785465.75, 93.5317, 2.8900, NULL, '2026-02-09', '2026-02-09 18:21:20', '2026-02-09 18:21:20'),
(38, 4, 3, NULL, 'Grupo de gasto', 2025, 350814299.00, 349271672.60, 1542626.40, 99.5603, 83.5500, NULL, '2026-02-09', '2026-02-09 18:21:20', '2026-02-09 18:21:20'),
(39, 4, 4, NULL, 'Grupo de gasto', 2025, 6072528.00, 1666763.00, 4405765.00, 27.4476, 1.4500, NULL, '2026-02-09', '2026-02-09 18:21:20', '2026-02-09 18:21:20'),
(40, 4, 5, NULL, 'Grupo de gasto', 2025, 597836.00, 372372.38, 225463.62, 62.2867, 0.1400, NULL, '2026-02-09', '2026-02-09 18:21:20', '2026-02-09 18:21:20'),
(41, 4, 8, NULL, 'Grupo de gasto', 2025, 6687165.00, 6606069.31, 81095.69, 98.7873, 1.5900, NULL, '2026-02-09', '2026-02-09 18:21:20', '2026-02-09 18:21:20'),
(42, 4, NULL, 1, 'Fuente de financiamiento', 2025, 11462019.00, 10551224.26, 910794.74, 92.0538, 2.7300, NULL, '2026-02-09', '2026-02-09 18:21:20', '2026-02-09 18:21:20'),
(43, 4, NULL, 2, 'Fuente de financiamiento', 2025, 402359740.00, 399156056.67, 3203683.33, 99.2038, 95.8200, NULL, '2026-02-09', '2026-02-09 18:21:20', '2026-02-09 18:21:20'),
(44, 4, NULL, 5, 'Fuente de financiamiento', 2025, 329291.00, 329291.00, 0.00, 100.0000, 0.0800, NULL, '2026-02-09', '2026-02-09 18:21:20', '2026-02-09 18:21:20'),
(45, 4, NULL, 6, 'Fuente de financiamiento', 2025, 5743237.00, 1337472.00, 4405765.00, 23.2878, 1.3700, NULL, '2026-02-09', '2026-02-09 18:21:20', '2026-02-09 18:21:20'),
(46, 5, 1, NULL, 'Grupo de gasto', 2025, 36407130.00, 34708909.67, 1698220.33, 95.3355, 11.7400, NULL, '2026-02-09', '2026-02-09 18:21:20', '2026-02-09 18:21:20'),
(47, 5, 2, NULL, 'Grupo de gasto', 2025, 57644279.00, 55245809.97, 2398469.03, 95.8392, 18.5900, NULL, '2026-02-09', '2026-02-09 18:21:20', '2026-02-09 18:21:20'),
(48, 5, 3, NULL, 'Grupo de gasto', 2025, 157667437.00, 115587141.82, 42080295.18, 73.3107, 50.8300, NULL, '2026-02-09', '2026-02-09 18:21:20', '2026-02-09 18:21:20'),
(49, 5, 4, NULL, 'Grupo de gasto', 2025, 14310804.00, 9739738.19, 4571065.81, 68.0586, 4.6100, NULL, '2026-02-09', '2026-02-09 18:21:20', '2026-02-09 18:21:20'),
(50, 5, 5, NULL, 'Grupo de gasto', 2025, 1001821.00, 991076.90, 10744.10, 98.9275, 0.3200, NULL, '2026-02-09', '2026-02-09 18:21:20', '2026-02-09 18:21:20'),
(51, 5, 7, NULL, 'Grupo de gasto', 2025, 20000000.00, 17977061.33, 2022938.67, 89.8853, 6.4500, NULL, '2026-02-09', '2026-02-09 18:21:20', '2026-02-09 18:21:20'),
(52, 5, 8, NULL, 'Grupo de gasto', 2025, 23128724.00, 22088127.06, 1040596.94, 95.5008, 7.4600, NULL, '2026-02-09', '2026-02-09 18:21:20', '2026-02-09 18:21:20'),
(53, 5, NULL, 1, 'Fuente de financiamiento', 2025, 230849391.00, 181598126.75, 49251264.25, 78.6652, 74.4300, NULL, '2026-02-09', '2026-02-09 18:21:20', '2026-02-09 18:21:20'),
(54, 5, NULL, 5, 'Fuente de financiamiento', 2025, 72848676.00, 72848673.59, 2.41, 100.0000, 23.4900, NULL, '2026-02-09', '2026-02-09 18:21:20', '2026-02-09 18:21:20'),
(55, 5, NULL, 6, 'Fuente de financiamiento', 2025, 6462128.00, 1891064.60, 4571063.40, 29.2638, 2.0800, NULL, '2026-02-09', '2026-02-09 18:21:20', '2026-02-09 18:21:20'),
(56, 6, 1, NULL, 'Grupo de gasto', 2025, 17072751.00, 16506320.16, 566430.84, 96.6823, 35.5000, NULL, '2026-02-09', '2026-02-09 18:21:20', '2026-02-09 18:21:20'),
(57, 6, 2, NULL, 'Grupo de gasto', 2025, 2869779.00, 2363862.53, 505916.47, 82.3709, 5.9700, NULL, '2026-02-09', '2026-02-09 18:21:20', '2026-02-09 18:21:20'),
(58, 6, 3, NULL, 'Grupo de gasto', 2025, 9927815.00, 8896238.67, 1031576.33, 89.6092, 20.6400, NULL, '2026-02-09', '2026-02-09 18:21:20', '2026-02-09 18:21:20'),
(59, 6, 4, NULL, 'Grupo de gasto', 2025, 16951171.00, 15224126.00, 1727045.00, 89.8116, 35.2500, NULL, '2026-02-09', '2026-02-09 18:21:20', '2026-02-09 18:21:20'),
(60, 6, 8, NULL, 'Grupo de gasto', 2025, 1267627.00, 1267624.93, 2.07, 99.9998, 2.6400, NULL, '2026-02-09', '2026-02-09 18:21:20', '2026-02-09 18:21:20'),
(61, 6, NULL, 1, 'Fuente de financiamiento', 2025, 31484972.00, 29343265.29, 2141706.71, 93.1977, 65.4700, NULL, '2026-02-09', '2026-02-09 18:21:20', '2026-02-09 18:21:20'),
(62, 6, NULL, 5, 'Fuente de financiamiento', 2025, 1595058.00, 1595058.00, 0.00, 100.0000, 3.3200, NULL, '2026-02-09', '2026-02-09 18:21:20', '2026-02-09 18:21:20'),
(63, 6, NULL, 6, 'Fuente de financiamiento', 2025, 15009113.00, 13319849.00, 1689264.00, 88.7451, 31.2100, NULL, '2026-02-09', '2026-02-09 18:21:20', '2026-02-09 18:21:20'),
(64, 7, 1, NULL, 'Grupo de gasto', 2025, 64987901.00, 61678729.01, 3309171.99, 94.9080, 68.8500, NULL, '2026-02-09', '2026-02-09 18:21:20', '2026-02-09 18:21:20'),
(65, 7, 2, NULL, 'Grupo de gasto', 2025, 8401777.00, 3688262.60, 4713514.40, 43.8986, 8.9000, NULL, '2026-02-09', '2026-02-09 18:21:20', '2026-02-09 18:21:20'),
(66, 7, 3, NULL, 'Grupo de gasto', 2025, 8096664.00, 4263005.23, 3833658.77, 52.6514, 8.5800, NULL, '2026-02-09', '2026-02-09 18:21:20', '2026-02-09 18:21:20'),
(67, 7, 4, NULL, 'Grupo de gasto', 2025, 3411096.00, 1801374.27, 1609721.73, 52.8093, 3.6100, NULL, '2026-02-09', '2026-02-09 18:21:20', '2026-02-09 18:21:20'),
(68, 7, 5, NULL, 'Grupo de gasto', 2025, 2594180.00, 1363438.98, 1230741.02, 52.5576, 2.7500, NULL, '2026-02-09', '2026-02-09 18:21:20', '2026-02-09 18:21:20'),
(69, 7, 8, NULL, 'Grupo de gasto', 2025, 6898545.00, 5509647.44, 1388897.56, 79.8668, 7.3100, NULL, '2026-02-09', '2026-02-09 18:21:20', '2026-02-09 18:21:20'),
(70, 7, NULL, 1, 'Fuente de financiamiento', 2025, 18670074.00, 17667689.29, 1002384.71, 94.6311, 19.7800, NULL, '2026-02-09', '2026-02-09 18:21:20', '2026-02-09 18:21:20'),
(71, 7, NULL, 3, 'Fuente de financiamiento', 2025, 40226728.00, 29430077.29, 10796650.71, 73.1605, 42.6200, NULL, '2026-02-09', '2026-02-09 18:21:20', '2026-02-09 18:21:20'),
(72, 7, NULL, 4, 'Fuente de financiamiento', 2025, 32082265.00, 29405316.68, 2676948.32, 91.6560, 33.9900, NULL, '2026-02-09', '2026-02-09 18:21:20', '2026-02-09 18:21:20'),
(73, 7, NULL, 5, 'Fuente de financiamiento', 2025, 637940.00, 637939.08, 0.92, 99.9999, 0.6800, NULL, '2026-02-09', '2026-02-09 18:21:20', '2026-02-09 18:21:20'),
(74, 7, NULL, 6, 'Fuente de financiamiento', 2025, 2773156.00, 1163435.19, 1609720.81, 41.9535, 2.9400, NULL, '2026-02-09', '2026-02-09 18:21:20', '2026-02-09 18:21:20'),
(75, 8, 1, NULL, 'Grupo de gasto', 2025, 145582624.00, 122452284.11, 23130339.89, 84.1119, 50.9400, NULL, '2026-02-09', '2026-02-09 18:21:20', '2026-02-09 18:21:20'),
(76, 8, 2, NULL, 'Grupo de gasto', 2025, 18651568.00, 9532342.18, 9119225.82, 51.1075, 6.5300, NULL, '2026-02-09', '2026-02-09 18:21:20', '2026-02-09 18:21:20'),
(77, 8, 3, NULL, 'Grupo de gasto', 2025, 23966956.00, 9414811.59, 14552144.41, 39.2825, 8.3900, NULL, '2026-02-09', '2026-02-09 18:21:20', '2026-02-09 18:21:20'),
(78, 8, 4, NULL, 'Grupo de gasto', 2025, 35052828.00, 2527559.06, 32525268.94, 7.2107, 12.2700, NULL, '2026-02-09', '2026-02-09 18:21:20', '2026-02-09 18:21:20'),
(79, 8, 5, NULL, 'Grupo de gasto', 2025, 5933412.00, 4859852.97, 1073559.03, 81.9065, 2.0800, NULL, '2026-02-09', '2026-02-09 18:21:20', '2026-02-09 18:21:20'),
(80, 8, 8, NULL, 'Grupo de gasto', 2025, 56584764.00, 54968450.92, 1616313.08, 97.1436, 19.8000, NULL, '2026-02-09', '2026-02-09 18:21:20', '2026-02-09 18:21:20'),
(81, 8, NULL, 1, 'Fuente de financiamiento', 2025, 58144327.00, 48966800.75, 9177526.25, 84.2160, 20.3500, NULL, '2026-02-09', '2026-02-09 18:21:20', '2026-02-09 18:21:20'),
(82, 8, NULL, 2, 'Fuente de financiamiento', 2025, 227503511.00, 154788500.08, 72715010.92, 68.0379, 79.6100, NULL, '2026-02-09', '2026-02-09 18:21:20', '2026-02-09 18:21:20'),
(83, 8, NULL, 3, 'Fuente de financiamiento', 2025, 18000.00, 0.00, 18000.00, 0.0000, 0.0100, NULL, '2026-02-09', '2026-02-09 18:21:20', '2026-02-09 18:21:20'),
(84, 8, NULL, 4, 'Fuente de financiamiento', 2025, 70000.00, 0.00, 70000.00, 0.0000, 0.0200, NULL, '2026-02-09', '2026-02-09 18:21:20', '2026-02-09 18:21:20'),
(85, 8, NULL, 5, 'Fuente de financiamiento', 2025, 36314.00, 0.00, 36314.00, 0.0000, 0.0100, NULL, '2026-02-09', '2026-02-09 18:21:20', '2026-02-09 18:21:20'),
(86, 9, 2, NULL, 'Grupo de gasto', 2025, 18437387.00, 13249250.70, 5188136.30, 71.8608, 47.5900, NULL, '2026-02-09', '2026-02-09 18:21:20', '2026-02-09 18:21:20'),
(87, 9, 3, NULL, 'Grupo de gasto', 2025, 912396.00, 356599.38, 555796.62, 39.0838, 2.3600, NULL, '2026-02-09', '2026-02-09 18:21:20', '2026-02-09 18:21:20'),
(88, 9, 4, NULL, 'Grupo de gasto', 2025, 1595000.00, 0.00, 1595000.00, 0.0000, 4.1200, NULL, '2026-02-09', '2026-02-09 18:21:20', '2026-02-09 18:21:20'),
(89, 9, 6, NULL, 'Grupo de gasto', 2025, 14739413.00, 12239411.50, 2500001.50, 83.0387, 38.0500, NULL, '2026-02-09', '2026-02-09 18:21:20', '2026-02-09 18:21:20'),
(90, 9, 8, NULL, 'Grupo de gasto', 2025, 3055217.00, 2390258.22, 664958.78, 78.2353, 7.8900, NULL, '2026-02-09', '2026-02-09 18:21:20', '2026-02-09 18:21:20'),
(91, 9, NULL, 2, 'Fuente de financiamiento', 2025, 38739413.00, 28235519.80, 10503893.20, 72.8858, 100.0000, NULL, '2026-02-09', '2026-02-09 18:21:20', '2026-02-09 18:21:20'),
(92, 1, 1, NULL, 'Grupo de gasto', 2026, 205365728.00, 16732959.32, 188632768.70, 8.1479, 37.6800, NULL, '2026-02-09', '2026-02-09 18:23:46', '2026-02-09 18:23:46'),
(93, 1, 2, NULL, 'Grupo de gasto', 2026, 20125695.00, 150575.52, 19975119.48, 0.7482, 3.6900, NULL, '2026-02-09', '2026-02-09 18:23:46', '2026-02-09 18:23:46'),
(94, 1, 3, NULL, 'Grupo de gasto', 2026, 15465640.00, 0.00, 15465640.00, 0.0000, 2.8400, NULL, '2026-02-09', '2026-02-09 18:23:46', '2026-02-09 18:23:46'),
(95, 1, 4, NULL, 'Grupo de gasto', 2026, 10894764.00, 0.00, 10894764.00, 0.0000, 2.0000, NULL, '2026-02-09', '2026-02-09 18:23:46', '2026-02-09 18:23:46'),
(96, 1, 5, NULL, 'Grupo de gasto', 2026, 233525360.00, 29628331.89, 203897028.10, 12.6874, 42.8500, NULL, '2026-02-09', '2026-02-09 18:23:46', '2026-02-09 18:23:46'),
(97, 1, 6, NULL, 'Grupo de gasto', 2026, 41630240.00, 6244535.00, 35385705.00, 15.0000, 7.6400, NULL, '2026-02-09', '2026-02-09 18:23:46', '2026-02-09 18:23:46'),
(98, 1, 8, NULL, 'Grupo de gasto', 2026, 18000000.00, 0.00, 18000000.00, 0.0000, 3.3000, NULL, '2026-02-09', '2026-02-09 18:23:46', '2026-02-09 18:23:46'),
(99, 1, NULL, 1, 'Fuente de financiamiento', 2026, 251903817.00, 15903555.99, 236000261.00, 6.3133, 46.2200, NULL, '2026-02-09', '2026-02-09 18:23:46', '2026-02-09 18:23:46'),
(100, 1, NULL, 2, 'Fuente de financiamiento', 2026, 282960610.00, 36852845.74, 246107764.30, 13.0240, 51.9200, NULL, '2026-02-09', '2026-02-09 18:23:46', '2026-02-09 18:23:46'),
(101, 1, NULL, 3, 'Fuente de financiamiento', 2026, 108000.00, 0.00, 108000.00, 0.0000, 0.0200, NULL, '2026-02-09', '2026-02-09 18:23:46', '2026-02-09 18:23:46'),
(102, 1, NULL, 4, 'Fuente de financiamiento', 2026, 35000.00, 0.00, 35000.00, 0.0000, 0.0100, NULL, '2026-02-09', '2026-02-09 18:23:46', '2026-02-09 18:23:46'),
(103, 1, NULL, 5, 'Fuente de financiamiento', 2026, 10000000.00, 0.00, 10000000.00, 0.0000, 1.8300, NULL, '2026-02-09', '2026-02-09 18:23:46', '2026-02-09 18:23:46'),
(104, 1, NULL, 7, 'Fuente de financiamiento', 2026, 0.00, 0.00, 0.00, 0.0000, 0.0000, NULL, '2026-02-09', '2026-02-09 18:23:46', '2026-02-09 18:23:46'),
(105, 1, NULL, 8, 'Fuente de financiamiento', 2026, 0.00, 1117066.99, -1117066.99, 0.0000, 0.0000, NULL, '2026-02-09', '2026-02-09 18:23:46', '2026-02-09 18:23:46'),
(106, 2, 1, NULL, 'Grupo de gasto', 2026, 9714943.00, 727838.75, 8987104.25, 7.4920, 40.3300, NULL, '2026-02-09', '2026-02-09 18:23:46', '2026-02-09 18:23:46'),
(107, 2, 2, NULL, 'Grupo de gasto', 2026, 5527777.00, 17831.00, 5509946.00, 0.3226, 22.9500, NULL, '2026-02-09', '2026-02-09 18:23:46', '2026-02-09 18:23:46'),
(108, 2, 3, NULL, 'Grupo de gasto', 2026, 807550.00, 0.00, 807550.00, 0.0000, 3.3500, NULL, '2026-02-09', '2026-02-09 18:23:46', '2026-02-09 18:23:46'),
(109, 2, 4, NULL, 'Grupo de gasto', 2026, 8000000.00, 0.00, 8000000.00, 0.0000, 33.2100, NULL, '2026-02-09', '2026-02-09 18:23:46', '2026-02-09 18:23:46'),
(110, 2, 5, NULL, 'Grupo de gasto', 2026, 37000.00, 0.00, 37000.00, 0.0000, 0.1500, NULL, '2026-02-09', '2026-02-09 18:23:46', '2026-02-09 18:23:46'),
(111, 2, 8, NULL, 'Grupo de gasto', 2026, 0.00, 0.00, 0.00, 0.0000, 3.2200, NULL, '2026-02-09', '2026-02-09 18:23:46', '2026-02-09 18:23:46'),
(112, 2, NULL, 1, 'Fuente de financiamiento', 2026, 14927270.00, 745669.75, 14181600.25, 4.9954, 61.9700, NULL, '2026-02-09', '2026-02-09 18:23:46', '2026-02-09 18:23:46'),
(113, 2, NULL, 3, 'Fuente de financiamiento', 2026, 660000.00, 0.00, 660000.00, 0.0000, 2.7400, NULL, '2026-02-09', '2026-02-09 18:23:46', '2026-02-09 18:23:46'),
(114, 2, NULL, 4, 'Fuente de financiamiento', 2026, 500000.00, 0.00, 500000.00, 0.0000, 2.0800, NULL, '2026-02-09', '2026-02-09 18:23:46', '2026-02-09 18:23:46'),
(115, 2, NULL, 5, 'Fuente de financiamiento', 2026, 8000000.00, 0.00, 8000000.00, 0.0000, 33.2100, NULL, '2026-02-09', '2026-02-09 18:23:46', '2026-02-09 18:23:46'),
(116, 3, 1, NULL, 'Grupo de gasto', 2026, 16805379.00, 1334608.49, 15470770.51, 7.9416, 52.9100, NULL, '2026-02-09', '2026-02-09 18:23:46', '2026-02-09 18:23:46'),
(117, 3, 2, NULL, 'Grupo de gasto', 2026, 4242041.00, 35058.59, 4206982.41, 0.8265, 13.3600, NULL, '2026-02-09', '2026-02-09 18:23:46', '2026-02-09 18:23:46'),
(118, 3, 3, NULL, 'Grupo de gasto', 2026, 1438550.00, 1200.00, 1437350.00, 0.0834, 4.5300, NULL, '2026-02-09', '2026-02-09 18:23:46', '2026-02-09 18:23:46'),
(119, 3, 4, NULL, 'Grupo de gasto', 2026, 5000000.00, 0.00, 5000000.00, 0.0000, 15.7400, NULL, '2026-02-09', '2026-02-09 18:23:46', '2026-02-09 18:23:46'),
(120, 3, 5, NULL, 'Grupo de gasto', 2026, 0.00, 0.00, 0.00, 0.0000, 0.0000, NULL, '2026-02-09', '2026-02-09 18:23:46', '2026-02-09 18:23:46'),
(121, 3, 8, NULL, 'Grupo de gasto', 2026, 4275030.00, 0.00, 4275030.00, 0.0000, 13.4600, NULL, '2026-02-09', '2026-02-09 18:23:46', '2026-02-09 18:23:46'),
(122, 3, NULL, 1, 'Fuente de financiamiento', 2026, 11108000.00, 402128.96, 10705871.04, 3.6202, 34.9700, NULL, '2026-02-09', '2026-02-09 18:23:46', '2026-02-09 18:23:46'),
(123, 3, NULL, 3, 'Fuente de financiamiento', 2026, 15153000.00, 939555.80, 14213444.20, 6.2005, 47.7100, NULL, '2026-02-09', '2026-02-09 18:23:46', '2026-02-09 18:23:46'),
(124, 3, NULL, 4, 'Fuente de financiamiento', 2026, 500000.00, 29182.32, 470817.68, 5.8365, 1.5700, NULL, '2026-02-09', '2026-02-09 18:23:46', '2026-02-09 18:23:46'),
(125, 3, NULL, 5, 'Fuente de financiamiento', 2026, 5000000.00, 0.00, 5000000.00, 0.0000, 15.7400, NULL, '2026-02-09', '2026-02-09 18:23:46', '2026-02-09 18:23:46'),
(126, 3, NULL, 6, 'Fuente de financiamiento', 2026, 0.00, 0.00, 0.00, 0.0000, 0.0000, NULL, '2026-02-09', '2026-02-09 18:23:46', '2026-02-09 18:23:46'),
(127, 4, 1, NULL, 'Grupo de gasto', 2026, 36796959.00, 3481368.14, 33315590.86, 9.4610, 4.8000, NULL, '2026-02-09', '2026-02-09 18:23:46', '2026-02-09 18:23:46'),
(128, 4, 2, NULL, 'Grupo de gasto', 2026, 38465248.00, 84212.91, 38381035.09, 0.2189, 5.0200, NULL, '2026-02-09', '2026-02-09 18:23:46', '2026-02-09 18:23:46'),
(129, 4, 3, NULL, 'Grupo de gasto', 2026, 675877384.00, 104093.50, 675773290.50, 0.0154, 88.2200, NULL, '2026-02-09', '2026-02-09 18:23:46', '2026-02-09 18:23:46'),
(130, 4, 4, NULL, 'Grupo de gasto', 2026, 15000000.00, 0.00, 15000000.00, 0.0000, 1.9600, NULL, '2026-02-09', '2026-02-09 18:23:46', '2026-02-09 18:23:46'),
(131, 4, 5, NULL, 'Grupo de gasto', 2026, 0.00, 372372.38, -372372.38, 0.0000, 0.1400, NULL, '2026-02-09', '2026-02-09 18:23:46', '2026-02-09 18:23:46'),
(132, 4, 8, NULL, 'Grupo de gasto', 2026, 0.00, 6606069.31, -6606069.31, 0.0000, 1.5900, NULL, '2026-02-09', '2026-02-09 18:23:46', '2026-02-09 18:23:46'),
(133, 4, NULL, 1, 'Fuente de financiamiento', 2026, 11779851.00, 985561.72, 10794289.28, 8.3665, 1.5400, NULL, '2026-02-09', '2026-02-09 18:23:46', '2026-02-09 18:23:46'),
(134, 4, NULL, 2, 'Fuente de financiamiento', 2026, 402359740.00, 2684112.83, 399675627.20, 0.6671, 52.5200, NULL, '2026-02-09', '2026-02-09 18:23:46', '2026-02-09 18:23:46'),
(135, 4, NULL, 5, 'Fuente de financiamiento', 2026, 352000000.00, 0.00, 352000000.00, 0.0000, 45.9400, NULL, '2026-02-09', '2026-02-09 18:23:46', '2026-02-09 18:23:46'),
(136, 4, NULL, 6, 'Fuente de financiamiento', 2026, 0.00, 0.00, 0.00, 0.0000, 0.0000, NULL, '2026-02-09', '2026-02-09 18:23:46', '2026-02-09 18:23:46'),
(137, 5, 1, NULL, 'Grupo de gasto', 2026, 44117538.00, 2827849.20, 41289688.80, 6.4098, 10.9500, NULL, '2026-02-09', '2026-02-09 18:23:46', '2026-02-09 18:23:46'),
(138, 5, 2, NULL, 'Grupo de gasto', 2026, 70314987.00, 42752.40, 70272234.60, 0.0608, 17.4600, NULL, '2026-02-09', '2026-02-09 18:23:46', '2026-02-09 18:23:46'),
(139, 5, 3, NULL, 'Grupo de gasto', 2026, 81842440.00, 0.00, 81842440.00, 0.0000, 20.3200, NULL, '2026-02-09', '2026-02-09 18:23:46', '2026-02-09 18:23:46'),
(140, 5, 4, NULL, 'Grupo de gasto', 2026, 184000000.00, 0.00, 184000000.00, 0.0000, 45.6900, NULL, '2026-02-09', '2026-02-09 18:23:46', '2026-02-09 18:23:46'),
(141, 5, 5, NULL, 'Grupo de gasto', 2026, 734700.00, 0.00, 734700.00, 0.0000, 0.1800, NULL, '2026-02-09', '2026-02-09 18:23:46', '2026-02-09 18:23:46'),
(142, 5, 7, NULL, 'Grupo de gasto', 2026, 20000000.00, 0.00, 20000000.00, 0.0000, 4.9700, NULL, '2026-02-09', '2026-02-09 18:23:46', '2026-02-09 18:23:46'),
(143, 5, 8, NULL, 'Grupo de gasto', 2026, 1740300.00, 0.00, 1740300.00, 0.0000, 0.4300, NULL, '2026-02-09', '2026-02-09 18:23:46', '2026-02-09 18:23:46'),
(144, 5, NULL, 1, 'Fuente de financiamiento', 2026, 205749965.00, 2869047.60, 202880917.40, 1.3944, 74.4300, NULL, '2026-02-09', '2026-02-09 18:23:46', '2026-02-09 18:23:46'),
(145, 5, NULL, 5, 'Fuente de financiamiento', 2026, 197000000.00, 0.00, 197000000.00, 0.0000, 51.0900, NULL, '2026-02-09', '2026-02-09 18:23:46', '2026-02-09 18:23:46'),
(146, 5, NULL, 6, 'Fuente de financiamiento', 2026, 0.00, 0.00, 0.00, 0.0000, 48.9100, NULL, '2026-02-09', '2026-02-09 18:23:46', '2026-02-09 18:23:46'),
(147, 6, 1, NULL, 'Grupo de gasto', 2026, 16910309.00, 1321917.44, 15588391.56, 7.8172, 32.9500, NULL, '2026-02-09', '2026-02-09 18:23:46', '2026-02-09 18:23:46'),
(148, 6, 2, NULL, 'Grupo de gasto', 2026, 3088643.00, 51764.21, 3036878.79, 1.6760, 6.0200, NULL, '2026-02-09', '2026-02-09 18:23:46', '2026-02-09 18:23:46'),
(149, 6, 3, NULL, 'Grupo de gasto', 2026, 11323578.00, 0.00, 11323578.00, 0.0000, 22.0600, NULL, '2026-02-09', '2026-02-09 18:23:46', '2026-02-09 18:23:46'),
(150, 6, 4, NULL, 'Grupo de gasto', 2026, 20000000.00, 0.00, 20000000.00, 0.0000, 38.9700, NULL, '2026-02-09', '2026-02-09 18:23:46', '2026-02-09 18:23:46'),
(151, 6, 8, NULL, 'Grupo de gasto', 2026, 0.00, 0.00, 0.00, 0.0000, 0.0000, NULL, '2026-02-09', '2026-02-09 18:23:46', '2026-02-09 18:23:46'),
(152, 6, NULL, 1, 'Fuente de financiamiento', 2026, 31322530.00, 1373681.65, 29948848.35, 4.3856, 61.0300, NULL, '2026-02-09', '2026-02-09 18:23:46', '2026-02-09 18:23:46'),
(153, 6, NULL, 5, 'Fuente de financiamiento', 2026, 20000000.00, 0.00, 20000000.00, 0.0000, 38.9700, NULL, '2026-02-09', '2026-02-09 18:23:46', '2026-02-09 18:23:46'),
(154, 6, NULL, 6, 'Fuente de financiamiento', 2026, 0.00, 0.00, 0.00, 0.0000, 0.0000, NULL, '2026-02-09', '2026-02-09 18:23:46', '2026-02-09 18:23:46'),
(155, 7, 1, NULL, 'Grupo de gasto', 2026, 47426251.00, 5483683.50, 41942567.50, 11.5625, 38.8000, NULL, '2026-02-09', '2026-02-09 18:23:46', '2026-02-09 18:23:46'),
(156, 7, 2, NULL, 'Grupo de gasto', 2026, 23422201.00, 74338.30, 23347862.70, 0.3174, 19.1600, NULL, '2026-02-09', '2026-02-09 18:23:46', '2026-02-09 18:23:46'),
(157, 7, 3, NULL, 'Grupo de gasto', 2026, 11499390.00, 0.00, 11499390.00, 0.0000, 9.4100, NULL, '2026-02-09', '2026-02-09 18:23:46', '2026-02-09 18:23:46'),
(158, 7, 4, NULL, 'Grupo de gasto', 2026, 30000000.00, 0.00, 30000000.00, 0.0000, 24.5500, NULL, '2026-02-09', '2026-02-09 18:23:46', '2026-02-09 18:23:46'),
(159, 7, 5, NULL, 'Grupo de gasto', 2026, 2594180.00, 0.00, 2594180.00, 0.0000, 2.1200, NULL, '2026-02-09', '2026-02-09 18:23:46', '2026-02-09 18:23:46'),
(160, 7, 8, NULL, 'Grupo de gasto', 2026, 7279395.00, 0.00, 7279395.00, 0.0000, 5.9600, NULL, '2026-02-09', '2026-02-09 18:23:46', '2026-02-09 18:23:46'),
(161, 7, NULL, 1, 'Fuente de financiamiento', 2026, 18651417.00, 3722101.49, 14929315.51, 19.9561, 15.2600, NULL, '2026-02-09', '2026-02-09 18:23:46', '2026-02-09 18:23:46'),
(162, 7, NULL, 3, 'Fuente de financiamiento', 2026, 60570000.00, 1761582.01, 58808417.99, 2.9083, 49.5600, NULL, '2026-02-09', '2026-02-09 18:23:46', '2026-02-09 18:23:46'),
(163, 7, NULL, 4, 'Fuente de financiamiento', 2026, 13000000.00, 74338.30, 12925661.70, 0.5718, 10.6400, NULL, '2026-02-09', '2026-02-09 18:23:46', '2026-02-09 18:23:46'),
(164, 7, NULL, 5, 'Fuente de financiamiento', 2026, 30000000.00, 0.00, 30000000.00, 0.0000, 24.5500, NULL, '2026-02-09', '2026-02-09 18:23:46', '2026-02-09 18:23:46'),
(165, 7, NULL, 6, 'Fuente de financiamiento', 2026, 0.00, 0.00, 0.00, 0.0000, 0.0000, NULL, '2026-02-09', '2026-02-09 18:23:46', '2026-02-09 18:23:46'),
(166, 8, 1, NULL, 'Grupo de gasto', 2026, 167461878.00, 11661292.31, 155800585.70, 6.9636, 28.4500, NULL, '2026-02-09', '2026-02-09 18:23:46', '2026-02-09 18:23:46'),
(167, 8, 2, NULL, 'Grupo de gasto', 2026, 92770280.00, 229716.85, 92540563.15, 0.2476, 15.7600, NULL, '2026-02-09', '2026-02-09 18:23:46', '2026-02-09 18:23:46'),
(168, 8, 3, NULL, 'Grupo de gasto', 2026, 198864425.00, 4500.00, 198859925.00, 0.0023, 33.7900, NULL, '2026-02-09', '2026-02-09 18:23:46', '2026-02-09 18:23:46'),
(169, 8, 4, NULL, 'Grupo de gasto', 2026, 97470000.00, 0.00, 97470000.00, 0.0000, 16.5600, NULL, '2026-02-09', '2026-02-09 18:23:46', '2026-02-09 18:23:46'),
(170, 8, 5, NULL, 'Grupo de gasto', 2026, 7820000.00, 0.00, 7820000.00, 0.0000, 1.3300, NULL, '2026-02-09', '2026-02-09 18:23:46', '2026-02-09 18:23:46'),
(171, 8, 8, NULL, 'Grupo de gasto', 2026, 24161217.00, 0.00, 24161217.00, 0.0000, 4.1100, NULL, '2026-02-09', '2026-02-09 18:23:46', '2026-02-09 18:23:46'),
(172, 8, NULL, 1, 'Fuente de financiamiento', 2026, 129557150.00, 1676681.67, 127880468.30, 1.2942, 22.0100, NULL, '2026-02-09', '2026-02-09 18:23:46', '2026-02-09 18:23:46'),
(173, 8, NULL, 2, 'Fuente de financiamiento', 2026, 265902650.00, 10218827.49, 255683822.50, 3.8431, 45.1800, NULL, '2026-02-09', '2026-02-09 18:23:46', '2026-02-09 18:23:46'),
(174, 8, NULL, 3, 'Fuente de financiamiento', 2026, 18000.00, 0.00, 18000.00, 0.0000, 0.0000, NULL, '2026-02-09', '2026-02-09 18:23:46', '2026-02-09 18:23:46'),
(175, 8, NULL, 4, 'Fuente de financiamiento', 2026, 70000.00, 0.00, 70000.00, 0.0000, 0.0100, NULL, '2026-02-09', '2026-02-09 18:23:46', '2026-02-09 18:23:46'),
(176, 8, NULL, 5, 'Fuente de financiamiento', 2026, 193000000.00, 0.00, 193000000.00, 0.0000, 32.7900, NULL, '2026-02-09', '2026-02-09 18:23:46', '2026-02-09 18:23:46'),
(177, 9, 2, NULL, 'Grupo de gasto', 2026, 16708545.00, 582116.21, 16126428.79, 3.4839, 27.7300, NULL, '2026-02-09', '2026-02-09 18:23:46', '2026-02-09 18:23:46'),
(178, 9, 3, NULL, 'Grupo de gasto', 2026, 879011.00, 0.00, 879011.00, 0.0000, 1.4600, NULL, '2026-02-09', '2026-02-09 18:23:46', '2026-02-09 18:23:46'),
(179, 9, 4, NULL, 'Grupo de gasto', 2026, 36265000.00, 0.00, 36265000.00, 0.0000, 60.1800, NULL, '2026-02-09', '2026-02-09 18:23:46', '2026-02-09 18:23:46'),
(180, 9, 6, NULL, 'Grupo de gasto', 2026, 0.00, 0.00, 0.00, 0.0000, 0.0000, NULL, '2026-02-09', '2026-02-09 18:23:46', '2026-02-09 18:23:46'),
(181, 9, 8, NULL, 'Grupo de gasto', 2026, 6412444.00, 0.00, 6412444.00, 0.0000, 10.6400, NULL, '2026-02-09', '2026-02-09 18:23:46', '2026-02-09 18:23:46'),
(182, 9, NULL, 2, 'Fuente de financiamiento', 2026, 60265000.00, 582116.21, 59682883.79, 0.9659, 100.0000, NULL, '2026-02-09', '2026-02-09 18:23:46', '2026-02-09 18:23:46');

-- --------------------------------------------------------

--
-- Estructura de tabla para la tabla `ejecucion_ministerios`
--

CREATE TABLE `ejecucion_ministerios` (
  `id` int NOT NULL,
  `ministerio_id` int NOT NULL,
  `anio` int NOT NULL DEFAULT '2025',
  `asignado` decimal(18,2) DEFAULT '0.00',
  `modificado` decimal(18,2) DEFAULT '0.00',
  `vigente` decimal(18,2) DEFAULT '0.00',
  `devengado` decimal(18,2) DEFAULT '0.00',
  `saldo_por_devengar` decimal(18,2) DEFAULT '0.00',
  `porcentaje_ejecucion` decimal(8,4) DEFAULT '0.0000',
  `porcentaje_relativo` decimal(8,4) DEFAULT '0.0000',
  `periodo` varchar(20) COLLATE utf8mb4_unicode_ci DEFAULT NULL,
  `fecha_registro` date DEFAULT (curdate()),
  `created_at` timestamp NULL DEFAULT CURRENT_TIMESTAMP,
  `updated_at` timestamp NULL DEFAULT CURRENT_TIMESTAMP ON UPDATE CURRENT_TIMESTAMP
) ENGINE=InnoDB DEFAULT CHARSET=utf8mb4 COLLATE=utf8mb4_unicode_ci;

--
-- Volcado de datos para la tabla `ejecucion_ministerios`
--

INSERT INTO `ejecucion_ministerios` (`id`, `ministerio_id`, `anio`, `asignado`, `modificado`, `vigente`, `devengado`, `saldo_por_devengar`, `porcentaje_ejecucion`, `porcentaje_relativo`, `periodo`, `fecha_registro`, `created_at`, `updated_at`) VALUES
(1, 1, 2025, 3859965720.00, 1151697401.00, 5011663121.00, 5009691815.18, 1971305.82, 99.9607, 6.9822, NULL, '2026-02-09', '2026-02-09 18:21:40', '2026-02-09 18:21:40'),
(2, 2, 2025, 2579702000.00, 673106479.00, 3252808479.00, 3210494903.39, 42904759.99, 98.6992, 4.5318, NULL, '2026-02-09', '2026-02-09 18:21:40', '2026-02-09 18:21:40'),
(3, 3, 2025, 980000000.00, -44018795.00, 935981205.00, 902806573.89, 33793549.76, 96.4556, 1.3040, NULL, '2026-02-09', '2026-02-09 18:21:40', '2026-02-09 18:21:40'),
(4, 4, 2025, 8272774000.00, -272006000.00, 8000768000.00, 7624300453.93, 376450031.47, 95.2946, 11.1465, NULL, '2026-02-09', '2026-02-09 18:21:40', '2026-02-09 18:21:40'),
(5, 5, 2025, 2414418000.00, -538000000.00, 1876418000.00, 1786613884.02, 88963184.98, 95.2141, 2.6142, NULL, '2026-02-09', '2026-02-09 18:21:40', '2026-02-09 18:21:40'),
(6, 6, 2025, 25649968000.00, -120000000.00, 25529968000.00, 24145368211.01, 1384096991.73, 94.5766, 35.5679, NULL, '2026-02-09', '2026-02-09 18:21:40', '2026-02-09 18:21:40'),
(7, 7, 2025, 505041000.00, -58370806.00, 446670194.00, 421493005.77, 25154845.86, 94.3634, 0.6223, NULL, '2026-02-09', '2026-02-09 18:21:40', '2026-02-09 18:21:40'),
(8, 8, 2025, 977678000.00, -300000000.00, 677678000.00, 632529885.37, 1242991762.73, 93.3378, 0.9441, NULL, '2026-02-09', '2026-02-09 18:21:40', '2026-02-09 18:21:40'),
(9, 9, 2025, 15199951000.00, 0.00, 15199951000.00, 13987152271.80, 55648824.14, 92.0210, 21.1763, NULL, '2026-02-09', '2026-02-09 18:21:40', '2026-02-09 18:21:40'),
(10, 10, 2025, 367000000.00, -62019584.00, 304980416.00, 272064519.64, 32915896.36, 89.2072, 0.4249, NULL, '2026-02-09', '2026-02-09 18:21:40', '2026-02-09 18:21:40'),
(11, 11, 2025, 2592102000.00, -646571367.00, 1945530633.00, 1734778110.42, 211067496.29, 89.1674, 2.7105, NULL, '2026-02-09', '2026-02-09 18:21:40', '2026-02-09 18:21:40'),
(12, 12, 2025, 106500000.00, 10000000.00, 116500000.00, 101618654.77, 14876628.31, 87.2263, 0.1623, NULL, '2026-02-09', '2026-02-09 18:21:40', '2026-02-09 18:21:40'),
(13, 13, 2025, 9929875000.00, -2403139273.00, 7526735727.00, 5132321361.21, 328019107.73, 68.1879, 10.4861, NULL, '2026-02-09', '2026-02-09 18:21:40', '2026-02-09 18:21:40'),
(14, 14, 2025, 1001272000.00, -48829501.00, 952442499.00, 624423391.27, 2745160293.11, 65.5602, 1.3269, NULL, '2026-02-09', '2026-02-09 18:21:40', '2026-02-09 18:21:40'),
(15, 6, 2026, 25649968000.00, 0.00, 25649968000.00, 2872333777.49, 1971305.82, 11.1982, 34.3207, NULL, '2026-02-09', '2026-02-09 18:24:03', '2026-02-09 18:24:03'),
(16, 4, 2026, 8272774000.00, 0.00, 8272774000.00, 618736887.27, 42904759.99, 7.4792, 11.0693, NULL, '2026-02-09', '2026-02-09 18:24:03', '2026-02-09 18:24:03'),
(17, 1, 2026, 3859965720.00, 0.00, 3859965720.00, 288389985.78, 33793549.76, 7.4713, 5.1648, NULL, '2026-02-09', '2026-02-09 18:24:03', '2026-02-09 18:24:03'),
(18, 7, 2026, 505041000.00, 0.00, 505041000.00, 35026848.66, 376450031.47, 6.9354, 0.6758, NULL, '2026-02-09', '2026-02-09 18:24:03', '2026-02-09 18:24:03'),
(19, 5, 2026, 2414418000.00, 0.00, 2414418000.00, 162490930.16, 88963184.98, 6.7300, 3.2306, NULL, '2026-02-09', '2026-02-09 18:24:03', '2026-02-09 18:24:03'),
(20, 9, 2026, 15199951000.00, 0.00, 15199951000.00, 1000849626.42, 1384096991.73, 6.5846, 20.3381, NULL, '2026-02-09', '2026-02-09 18:24:03', '2026-02-09 18:24:03'),
(21, 12, 2026, 106500000.00, 0.00, 106500000.00, 6797054.21, 25154845.86, 6.3822, 0.1425, NULL, '2026-02-09', '2026-02-09 18:24:03', '2026-02-09 18:24:03'),
(22, 3, 2026, 980000000.00, 0.00, 980000000.00, 44359259.15, 1242991762.73, 4.5265, 1.3113, NULL, '2026-02-09', '2026-02-09 18:24:03', '2026-02-09 18:24:03'),
(23, 10, 2026, 367000000.00, 0.00, 367000000.00, 14884393.38, 55648824.14, 4.0557, 0.4911, NULL, '2026-02-09', '2026-02-09 18:24:03', '2026-02-09 18:24:03'),
(24, 14, 2026, 1001272000.00, 0.00, 1001272000.00, 38706268.69, 32915896.36, 3.8657, 1.3397, NULL, '2026-02-09', '2026-02-09 18:24:03', '2026-02-09 18:24:03'),
(25, 2, 2026, 2879702000.00, 0.00, 2879702000.00, 106252327.82, 211067496.29, 3.6897, 3.8532, NULL, '2026-02-09', '2026-02-09 18:24:03', '2026-02-09 18:24:03'),
(26, 11, 2026, 2592102000.00, 0.00, 2592102000.00, 80822543.53, 14876628.31, 3.1180, 3.4683, NULL, '2026-02-09', '2026-02-09 18:24:03', '2026-02-09 18:24:03'),
(27, 8, 2026, 977678000.00, 0.00, 977678000.00, 28467190.84, 328019107.73, 2.9117, 1.3082, NULL, '2026-02-09', '2026-02-09 18:24:03', '2026-02-09 18:24:03'),
(28, 13, 2026, 9929875000.00, 0.00, 9929875000.00, 84658703.08, 2745160293.11, 0.8526, 13.2866, NULL, '2026-02-09', '2026-02-09 18:24:03', '2026-02-09 18:24:03');

-- --------------------------------------------------------

--
-- Estructura de tabla para la tabla `ejecucion_principal`
--

CREATE TABLE `ejecucion_principal` (
  `id` int NOT NULL,
  `unidad_ejecutora_id` int DEFAULT NULL,
  `programa_id` int DEFAULT NULL,
  `grupo_gasto_id` int DEFAULT NULL,
  `fuente_financiamiento_id` int DEFAULT NULL,
  `tipo_ejecucion_id` int NOT NULL,
  `anio` int NOT NULL DEFAULT '2025',
  `asignado` decimal(18,2) DEFAULT '0.00',
  `modificado` decimal(18,2) DEFAULT '0.00',
  `vigente` decimal(18,2) DEFAULT '0.00',
  `devengado` decimal(18,2) DEFAULT '0.00',
  `saldo_por_devengar` decimal(18,2) DEFAULT '0.00',
  `porcentaje_ejecucion` decimal(8,4) DEFAULT '0.0000',
  `porcentaje_relativo` decimal(8,4) DEFAULT '0.0000',
  `porcentaje_ejecucion_al_dia` decimal(8,4) DEFAULT NULL,
  `periodo` varchar(20) COLLATE utf8mb4_unicode_ci DEFAULT NULL,
  `fecha_registro` date DEFAULT (curdate()),
  `created_at` timestamp NULL DEFAULT CURRENT_TIMESTAMP,
  `updated_at` timestamp NULL DEFAULT CURRENT_TIMESTAMP ON UPDATE CURRENT_TIMESTAMP
) ENGINE=InnoDB DEFAULT CHARSET=utf8mb4 COLLATE=utf8mb4_unicode_ci;

--
-- Volcado de datos para la tabla `ejecucion_principal`
--

INSERT INTO `ejecucion_principal` (`id`, `unidad_ejecutora_id`, `programa_id`, `grupo_gasto_id`, `fuente_financiamiento_id`, `tipo_ejecucion_id`, `anio`, `asignado`, `modificado`, `vigente`, `devengado`, `saldo_por_devengar`, `porcentaje_ejecucion`, `porcentaje_relativo`, `porcentaje_ejecucion_al_dia`, `periodo`, `fecha_registro`, `created_at`, `updated_at`) VALUES
(94, 1, NULL, NULL, NULL, 1, 2025, 545007427.00, 157602682.00, 702610109.00, 670379957.77, 32230151.23, 95.4128, 36.1100, 89.1700, NULL, '2026-02-09', '2026-02-09 18:20:59', '2026-02-09 18:20:59'),
(95, 2, NULL, NULL, NULL, 1, 2025, 24087270.00, -7511079.00, 16576191.00, 13223413.05, 3352777.95, 79.7735, 0.8500, NULL, NULL, '2026-02-09', '2026-02-09 18:20:59', '2026-02-09 18:20:59'),
(96, 3, NULL, NULL, NULL, 1, 2025, 31761000.00, -2462020.00, 29298980.00, 28151789.72, 1147190.28, 96.0845, 1.5100, NULL, NULL, '2026-02-09', '2026-02-09 18:20:59', '2026-02-09 18:20:59'),
(97, 4, NULL, NULL, NULL, 1, 2025, 766139591.00, -346245304.00, 419894287.00, 411374043.93, 8520243.07, 97.9709, 21.5800, NULL, NULL, '2026-02-09', '2026-02-09 18:20:59', '2026-02-09 18:20:59'),
(98, 5, NULL, NULL, NULL, 1, 2025, 402749965.00, -92589770.00, 310160195.00, 256337864.94, 53822330.06, 82.6469, 15.9400, NULL, NULL, '2026-02-09', '2026-02-09 18:20:59', '2026-02-09 18:20:59'),
(99, 6, NULL, NULL, NULL, 1, 2025, 51322530.00, -3233387.00, 48089143.00, 44258172.29, 3830970.71, 92.0336, 2.4700, NULL, NULL, '2026-02-09', '2026-02-09 18:20:59', '2026-02-09 18:20:59'),
(100, 7, NULL, NULL, NULL, 1, 2025, 122221417.00, -27831254.00, 94390163.00, 78304457.53, 16085705.47, 82.9583, 4.8500, NULL, NULL, '2026-02-09', '2026-02-09 18:20:59', '2026-02-09 18:20:59'),
(101, 8, NULL, NULL, NULL, 1, 2025, 588547800.00, -302775648.00, 285772152.00, 203755300.83, 82016851.17, 71.2999, 14.6900, NULL, NULL, '2026-02-09', '2026-02-09 18:20:59', '2026-02-09 18:20:59'),
(102, 9, NULL, NULL, NULL, 1, 2025, 60265000.00, -21525587.00, 38739413.00, 28993110.36, 9746302.64, 74.8414, 1.9900, NULL, NULL, '2026-02-09', '2026-02-09 18:20:59', '2026-02-09 18:20:59'),
(103, NULL, 1, NULL, NULL, 2, 2025, 288647129.00, -67312744.00, 221334385.00, 189800151.41, 31534233.59, 85.7527, 11.3800, NULL, NULL, '2026-02-09', '2026-02-09 18:20:59', '2026-02-09 18:20:59'),
(104, NULL, 2, NULL, NULL, 2, 2025, 1200060251.00, -515382971.00, 684677280.00, 633285022.46, 51392257.54, 92.4939, 35.1900, NULL, NULL, '2026-02-09', '2026-02-09 18:20:59', '2026-02-09 18:20:59'),
(105, NULL, 3, NULL, NULL, 2, 2025, 123231097.00, -40372722.00, 82858375.00, 75941585.26, 6916789.74, 91.6523, 4.2600, NULL, NULL, '2026-02-09', '2026-02-09 18:20:59', '2026-02-09 18:20:59'),
(106, NULL, 4, NULL, NULL, 2, 2025, 693191253.00, -175551109.00, 517640144.00, 403780406.55, 113859737.50, 78.0041, 26.6100, NULL, NULL, '2026-02-09', '2026-02-09 18:20:59', '2026-02-09 18:20:59'),
(107, NULL, 5, NULL, NULL, 2, 2025, 14419000.00, -4489971.00, 9929029.00, 8751258.01, 1177770.99, 88.1381, 0.5100, NULL, NULL, '2026-02-09', '2026-02-09 18:20:59', '2026-02-09 18:20:59'),
(108, NULL, 6, NULL, NULL, 2, 2025, 272553270.00, 156538150.00, 429091420.00, 423219686.73, 5871733.27, 98.6316, 22.0600, NULL, NULL, '2026-02-09', '2026-02-09 18:20:59', '2026-02-09 18:20:59'),
(109, NULL, NULL, 1, NULL, 3, 2025, 544598985.00, -5755959.00, 538843026.00, 491147646.59, 47695379.41, 91.1486, 27.7000, NULL, NULL, '2026-02-09', '2026-02-09 18:20:59', '2026-02-09 18:20:59'),
(110, NULL, NULL, 2, NULL, 3, 2025, 270940417.00, -134196915.00, 136743502.00, 110988494.76, 25755007.24, 81.1655, 7.0300, NULL, NULL, '2026-02-09', '2026-02-09 18:20:59', '2026-02-09 18:20:59'),
(111, NULL, NULL, 3, NULL, 3, 2025, 1001722968.00, -439470907.00, 562252061.00, 495773610.39, 66478450.61, 88.1764, 28.9000, NULL, NULL, '2026-02-09', '2026-02-09 18:20:59', '2026-02-09 18:20:59'),
(112, NULL, NULL, 4, NULL, 3, 2025, 370364764.00, -280028082.00, 90336682.00, 39581072.52, 50755609.48, 43.8151, 4.6400, NULL, NULL, '2026-02-09', '2026-02-09 18:20:59', '2026-02-09 18:20:59'),
(113, NULL, NULL, 5, NULL, 3, 2025, 244711240.00, 66176639.00, 310887879.00, 300203654.83, 10684224.17, 96.5633, 15.9800, NULL, NULL, '2026-02-09', '2026-02-09 18:20:59', '2026-02-09 18:20:59'),
(114, NULL, NULL, 6, NULL, 3, 2025, 77895240.00, 67971763.00, 145867003.00, 143361688.50, 2505314.50, 98.2825, 7.5000, NULL, NULL, '2026-02-09', '2026-02-09 18:20:59', '2026-02-09 18:20:59'),
(115, NULL, NULL, 7, NULL, 3, 2025, 20000000.00, 0.00, 20000000.00, 17977061.33, 2022938.67, 89.8853, 1.0300, NULL, NULL, '2026-02-09', '2026-02-09 18:20:59', '2026-02-09 18:20:59'),
(116, NULL, NULL, 8, NULL, 3, 2025, 61868386.00, 78732094.00, 140600480.00, 135744881.50, 4855598.50, 96.5465, 7.2300, NULL, NULL, '2026-02-09', '2026-02-09 18:20:59', '2026-02-09 18:20:59'),
(117, NULL, NULL, NULL, 1, 4, 2025, 675000000.00, 0.00, 675000000.00, 583949404.30, 91050595.70, 86.5110, 34.6900, NULL, NULL, '2026-02-09', '2026-02-09 18:20:59', '2026-02-09 18:20:59'),
(118, NULL, NULL, NULL, 2, 4, 2025, 1011488000.00, -21525587.00, 989962413.00, 902092440.24, 87869972.76, 91.1239, 50.8800, NULL, NULL, '2026-02-09', '2026-02-09 18:20:59', '2026-02-09 18:20:59'),
(119, NULL, NULL, NULL, 3, 4, 2025, 76509000.00, -23797112.00, 52711888.00, 40832657.41, 11879230.59, 77.4638, 2.7100, NULL, NULL, '2026-02-09', '2026-02-09 18:20:59', '2026-02-09 18:20:59'),
(120, NULL, NULL, NULL, 4, 4, 2025, 14105000.00, 23797112.00, 37902112.00, 34174902.27, 3727209.73, 90.1662, 1.9500, NULL, NULL, '2026-02-09', '2026-02-09 18:20:59', '2026-02-09 18:20:59'),
(121, NULL, NULL, NULL, 5, 4, 2025, 815000000.00, -734458193.00, 80541807.00, 79194103.87, 1347703.13, 98.3267, 4.1400, NULL, NULL, '2026-02-09', '2026-02-09 18:20:59', '2026-02-09 18:20:59'),
(122, NULL, NULL, NULL, 6, 4, 2025, 0.00, 102412413.00, 102412413.00, 87575275.21, 14837137.79, 85.5124, 5.2600, NULL, NULL, '2026-02-09', '2026-02-09 18:20:59', '2026-02-09 18:20:59'),
(123, NULL, NULL, NULL, 7, 4, 2025, 0.00, 5875000.00, 5875000.00, 5842260.13, 32739.87, 99.4427, 0.3000, NULL, NULL, '2026-02-09', '2026-02-09 18:20:59', '2026-02-09 18:20:59'),
(124, NULL, NULL, NULL, 8, 4, 2025, 0.00, 1125000.00, 1125000.00, 1117066.99, 7933.01, 99.2948, 0.0600, NULL, NULL, '2026-02-09', '2026-02-09 18:20:59', '2026-02-09 18:20:59'),
(125, 1, NULL, NULL, NULL, 1, 2026, 545007427.00, 0.00, 545007427.00, 52756401.73, 492251025.30, 9.6799, 21.0300, 3.1200, NULL, '2026-02-09', '2026-02-09 18:22:11', '2026-02-09 18:22:11'),
(126, 2, NULL, NULL, NULL, 1, 2026, 24087270.00, 0.00, 24087270.00, 745669.75, 23341600.25, 3.0957, 0.9300, NULL, NULL, '2026-02-09', '2026-02-09 18:22:11', '2026-02-09 18:22:11'),
(127, 3, NULL, NULL, NULL, 1, 2026, 31761000.00, 0.00, 31761000.00, 1370867.08, 30390132.92, 4.3162, 1.2300, NULL, NULL, '2026-02-09', '2026-02-09 18:22:11', '2026-02-09 18:22:11'),
(128, 4, NULL, NULL, NULL, 1, 2026, 766139591.00, 0.00, 766139591.00, 3669674.55, 762469916.50, 0.4790, 29.5600, NULL, NULL, '2026-02-09', '2026-02-09 18:22:11', '2026-02-09 18:22:11'),
(129, 5, NULL, NULL, NULL, 1, 2026, 402749965.00, 0.00, 402749965.00, 2870601.60, 399879363.40, 0.7128, 15.5400, NULL, NULL, '2026-02-09', '2026-02-09 18:22:11', '2026-02-09 18:22:11'),
(130, 6, NULL, NULL, NULL, 1, 2026, 51322530.00, 0.00, 51322530.00, 1373681.65, 49948848.35, 2.6766, 1.9800, NULL, NULL, '2026-02-09', '2026-02-09 18:22:11', '2026-02-09 18:22:11'),
(131, 7, NULL, NULL, NULL, 1, 2026, 122221417.00, 0.00, 122221417.00, 5558021.80, 116663395.20, 4.5475, 4.7200, NULL, NULL, '2026-02-09', '2026-02-09 18:22:11', '2026-02-09 18:22:11'),
(132, 8, NULL, NULL, NULL, 1, 2026, 588547800.00, 0.00, 588547800.00, 11895509.16, 576652290.80, 2.0212, 22.7100, NULL, NULL, '2026-02-09', '2026-02-09 18:22:11', '2026-02-09 18:22:11'),
(133, 9, NULL, NULL, NULL, 1, 2026, 60265000.00, 0.00, 60265000.00, 582116.21, 59682883.79, 0.9659, 2.3200, NULL, NULL, '2026-02-09', '2026-02-09 18:22:11', '2026-02-09 18:22:11'),
(134, NULL, 1, NULL, NULL, 2, 2026, 288647129.00, 0.00, 288647129.00, 11427012.35, 277220116.70, 3.9588, 11.1400, NULL, NULL, '2026-02-09', '2026-02-09 18:22:11', '2026-02-09 18:22:11'),
(135, NULL, 2, NULL, NULL, 2, 2026, 1200060251.00, 0.00, 1200060251.00, 17809626.69, 1182250624.00, 1.4841, 46.3000, NULL, NULL, '2026-02-09', '2026-02-09 18:22:11', '2026-02-09 18:22:11'),
(136, NULL, 3, NULL, NULL, 2, 2026, 123231097.00, 0.00, 123231097.00, 3650927.67, 119580169.30, 2.9627, 4.7500, NULL, NULL, '2026-02-09', '2026-02-09 18:22:11', '2026-02-09 18:22:11'),
(137, NULL, 4, NULL, NULL, 2, 2026, 693191253.00, 0.00, 693191253.00, 11452899.80, 681738353.20, 1.6522, 26.7400, NULL, NULL, '2026-02-09', '2026-02-09 18:22:11', '2026-02-09 18:22:11'),
(138, NULL, 5, NULL, NULL, 2, 2026, 14419000.00, 0.00, 14419000.00, 609210.13, 13809789.87, 4.2251, 0.5600, NULL, NULL, '2026-02-09', '2026-02-09 18:22:11', '2026-02-09 18:22:11'),
(139, NULL, 6, NULL, NULL, 2, 2026, 272553270.00, 0.00, 272553270.00, 35872866.89, 236680403.10, 13.1618, 10.5100, NULL, NULL, '2026-02-09', '2026-02-09 18:22:11', '2026-02-09 18:22:11'),
(140, NULL, NULL, 1, NULL, 3, 2026, 544598985.00, 0.00, 544598985.00, 43571517.15, 501027467.90, 8.0007, 21.0100, NULL, NULL, '2026-02-09', '2026-02-09 18:22:11', '2026-02-09 18:22:11'),
(141, NULL, NULL, 2, NULL, 3, 2026, 270940417.00, 3725000.00, 274665417.00, 1268365.99, 273397051.00, 0.4618, 10.6000, NULL, NULL, '2026-02-09', '2026-02-09 18:22:11', '2026-02-09 18:22:11'),
(142, NULL, NULL, 3, NULL, 3, 2026, 1001722968.00, -3725000.00, 997997968.00, 109793.50, 997888174.50, 0.0110, 38.5000, NULL, NULL, '2026-02-09', '2026-02-09 18:22:11', '2026-02-09 18:22:11'),
(143, NULL, NULL, 4, NULL, 3, 2026, 370364764.00, 0.00, 370364764.00, 0.00, 370364764.00, 0.0000, 14.2900, NULL, NULL, '2026-02-09', '2026-02-09 18:22:11', '2026-02-09 18:22:11'),
(144, NULL, NULL, 5, NULL, 3, 2026, 244711240.00, 0.00, 244711240.00, 29628331.89, 215082908.10, 12.1075, 9.4400, NULL, NULL, '2026-02-09', '2026-02-09 18:22:11', '2026-02-09 18:22:11'),
(145, NULL, NULL, 6, NULL, 3, 2026, 77895240.00, 0.00, 77895240.00, 6244535.00, 71650705.00, 8.0166, 3.0100, NULL, NULL, '2026-02-09', '2026-02-09 18:22:11', '2026-02-09 18:22:11'),
(146, NULL, NULL, 7, NULL, 3, 2026, 20000000.00, 0.00, 20000000.00, 0.00, 20000000.00, 0.0000, 0.7700, NULL, NULL, '2026-02-09', '2026-02-09 18:22:11', '2026-02-09 18:22:11'),
(147, NULL, NULL, 8, NULL, 3, 2026, 61868386.00, 0.00, 61868386.00, 0.00, 61868386.00, 0.0000, 2.3900, NULL, NULL, '2026-02-09', '2026-02-09 18:22:11', '2026-02-09 18:22:11'),
(148, NULL, NULL, NULL, 1, 4, 2026, 675000000.00, 0.00, 675000000.00, 27679982.83, 647320017.20, 4.1007, 26.0400, NULL, NULL, '2026-02-09', '2026-02-09 18:22:11', '2026-02-09 18:22:11'),
(149, NULL, NULL, NULL, 2, 4, 2026, 1011488000.00, 0.00, 1011488000.00, 50337902.27, 961150097.70, 4.9766, 39.0200, NULL, NULL, '2026-02-09', '2026-02-09 18:22:11', '2026-02-09 18:22:11'),
(150, NULL, NULL, NULL, 3, 4, 2026, 76509000.00, 0.00, 76509000.00, 2701137.81, 73807862.19, 3.5305, 2.9500, NULL, NULL, '2026-02-09', '2026-02-09 18:22:11', '2026-02-09 18:22:11'),
(151, NULL, NULL, NULL, 4, 4, 2026, 14105000.00, 0.00, 14105000.00, 103520.62, 14001479.38, 0.7339, 0.5400, NULL, NULL, '2026-02-09', '2026-02-09 18:22:11', '2026-02-09 18:22:11'),
(152, NULL, NULL, NULL, 5, 4, 2026, 815000000.00, 0.00, 815000000.00, 0.00, 815000000.00, 0.0000, 31.4400, NULL, NULL, '2026-02-09', '2026-02-09 18:22:11', '2026-02-09 18:22:11'),
(153, NULL, NULL, NULL, 6, 4, 2026, 0.00, 0.00, 0.00, 0.00, 0.00, 0.0000, 0.0000, NULL, NULL, '2026-02-09', '2026-02-09 18:22:11', '2026-02-09 18:22:11'),
(154, NULL, NULL, NULL, 7, 4, 2026, 0.00, 0.00, 0.00, 0.00, 0.00, 0.0000, 0.0000, NULL, NULL, '2026-02-09', '2026-02-09 18:22:11', '2026-02-09 18:22:11'),
(155, NULL, NULL, NULL, 8, 4, 2026, 0.00, 0.00, 0.00, 0.00, 0.00, 0.0000, 0.0000, NULL, NULL, '2026-02-09', '2026-02-09 18:22:11', '2026-02-09 18:22:11');

-- --------------------------------------------------------

--
-- Estructura de tabla para la tabla `fuentes_financiamiento`
--

CREATE TABLE `fuentes_financiamiento` (
  `id` int NOT NULL,
  `codigo` varchar(10) COLLATE utf8mb4_unicode_ci NOT NULL,
  `nombre` varchar(255) COLLATE utf8mb4_unicode_ci NOT NULL,
  `activo` tinyint(1) DEFAULT '1',
  `created_at` timestamp NULL DEFAULT CURRENT_TIMESTAMP,
  `updated_at` timestamp NULL DEFAULT CURRENT_TIMESTAMP ON UPDATE CURRENT_TIMESTAMP
) ENGINE=InnoDB DEFAULT CHARSET=utf8mb4 COLLATE=utf8mb4_unicode_ci;

--
-- Volcado de datos para la tabla `fuentes_financiamiento`
--

INSERT INTO `fuentes_financiamiento` (`id`, `codigo`, `nombre`, `activo`, `created_at`, `updated_at`) VALUES
(1, '11', 'Código 11', 1, '2026-02-09 18:12:59', '2026-02-09 18:12:59'),
(2, '21', 'Código 21', 1, '2026-02-09 18:12:59', '2026-02-09 18:12:59'),
(3, '31', 'Código 31', 1, '2026-02-09 18:12:59', '2026-02-09 18:12:59'),
(4, '32', 'Código 32', 1, '2026-02-09 18:12:59', '2026-02-09 18:12:59'),
(5, '41', 'Código 41', 1, '2026-02-09 18:12:59', '2026-02-09 18:12:59'),
(6, '51', 'Código 51', 1, '2026-02-09 18:12:59', '2026-02-09 18:12:59'),
(7, '52', 'Código 52', 1, '2026-02-09 18:12:59', '2026-02-09 18:12:59'),
(8, '61', 'Código 61', 1, '2026-02-09 18:12:59', '2026-02-09 18:12:59');

-- --------------------------------------------------------

--
-- Estructura de tabla para la tabla `grupos_gasto`
--

CREATE TABLE `grupos_gasto` (
  `id` int NOT NULL,
  `codigo` varchar(10) COLLATE utf8mb4_unicode_ci NOT NULL,
  `nombre` varchar(255) COLLATE utf8mb4_unicode_ci NOT NULL,
  `activo` tinyint(1) DEFAULT '1',
  `created_at` timestamp NULL DEFAULT CURRENT_TIMESTAMP,
  `updated_at` timestamp NULL DEFAULT CURRENT_TIMESTAMP ON UPDATE CURRENT_TIMESTAMP
) ENGINE=InnoDB DEFAULT CHARSET=utf8mb4 COLLATE=utf8mb4_unicode_ci;

--
-- Volcado de datos para la tabla `grupos_gasto`
--

INSERT INTO `grupos_gasto` (`id`, `codigo`, `nombre`, `activo`, `created_at`, `updated_at`) VALUES
(1, '000', 'Código 000', 1, '2026-02-09 18:12:59', '2026-02-09 18:12:59'),
(2, '100', 'Código 100', 1, '2026-02-09 18:12:59', '2026-02-09 18:12:59'),
(3, '200', 'Código 200', 1, '2026-02-09 18:12:59', '2026-02-09 18:12:59'),
(4, '300', 'Código 300', 1, '2026-02-09 18:12:59', '2026-02-09 18:12:59'),
(5, '400', 'Código 400', 1, '2026-02-09 18:12:59', '2026-02-09 18:12:59'),
(6, '500', 'Código 500', 1, '2026-02-09 18:12:59', '2026-02-09 18:12:59'),
(7, '600', 'Código 600', 1, '2026-02-09 18:12:59', '2026-02-09 18:12:59'),
(8, '900', 'Código 900', 1, '2026-02-09 18:12:59', '2026-02-09 18:12:59');

-- --------------------------------------------------------

--
-- Estructura de tabla para la tabla `ministerios`
--

CREATE TABLE `ministerios` (
  `id` int NOT NULL,
  `nombre` varchar(255) COLLATE utf8mb4_unicode_ci NOT NULL,
  `siglas` varchar(20) COLLATE utf8mb4_unicode_ci DEFAULT NULL,
  `activo` tinyint(1) DEFAULT '1',
  `created_at` timestamp NULL DEFAULT CURRENT_TIMESTAMP,
  `updated_at` timestamp NULL DEFAULT CURRENT_TIMESTAMP ON UPDATE CURRENT_TIMESTAMP
) ENGINE=InnoDB DEFAULT CHARSET=utf8mb4 COLLATE=utf8mb4_unicode_ci;

--
-- Volcado de datos para la tabla `ministerios`
--

INSERT INTO `ministerios` (`id`, `nombre`, `siglas`, `activo`, `created_at`, `updated_at`) VALUES
(1, 'MINISTERIO DE LA DEFENSA NACIONAL', 'MDN', 1, '2026-02-09 18:21:40', '2026-02-09 18:21:40'),
(2, 'MINISTERIO DE DESARROLLO SOCIAL', 'MDS', 1, '2026-02-09 18:21:40', '2026-02-09 18:21:40'),
(3, 'MINISTERIO DE RELACIONES EXTERIORES', 'MRE', 1, '2026-02-09 18:21:40', '2026-02-09 18:21:40'),
(4, 'MINISTERIO DE GOBERNACIÓN', 'MG', 1, '2026-02-09 18:21:40', '2026-02-09 18:21:40'),
(5, 'MINISTERIO DE TRABAJO Y PREVISIÓN SOCIAL', 'MTPS', 1, '2026-02-09 18:21:40', '2026-02-09 18:21:40'),
(6, 'MINISTERIO DE EDUCACIÓN', 'ME', 1, '2026-02-09 18:21:40', '2026-02-09 18:21:40'),
(7, 'MINISTERIO DE FINANZAS PÚBLICAS', 'MFP', 1, '2026-02-09 18:21:40', '2026-02-09 18:21:40'),
(8, 'MINISTERIO DE ECONOMÍA', 'ME', 1, '2026-02-09 18:21:40', '2026-02-09 18:21:40'),
(9, 'MINISTERIO DE SALUD PÚBLICA Y ASISTENCIA SOCIAL', 'MSPAS', 1, '2026-02-09 18:21:40', '2026-02-09 18:21:40'),
(10, 'MINISTERIO DE AMBIENTE Y RECURSOS NATURALES', 'MARN', 1, '2026-02-09 18:21:40', '2026-02-09 18:21:40'),
(11, 'MINISTERIO DE AGRICULTURA, GANADERÍA Y ALIMENTACIÓN', 'MAGA', 1, '2026-02-09 18:21:40', '2026-02-09 18:21:40'),
(12, 'MINISTERIO DE ENERGÍA Y MINAS', 'MEM', 1, '2026-02-09 18:21:40', '2026-02-09 18:21:40'),
(13, 'MINISTERIO DE  COMUNICACIONES, INFRAESTRUCTURA Y VIVIENDA', 'MCIV', 1, '2026-02-09 18:21:40', '2026-02-09 18:21:40'),
(14, 'MINISTERIO DE CULTURA Y DEPORTES', 'MCD', 1, '2026-02-09 18:21:40', '2026-02-09 18:21:40');

-- --------------------------------------------------------

--
-- Estructura de tabla para la tabla `programas`
--

CREATE TABLE `programas` (
  `id` int NOT NULL,
  `codigo` varchar(10) COLLATE utf8mb4_unicode_ci NOT NULL,
  `nombre` varchar(255) COLLATE utf8mb4_unicode_ci NOT NULL,
  `activo` tinyint(1) DEFAULT '1',
  `created_at` timestamp NULL DEFAULT CURRENT_TIMESTAMP,
  `updated_at` timestamp NULL DEFAULT CURRENT_TIMESTAMP ON UPDATE CURRENT_TIMESTAMP
) ENGINE=InnoDB DEFAULT CHARSET=utf8mb4 COLLATE=utf8mb4_unicode_ci;

--
-- Volcado de datos para la tabla `programas`
--

INSERT INTO `programas` (`id`, `codigo`, `nombre`, `activo`, `created_at`, `updated_at`) VALUES
(1, '01', 'Código 01', 1, '2026-02-09 18:12:59', '2026-02-09 18:12:59'),
(2, '11', 'Código 11', 1, '2026-02-09 18:12:59', '2026-02-09 18:12:59'),
(3, '12', 'Código 12', 1, '2026-02-09 18:12:59', '2026-02-09 18:12:59'),
(4, '13', 'Código 13', 1, '2026-02-09 18:12:59', '2026-02-09 18:12:59'),
(5, '14', 'Código 14', 1, '2026-02-09 18:12:59', '2026-02-09 18:12:59'),
(6, '99', 'Código 99', 1, '2026-02-09 18:12:59', '2026-02-09 18:12:59');

-- --------------------------------------------------------

--
-- Estructura de tabla para la tabla `tipos_ejecucion`
--

CREATE TABLE `tipos_ejecucion` (
  `id` int NOT NULL,
  `nombre` varchar(100) COLLATE utf8mb4_unicode_ci NOT NULL,
  `activo` tinyint(1) DEFAULT '1'
) ENGINE=InnoDB DEFAULT CHARSET=utf8mb4 COLLATE=utf8mb4_unicode_ci;

--
-- Volcado de datos para la tabla `tipos_ejecucion`
--

INSERT INTO `tipos_ejecucion` (`id`, `nombre`, `activo`) VALUES
(1, 'Unidades Ejecutoras', 1),
(2, 'Programas', 1),
(3, 'Grupos de Gasto', 1),
(4, 'Fuentes de Financiamiento', 1);

-- --------------------------------------------------------

--
-- Estructura de tabla para la tabla `unidades_ejecutoras`
--

CREATE TABLE `unidades_ejecutoras` (
  `id` int NOT NULL,
  `codigo` varchar(10) COLLATE utf8mb4_unicode_ci NOT NULL,
  `nombre` varchar(255) COLLATE utf8mb4_unicode_ci NOT NULL,
  `nombre_corto` varchar(100) COLLATE utf8mb4_unicode_ci DEFAULT NULL,
  `activo` tinyint(1) DEFAULT '1',
  `created_at` timestamp NULL DEFAULT CURRENT_TIMESTAMP,
  `updated_at` timestamp NULL DEFAULT CURRENT_TIMESTAMP ON UPDATE CURRENT_TIMESTAMP
) ENGINE=InnoDB DEFAULT CHARSET=utf8mb4 COLLATE=utf8mb4_unicode_ci;

--
-- Volcado de datos para la tabla `unidades_ejecutoras`
--

INSERT INTO `unidades_ejecutoras` (`id`, `codigo`, `nombre`, `nombre_corto`, `activo`, `created_at`, `updated_at`) VALUES
(1, '201', 'Código 201', '201', 1, '2026-02-09 18:12:59', '2026-02-09 18:12:59'),
(2, '202', 'Código 202', '202', 1, '2026-02-09 18:12:59', '2026-02-09 18:12:59'),
(3, '203', 'Código 203', '203', 1, '2026-02-09 18:12:59', '2026-02-09 18:12:59'),
(4, '204', 'Código 204', '204', 1, '2026-02-09 18:12:59', '2026-02-09 18:12:59'),
(5, '205', 'Código 205', '205', 1, '2026-02-09 18:12:59', '2026-02-09 18:12:59'),
(6, '208', 'Código 208', '208', 1, '2026-02-09 18:12:59', '2026-02-09 18:12:59'),
(7, '209', 'Código 209', '209', 1, '2026-02-09 18:12:59', '2026-02-09 18:12:59'),
(8, '210', 'Código 210', '210', 1, '2026-02-09 18:12:59', '2026-02-09 18:12:59'),
(9, '213', 'Código 213', '213', 1, '2026-02-09 18:12:59', '2026-02-09 18:12:59');

-- --------------------------------------------------------

--
-- Estructura de tabla para la tabla `usuarios`
--

CREATE TABLE `usuarios` (
  `id` int NOT NULL,
  `nombre` varchar(100) COLLATE utf8mb4_unicode_ci NOT NULL,
  `email` varchar(150) COLLATE utf8mb4_unicode_ci NOT NULL,
  `password` varchar(255) COLLATE utf8mb4_unicode_ci NOT NULL,
  `rol` enum('admin','editor','viewer') COLLATE utf8mb4_unicode_ci DEFAULT 'viewer',
  `activo` tinyint(1) DEFAULT '1',
  `ultimo_acceso` timestamp NULL DEFAULT NULL,
  `created_at` timestamp NULL DEFAULT CURRENT_TIMESTAMP,
  `updated_at` timestamp NULL DEFAULT CURRENT_TIMESTAMP ON UPDATE CURRENT_TIMESTAMP
) ENGINE=InnoDB DEFAULT CHARSET=utf8mb4 COLLATE=utf8mb4_unicode_ci;

--
-- Volcado de datos para la tabla `usuarios`
--

INSERT INTO `usuarios` (`id`, `nombre`, `email`, `password`, `rol`, `activo`, `ultimo_acceso`, `created_at`, `updated_at`) VALUES
(1, 'admin', 'admin@maga.gob.gt', '$2y$10$KfJhJ1FVcctPrsr91Eu6oeeQFsvmBFePEnJK6xukapxVbKOs9PcjS', 'admin', 1, '2026-02-20 22:09:41', '2026-01-07 16:22:58', '2026-02-20 22:09:41'),
(2, 'prueba', 'usuarioprueba@maga.gt', '$2y$10$m5x/ez1cJCnsAD8HH3PkxOQmoh9idKYy/NQ34sbsbVazxCmy9YiSS', 'viewer', 1, '2026-01-09 17:43:04', '2026-01-09 16:52:25', '2026-01-09 17:43:04'),
(3, 'Pedro Daniel López', 'plopez@maga.com', '$2y$10$KxR9tYkquYTf9Kf2iYFvHuy7TiqnrAevAFAd5oJD3NMoQPxCSK/eq', 'admin', 1, '2026-01-09 17:08:05', '2026-01-09 17:07:43', '2026-01-09 17:08:05'),
(4, 'Luis Pineda', 'lpineda@maga.gob.gt', '$2y$10$oBlMGiUDdzkmxUhVMP3LEeKXcLDZNh2HOBRFiGxtrkdGA5SesKMMi', 'admin', 1, '2026-02-10 12:36:36', '2026-01-09 17:09:00', '2026-02-10 12:36:36'),
(5, 'Maria Fernanda', 'ministra@maga.gob.gt', '$2y$10$NYc5TPwD9ZlePHKk4M4U5eFNg211ngWgmM8gOWIJ4kxE.IzekjEZW', 'admin', 1, '2026-02-11 13:48:46', '2026-01-15 19:42:49', '2026-02-11 13:48:46');

-- --------------------------------------------------------

--
-- Estructura Stand-in para la vista `v_ejecucion_detalle`
-- (Véase abajo para la vista actual)
--
CREATE TABLE `v_ejecucion_detalle` (
`id` int
,`anio` int
,`unidad_codigo` varchar(10)
,`unidad_nombre` varchar(255)
,`unidad_corto` varchar(100)
,`grupo_gasto_codigo` varchar(10)
,`grupo_gasto_nombre` varchar(255)
,`fuente_codigo` varchar(10)
,`fuente_nombre` varchar(255)
,`tipo_registro` enum('Grupo de gasto','Fuente de financiamiento')
,`vigente` decimal(18,2)
,`devengado` decimal(18,2)
,`saldo_por_devengar` decimal(18,2)
,`porcentaje_ejecucion` decimal(8,4)
,`porcentaje_relativo` decimal(8,4)
,`fecha_registro` date
,`tipo_gasto_financiamiento` varchar(268)
);

-- --------------------------------------------------------

--
-- Estructura Stand-in para la vista `v_ejecucion_ministerios`
-- (Véase abajo para la vista actual)
--
CREATE TABLE `v_ejecucion_ministerios` (
`id` int
,`anio` int
,`ministerio` varchar(255)
,`siglas` varchar(20)
,`asignado` decimal(18,2)
,`modificado` decimal(18,2)
,`vigente` decimal(18,2)
,`devengado` decimal(18,2)
,`saldo_por_devengar` decimal(18,2)
,`porcentaje_ejecucion` decimal(8,4)
,`porcentaje_relativo` decimal(8,4)
,`fecha_registro` date
);

-- --------------------------------------------------------

--
-- Estructura Stand-in para la vista `v_ejecucion_principal`
-- (Véase abajo para la vista actual)
--
CREATE TABLE `v_ejecucion_principal` (
`id` int
,`anio` int
,`unidad_codigo` varchar(10)
,`unidad_nombre` varchar(255)
,`unidad_corto` varchar(100)
,`programa_codigo` varchar(10)
,`programa_nombre` varchar(255)
,`grupo_gasto_codigo` varchar(10)
,`grupo_gasto_nombre` varchar(255)
,`fuente_codigo` varchar(10)
,`fuente_nombre` varchar(255)
,`tipo_ejecucion` varchar(100)
,`asignado` decimal(18,2)
,`modificado` decimal(18,2)
,`vigente` decimal(18,2)
,`devengado` decimal(18,2)
,`saldo_por_devengar` decimal(18,2)
,`porcentaje_ejecucion` decimal(8,4)
,`porcentaje_relativo` decimal(8,4)
,`porcentaje_ejecucion_al_dia` decimal(8,4)
,`fecha_registro` date
,`progra_uni_gasto_finan` varchar(268)
);

-- --------------------------------------------------------

--
-- Estructura para la vista `v_ejecucion_detalle`
--
DROP TABLE IF EXISTS `v_ejecucion_detalle`;

CREATE ALGORITHM=UNDEFINED DEFINER=`root`@`localhost` SQL SECURITY DEFINER VIEW `v_ejecucion_detalle`  AS SELECT `ed`.`id` AS `id`, `ed`.`anio` AS `anio`, `ue`.`codigo` AS `unidad_codigo`, `ue`.`nombre` AS `unidad_nombre`, `ue`.`nombre_corto` AS `unidad_corto`, `gg`.`codigo` AS `grupo_gasto_codigo`, `gg`.`nombre` AS `grupo_gasto_nombre`, `ff`.`codigo` AS `fuente_codigo`, `ff`.`nombre` AS `fuente_nombre`, `ed`.`tipo_registro` AS `tipo_registro`, `ed`.`vigente` AS `vigente`, `ed`.`devengado` AS `devengado`, `ed`.`saldo_por_devengar` AS `saldo_por_devengar`, `ed`.`porcentaje_ejecucion` AS `porcentaje_ejecucion`, `ed`.`porcentaje_relativo` AS `porcentaje_relativo`, `ed`.`fecha_registro` AS `fecha_registro`, coalesce(concat(`gg`.`codigo`,' "',`gg`.`nombre`,'"'),concat(`ff`.`codigo`,' "',`ff`.`nombre`,'"')) AS `tipo_gasto_financiamiento` FROM (((`ejecucion_detalle` `ed` left join `unidades_ejecutoras` `ue` on((`ed`.`unidad_ejecutora_id` = `ue`.`id`))) left join `grupos_gasto` `gg` on((`ed`.`grupo_gasto_id` = `gg`.`id`))) left join `fuentes_financiamiento` `ff` on((`ed`.`fuente_financiamiento_id` = `ff`.`id`))) ;

-- --------------------------------------------------------

--
-- Estructura para la vista `v_ejecucion_ministerios`
--
DROP TABLE IF EXISTS `v_ejecucion_ministerios`;

CREATE ALGORITHM=UNDEFINED DEFINER=`root`@`localhost` SQL SECURITY DEFINER VIEW `v_ejecucion_ministerios`  AS SELECT `em`.`id` AS `id`, `em`.`anio` AS `anio`, `m`.`nombre` AS `ministerio`, `m`.`siglas` AS `siglas`, `em`.`asignado` AS `asignado`, `em`.`modificado` AS `modificado`, `em`.`vigente` AS `vigente`, `em`.`devengado` AS `devengado`, `em`.`saldo_por_devengar` AS `saldo_por_devengar`, `em`.`porcentaje_ejecucion` AS `porcentaje_ejecucion`, `em`.`porcentaje_relativo` AS `porcentaje_relativo`, `em`.`fecha_registro` AS `fecha_registro` FROM (`ejecucion_ministerios` `em` join `ministerios` `m` on((`em`.`ministerio_id` = `m`.`id`))) ;

-- --------------------------------------------------------

--
-- Estructura para la vista `v_ejecucion_principal`
--
DROP TABLE IF EXISTS `v_ejecucion_principal`;

CREATE ALGORITHM=UNDEFINED DEFINER=`root`@`localhost` SQL SECURITY DEFINER VIEW `v_ejecucion_principal`  AS SELECT `ep`.`id` AS `id`, `ep`.`anio` AS `anio`, `ue`.`codigo` AS `unidad_codigo`, `ue`.`nombre` AS `unidad_nombre`, `ue`.`nombre_corto` AS `unidad_corto`, `p`.`codigo` AS `programa_codigo`, `p`.`nombre` AS `programa_nombre`, `gg`.`codigo` AS `grupo_gasto_codigo`, `gg`.`nombre` AS `grupo_gasto_nombre`, `ff`.`codigo` AS `fuente_codigo`, `ff`.`nombre` AS `fuente_nombre`, `te`.`nombre` AS `tipo_ejecucion`, `ep`.`asignado` AS `asignado`, `ep`.`modificado` AS `modificado`, `ep`.`vigente` AS `vigente`, `ep`.`devengado` AS `devengado`, `ep`.`saldo_por_devengar` AS `saldo_por_devengar`, `ep`.`porcentaje_ejecucion` AS `porcentaje_ejecucion`, `ep`.`porcentaje_relativo` AS `porcentaje_relativo`, `ep`.`porcentaje_ejecucion_al_dia` AS `porcentaje_ejecucion_al_dia`, `ep`.`fecha_registro` AS `fecha_registro`, coalesce(concat(`ue`.`codigo`,' "',`ue`.`nombre_corto`,'"'),concat(`p`.`codigo`,' "',`p`.`nombre`,'"'),concat(`gg`.`codigo`,' "',`gg`.`nombre`,'"'),concat(`ff`.`codigo`,' "',`ff`.`nombre`,'"')) AS `progra_uni_gasto_finan` FROM (((((`ejecucion_principal` `ep` left join `unidades_ejecutoras` `ue` on((`ep`.`unidad_ejecutora_id` = `ue`.`id`))) left join `programas` `p` on((`ep`.`programa_id` = `p`.`id`))) left join `grupos_gasto` `gg` on((`ep`.`grupo_gasto_id` = `gg`.`id`))) left join `fuentes_financiamiento` `ff` on((`ep`.`fuente_financiamiento_id` = `ff`.`id`))) left join `tipos_ejecucion` `te` on((`ep`.`tipo_ejecucion_id` = `te`.`id`))) ;

--
-- Índices para tablas volcadas
--

--
-- Indices de la tabla `bitacora`
--
ALTER TABLE `bitacora`
  ADD PRIMARY KEY (`id`),
  ADD KEY `idx_tabla_registro` (`tabla_afectada`,`registro_id`),
  ADD KEY `idx_fecha` (`created_at`),
  ADD KEY `idx_usuario` (`usuario_id`);

--
-- Indices de la tabla `ejecucion_detalle`
--
ALTER TABLE `ejecucion_detalle`
  ADD PRIMARY KEY (`id`),
  ADD KEY `grupo_gasto_id` (`grupo_gasto_id`),
  ADD KEY `fuente_financiamiento_id` (`fuente_financiamiento_id`),
  ADD KEY `idx_ed_unidad` (`unidad_ejecutora_id`),
  ADD KEY `idx_ed_tipo` (`tipo_registro`),
  ADD KEY `idx_ed_anio` (`anio`);

--
-- Indices de la tabla `ejecucion_ministerios`
--
ALTER TABLE `ejecucion_ministerios`
  ADD PRIMARY KEY (`id`),
  ADD KEY `idx_em_ministerio` (`ministerio_id`),
  ADD KEY `idx_em_anio` (`anio`);

--
-- Indices de la tabla `ejecucion_principal`
--
ALTER TABLE `ejecucion_principal`
  ADD PRIMARY KEY (`id`),
  ADD KEY `unidad_ejecutora_id` (`unidad_ejecutora_id`),
  ADD KEY `programa_id` (`programa_id`),
  ADD KEY `grupo_gasto_id` (`grupo_gasto_id`),
  ADD KEY `fuente_financiamiento_id` (`fuente_financiamiento_id`),
  ADD KEY `idx_ep_tipo` (`tipo_ejecucion_id`),
  ADD KEY `idx_ep_fecha` (`fecha_registro`),
  ADD KEY `idx_ep_anio` (`anio`);

--
-- Indices de la tabla `fuentes_financiamiento`
--
ALTER TABLE `fuentes_financiamiento`
  ADD PRIMARY KEY (`id`),
  ADD UNIQUE KEY `codigo` (`codigo`);

--
-- Indices de la tabla `grupos_gasto`
--
ALTER TABLE `grupos_gasto`
  ADD PRIMARY KEY (`id`),
  ADD UNIQUE KEY `codigo` (`codigo`);

--
-- Indices de la tabla `ministerios`
--
ALTER TABLE `ministerios`
  ADD PRIMARY KEY (`id`),
  ADD UNIQUE KEY `nombre` (`nombre`);

--
-- Indices de la tabla `programas`
--
ALTER TABLE `programas`
  ADD PRIMARY KEY (`id`),
  ADD UNIQUE KEY `codigo` (`codigo`);

--
-- Indices de la tabla `tipos_ejecucion`
--
ALTER TABLE `tipos_ejecucion`
  ADD PRIMARY KEY (`id`),
  ADD UNIQUE KEY `nombre` (`nombre`);

--
-- Indices de la tabla `unidades_ejecutoras`
--
ALTER TABLE `unidades_ejecutoras`
  ADD PRIMARY KEY (`id`),
  ADD UNIQUE KEY `codigo` (`codigo`);

--
-- Indices de la tabla `usuarios`
--
ALTER TABLE `usuarios`
  ADD PRIMARY KEY (`id`),
  ADD UNIQUE KEY `email` (`email`);

--
-- AUTO_INCREMENT de las tablas volcadas
--

--
-- AUTO_INCREMENT de la tabla `bitacora`
--
ALTER TABLE `bitacora`
  MODIFY `id` int NOT NULL AUTO_INCREMENT, AUTO_INCREMENT=23;

--
-- AUTO_INCREMENT de la tabla `ejecucion_detalle`
--
ALTER TABLE `ejecucion_detalle`
  MODIFY `id` int NOT NULL AUTO_INCREMENT, AUTO_INCREMENT=183;

--
-- AUTO_INCREMENT de la tabla `ejecucion_ministerios`
--
ALTER TABLE `ejecucion_ministerios`
  MODIFY `id` int NOT NULL AUTO_INCREMENT, AUTO_INCREMENT=29;

--
-- AUTO_INCREMENT de la tabla `ejecucion_principal`
--
ALTER TABLE `ejecucion_principal`
  MODIFY `id` int NOT NULL AUTO_INCREMENT, AUTO_INCREMENT=156;

--
-- AUTO_INCREMENT de la tabla `fuentes_financiamiento`
--
ALTER TABLE `fuentes_financiamiento`
  MODIFY `id` int NOT NULL AUTO_INCREMENT, AUTO_INCREMENT=9;

--
-- AUTO_INCREMENT de la tabla `grupos_gasto`
--
ALTER TABLE `grupos_gasto`
  MODIFY `id` int NOT NULL AUTO_INCREMENT, AUTO_INCREMENT=9;

--
-- AUTO_INCREMENT de la tabla `ministerios`
--
ALTER TABLE `ministerios`
  MODIFY `id` int NOT NULL AUTO_INCREMENT, AUTO_INCREMENT=15;

--
-- AUTO_INCREMENT de la tabla `programas`
--
ALTER TABLE `programas`
  MODIFY `id` int NOT NULL AUTO_INCREMENT, AUTO_INCREMENT=7;

--
-- AUTO_INCREMENT de la tabla `tipos_ejecucion`
--
ALTER TABLE `tipos_ejecucion`
  MODIFY `id` int NOT NULL AUTO_INCREMENT, AUTO_INCREMENT=5;

--
-- AUTO_INCREMENT de la tabla `unidades_ejecutoras`
--
ALTER TABLE `unidades_ejecutoras`
  MODIFY `id` int NOT NULL AUTO_INCREMENT, AUTO_INCREMENT=10;

--
-- AUTO_INCREMENT de la tabla `usuarios`
--
ALTER TABLE `usuarios`
  MODIFY `id` int NOT NULL AUTO_INCREMENT, AUTO_INCREMENT=6;

--
-- Restricciones para tablas volcadas
--

--
-- Filtros para la tabla `bitacora`
--
ALTER TABLE `bitacora`
  ADD CONSTRAINT `bitacora_ibfk_1` FOREIGN KEY (`usuario_id`) REFERENCES `usuarios` (`id`) ON DELETE SET NULL;

--
-- Filtros para la tabla `ejecucion_detalle`
--
ALTER TABLE `ejecucion_detalle`
  ADD CONSTRAINT `ejecucion_detalle_ibfk_1` FOREIGN KEY (`unidad_ejecutora_id`) REFERENCES `unidades_ejecutoras` (`id`) ON DELETE CASCADE,
  ADD CONSTRAINT `ejecucion_detalle_ibfk_2` FOREIGN KEY (`grupo_gasto_id`) REFERENCES `grupos_gasto` (`id`) ON DELETE SET NULL,
  ADD CONSTRAINT `ejecucion_detalle_ibfk_3` FOREIGN KEY (`fuente_financiamiento_id`) REFERENCES `fuentes_financiamiento` (`id`) ON DELETE SET NULL;

--
-- Filtros para la tabla `ejecucion_ministerios`
--
ALTER TABLE `ejecucion_ministerios`
  ADD CONSTRAINT `ejecucion_ministerios_ibfk_1` FOREIGN KEY (`ministerio_id`) REFERENCES `ministerios` (`id`) ON DELETE CASCADE;

--
-- Filtros para la tabla `ejecucion_principal`
--
ALTER TABLE `ejecucion_principal`
  ADD CONSTRAINT `ejecucion_principal_ibfk_1` FOREIGN KEY (`unidad_ejecutora_id`) REFERENCES `unidades_ejecutoras` (`id`) ON DELETE SET NULL,
  ADD CONSTRAINT `ejecucion_principal_ibfk_2` FOREIGN KEY (`programa_id`) REFERENCES `programas` (`id`) ON DELETE SET NULL,
  ADD CONSTRAINT `ejecucion_principal_ibfk_3` FOREIGN KEY (`grupo_gasto_id`) REFERENCES `grupos_gasto` (`id`) ON DELETE SET NULL,
  ADD CONSTRAINT `ejecucion_principal_ibfk_4` FOREIGN KEY (`fuente_financiamiento_id`) REFERENCES `fuentes_financiamiento` (`id`) ON DELETE SET NULL,
  ADD CONSTRAINT `ejecucion_principal_ibfk_5` FOREIGN KEY (`tipo_ejecucion_id`) REFERENCES `tipos_ejecucion` (`id`);
COMMIT;

/*!40101 SET CHARACTER_SET_CLIENT=@OLD_CHARACTER_SET_CLIENT */;
/*!40101 SET CHARACTER_SET_RESULTS=@OLD_CHARACTER_SET_RESULTS */;
/*!40101 SET COLLATION_CONNECTION=@OLD_COLLATION_CONNECTION */;
