-- phpMyAdmin SQL Dump
-- version 5.2.1deb3
-- https://www.phpmyadmin.net/
--
-- Servidor: localhost:3306
-- Tiempo de generación: 24-02-2026 a las 05:58:07
-- Versión del servidor: 8.0.45-0ubuntu0.24.04.1
-- Versión de PHP: 8.3.6

SET SQL_MODE = "NO_AUTO_VALUE_ON_ZERO";
START TRANSACTION;
SET time_zone = "+00:00";


/*!40101 SET @OLD_CHARACTER_SET_CLIENT=@@CHARACTER_SET_CLIENT */;
/*!40101 SET @OLD_CHARACTER_SET_RESULTS=@@CHARACTER_SET_RESULTS */;
/*!40101 SET @OLD_COLLATION_CONNECTION=@@COLLATION_CONNECTION */;
/*!40101 SET NAMES utf8mb4 */;

--
-- Base de datos: `vider_maga`
--

-- --------------------------------------------------------

--
-- Estructura de tabla para la tabla `actividades`
--

CREATE TABLE `actividades` (
  `id` int NOT NULL,
  `nombre` varchar(500) COLLATE utf8mb4_unicode_ci NOT NULL,
  `descripcion` text COLLATE utf8mb4_unicode_ci,
  `activo` tinyint(1) DEFAULT '1',
  `created_at` timestamp NULL DEFAULT CURRENT_TIMESTAMP
) ENGINE=InnoDB DEFAULT CHARSET=utf8mb4 COLLATE=utf8mb4_unicode_ci;

--
-- Volcado de datos para la tabla `actividades`
--

INSERT INTO `actividades` (`id`, `nombre`, `descripcion`, `activo`, `created_at`) VALUES
(1, 'Servicios para el Mejoramiento de la producción agropecuaria', NULL, 1, '2026-01-22 21:42:07'),
(2, 'Servicios para la Producción agrícola sostenible y tecnificada', NULL, 1, '2026-01-22 21:42:08'),
(3, 'Servicios de seguro agropecuario', NULL, 1, '2026-01-22 21:42:09'),
(4, 'Apoyo a la Producción Pecuaria e Hidrobiológica Sostenible y Tecnificada', NULL, 1, '2026-01-22 21:42:10'),
(5, 'Diversificación Pecuaria e Hidrobiológica para crianza de especies', NULL, 1, '2026-01-22 21:42:12'),
(6, 'Asistencia para la organización y comercialización productiva', NULL, 1, '2026-01-22 21:42:12'),
(7, 'Fortalecimiento de la Administración del Agua para la Producción Sostenible', NULL, 1, '2026-01-22 21:42:12'),
(8, 'Sin Actividad', NULL, 1, '2026-01-22 21:42:12');

-- --------------------------------------------------------

--
-- Estructura de tabla para la tabla `datos_vider`
--

CREATE TABLE `datos_vider` (
  `id` int NOT NULL,
  `unidad_ejecutora_id` int DEFAULT NULL,
  `dependencia_id` int DEFAULT NULL,
  `programa_id` int DEFAULT NULL,
  `subprograma_id` int DEFAULT NULL,
  `actividad_id` int DEFAULT NULL,
  `producto_id` int DEFAULT NULL,
  `subproducto_id` int DEFAULT NULL,
  `intervencion_id` int DEFAULT NULL,
  `medida_id` int DEFAULT NULL,
  `departamento_id` int DEFAULT NULL,
  `municipio_id` int DEFAULT NULL,
  `programado` decimal(15,2) DEFAULT '0.00',
  `ejecutado` decimal(15,2) DEFAULT '0.00',
  `porcentaje_ejecucion` decimal(5,2) DEFAULT '0.00',
  `hombres` int DEFAULT '0',
  `mujeres` int DEFAULT '0',
  `total_personas` int DEFAULT '0',
  `beneficiarios` int DEFAULT '0',
  `vigente_financiera` decimal(18,2) DEFAULT '0.00',
  `financiera_ejecutado` decimal(18,2) DEFAULT '0.00',
  `financiera_porcentaje` decimal(5,2) DEFAULT '0.00',
  `periodo` varchar(20) COLLATE utf8mb4_unicode_ci DEFAULT NULL,
  `anio` int DEFAULT NULL,
  `mes` int DEFAULT NULL,
  `hash_registro` varchar(64) COLLATE utf8mb4_unicode_ci DEFAULT NULL,
  `importacion_id` int DEFAULT NULL,
  `created_at` timestamp NULL DEFAULT CURRENT_TIMESTAMP,
  `updated_at` timestamp NULL DEFAULT CURRENT_TIMESTAMP ON UPDATE CURRENT_TIMESTAMP
) ENGINE=InnoDB DEFAULT CHARSET=utf8mb4 COLLATE=utf8mb4_unicode_ci;

--
-- Volcado de datos para la tabla `datos_vider`
--

INSERT INTO `datos_vider` (`id`, `unidad_ejecutora_id`, `dependencia_id`, `programa_id`, `subprograma_id`, `actividad_id`, `producto_id`, `subproducto_id`, `intervencion_id`, `medida_id`, `departamento_id`, `municipio_id`, `programado`, `ejecutado`, `porcentaje_ejecucion`, `hombres`, `mujeres`, `total_personas`, `beneficiarios`, `vigente_financiera`, `financiera_ejecutado`, `financiera_porcentaje`, `periodo`, `anio`, `mes`, `hash_registro`, `importacion_id`, `created_at`, `updated_at`) VALUES
(1, 1, 1, 1, 1, 1, 1, 1, 1, 1, 1, 1, 40.00, 0.00, 0.00, 0, 0, 0, 0, 11112.00, 0.00, 0.00, NULL, 2026, 1, 'e3e048e029da1dd4217fb8bc3eeed2a325f096e87b8a176cd6481a67887e8f42', 1, '2026-01-22 21:42:07', '2026-01-22 21:42:07'),
(2, 1, 1, 1, 1, 1, 1, 1, 1, 1, 2, 2, 10.00, 0.00, 0.00, 0, 0, 0, 0, 2778.00, 0.00, 0.00, NULL, 2026, 1, 'f6b96924e2d1be1f548de2358a2e8aeaa66b87d9cddc7958b79cd6e22650ab40', 1, '2026-01-22 21:42:07', '2026-01-22 21:42:07'),
(3, 1, 1, 1, 1, 1, 1, 1, 1, 1, 3, 3, 20.00, 0.00, 0.00, 0, 0, 0, 0, 5556.00, 0.00, 0.00, NULL, 2026, 1, '1d89df9ccea8301564aaf2a92d909079d98ca45213ed661c6b4a460beffd3811', 1, '2026-01-22 21:42:07', '2026-01-22 21:42:07'),
(4, 1, 1, 1, 1, 1, 1, 1, 1, 1, 3, 4, 20.00, 0.00, 0.00, 0, 0, 0, 0, 5556.00, 0.00, 0.00, NULL, 2026, 1, '821f3aff4b27477e0d5c4e2e0e5aaa74a080c095aca573a75ff7c2eb9cf9068b', 1, '2026-01-22 21:42:07', '2026-01-22 21:42:07'),
(5, 1, 1, 1, 1, 1, 1, 1, 1, 1, 3, 5, 20.00, 0.00, 0.00, 0, 0, 0, 0, 5556.00, 0.00, 0.00, NULL, 2026, 1, '515c9cd366832ee80d7286d8fa7b0ae4177ed1c9a4fc021a095f48a5cca2d5cd', 1, '2026-01-22 21:42:07', '2026-01-22 21:42:07'),
(6, 1, 1, 1, 1, 1, 1, 1, 1, 1, 3, 6, 40.00, 0.00, 0.00, 0, 0, 0, 0, 11111.00, 0.00, 0.00, NULL, 2026, 1, '5de795f3198f52cfb0e90fb028043fd06b06e1aa2f0a14e4b3f37ffab0ac1447', 1, '2026-01-22 21:42:07', '2026-01-22 21:42:07'),
(7, 1, 1, 1, 1, 1, 1, 1, 1, 1, 3, 7, 20.00, 0.00, 0.00, 0, 0, 0, 0, 5556.00, 0.00, 0.00, NULL, 2026, 1, 'bcfee5c2a9bd793e9811208a18646a4b307f4f8f5be69bbeb7c001f112c5b5ac', 1, '2026-01-22 21:42:07', '2026-01-22 21:42:07'),
(8, 1, 1, 1, 1, 1, 1, 1, 1, 1, 3, 8, 20.00, 0.00, 0.00, 0, 0, 0, 0, 5556.00, 0.00, 0.00, NULL, 2026, 1, '359a36612ecc39790c500ffed58d6e94cf4ff77f45c9866f771c1c711f0eaec9', 1, '2026-01-22 21:42:07', '2026-01-22 21:42:07'),
(9, 1, 1, 1, 1, 1, 1, 1, 1, 1, 3, 9, 20.00, 0.00, 0.00, 0, 0, 0, 0, 5556.00, 0.00, 0.00, NULL, 2026, 1, 'b051b1826b49ab9acc754a1ed42d441d3e83282327e6faeae3ada9ccf2bbce51', 1, '2026-01-22 21:42:07', '2026-01-22 21:42:07'),
(10, 1, 1, 1, 1, 1, 1, 1, 1, 1, 3, 10, 40.00, 0.00, 0.00, 0, 0, 0, 0, 11111.00, 0.00, 0.00, NULL, 2026, 1, '5b3037237c5220a07838d94bcec4166def4b9a52af70e74a0af3360eebceacff', 1, '2026-01-22 21:42:07', '2026-01-22 21:42:07'),
(11, 1, 1, 1, 1, 1, 1, 1, 1, 1, 4, 11, 40.00, 0.00, 0.00, 0, 0, 0, 0, 11111.00, 0.00, 0.00, NULL, 2026, 1, '2f33dd293e557f3c571a5eafe9e9c785feeee59930bb327b75de1c0d76996e4b', 1, '2026-01-22 21:42:07', '2026-01-22 21:42:07'),
(12, 1, 1, 1, 1, 1, 1, 1, 1, 1, 5, 12, 40.00, 0.00, 0.00, 0, 0, 0, 0, 11111.00, 0.00, 0.00, NULL, 2026, 1, 'c3268ac804a020b194fc45aee47692502dfaab0f5435780c43e3ce7e413e248c', 1, '2026-01-22 21:42:07', '2026-01-22 21:42:07'),
(13, 1, 1, 1, 1, 1, 1, 1, 1, 1, 5, 13, 80.00, 0.00, 0.00, 0, 0, 0, 0, 22222.00, 0.00, 0.00, NULL, 2026, 1, 'a0b5a27fc84c5222ff09e86bbfe47fcc30a84a2d022cee7323d9d4eeef3523cd', 1, '2026-01-22 21:42:07', '2026-01-22 21:42:07'),
(14, 1, 1, 1, 1, 1, 1, 1, 1, 1, 5, 14, 40.00, 0.00, 0.00, 0, 0, 0, 0, 11111.00, 0.00, 0.00, NULL, 2026, 1, '8554426d571c800816497424282fc2e4c7cccdd8234e8a510ff3dac4f9a20447', 1, '2026-01-22 21:42:07', '2026-01-22 21:42:07'),
(15, 1, 1, 1, 1, 1, 1, 1, 1, 1, 6, 15, 40.00, 0.00, 0.00, 0, 0, 0, 0, 11111.00, 0.00, 0.00, NULL, 2026, 1, '215b17efe87992effebf050183c864049ab06984d8eca057c96d27622703b0c8', 1, '2026-01-22 21:42:07', '2026-01-22 21:42:07'),
(16, 1, 1, 1, 1, 1, 1, 1, 1, 1, 6, 16, 40.00, 0.00, 0.00, 0, 0, 0, 0, 11111.00, 0.00, 0.00, NULL, 2026, 1, 'a37ec751c8fce4160d3206cb0896d701c3b3a8376dd6fbbb3aa07b50d68f1970', 1, '2026-01-22 21:42:07', '2026-01-22 21:42:07'),
(17, 1, 1, 1, 1, 1, 1, 1, 1, 1, 6, 17, 40.00, 0.00, 0.00, 0, 0, 0, 0, 11111.00, 0.00, 0.00, NULL, 2026, 1, '69144c0ab0225ef5738799906b2677ae149aec27c1f670fc53a76a711983fd97', 1, '2026-01-22 21:42:07', '2026-01-22 21:42:07'),
(18, 1, 1, 1, 1, 1, 1, 1, 1, 1, 6, 18, 40.00, 0.00, 0.00, 0, 0, 0, 0, 11111.00, 0.00, 0.00, NULL, 2026, 1, '262e646ad48aae23a8f4742259353cc4c34b787e6fb3fd07c9256a5f96a17d78', 1, '2026-01-22 21:42:07', '2026-01-22 21:42:07'),
(19, 1, 1, 1, 1, 1, 1, 1, 1, 1, 6, 19, 40.00, 0.00, 0.00, 0, 0, 0, 0, 11111.00, 0.00, 0.00, NULL, 2026, 1, 'd80ef12c196d4d0966d80bcb259603cdf941a1ffedd39b9c2b3520b8da47b7f3', 1, '2026-01-22 21:42:07', '2026-01-22 21:42:07'),
(20, 1, 1, 1, 1, 1, 1, 1, 1, 1, 6, 20, 40.00, 0.00, 0.00, 0, 0, 0, 0, 11111.00, 0.00, 0.00, NULL, 2026, 1, 'c469e6fe90d10c3e8e79a0f5bdcc999fa27a365bc5235211529db7e1344172b2', 1, '2026-01-22 21:42:07', '2026-01-22 21:42:07'),
(21, 1, 1, 1, 1, 1, 1, 1, 1, 1, 7, 21, 20.00, 0.00, 0.00, 0, 0, 0, 0, 5556.00, 0.00, 0.00, NULL, 2026, 1, '1fed92041eba2ba89a97c3e7c8decd7a7fac548dc64c124b54f0b9c9cf4cac4b', 1, '2026-01-22 21:42:07', '2026-01-22 21:42:07'),
(22, 1, 1, 1, 1, 1, 1, 1, 1, 1, 7, 22, 40.00, 0.00, 0.00, 0, 0, 0, 0, 11111.00, 0.00, 0.00, NULL, 2026, 1, '4a1fde4f8459c76b746d107447237fd3a114ada996186558e93fbb85916e88f4', 1, '2026-01-22 21:42:07', '2026-01-22 21:42:07'),
(23, 1, 1, 1, 1, 1, 1, 1, 1, 1, 7, 23, 10.00, 0.00, 0.00, 0, 0, 0, 0, 2778.00, 0.00, 0.00, NULL, 2026, 1, 'e33beafb2657bc97a72b91b562b88bb72266aea08e64d690323c824bcca14e81', 1, '2026-01-22 21:42:07', '2026-01-22 21:42:07'),
(24, 1, 1, 1, 1, 1, 1, 1, 1, 1, 8, 24, 40.00, 0.00, 0.00, 0, 0, 0, 0, 11111.00, 0.00, 0.00, NULL, 2026, 1, '0de9bdca63fbd3a96515f530c4ea47de36fe736e852961be2013f81ae3a7e8ee', 1, '2026-01-22 21:42:07', '2026-01-22 21:42:07'),
(25, 1, 1, 1, 1, 1, 1, 1, 1, 1, 8, 25, 40.00, 0.00, 0.00, 0, 0, 0, 0, 11111.00, 0.00, 0.00, NULL, 2026, 1, 'eed74bfa1f99f0e93874c265f379463f2b1c53f0081a7a925d36b201f3672ed8', 1, '2026-01-22 21:42:07', '2026-01-22 21:42:07'),
(26, 1, 1, 1, 1, 1, 1, 1, 1, 1, 8, 26, 40.00, 0.00, 0.00, 0, 0, 0, 0, 11111.00, 0.00, 0.00, NULL, 2026, 1, '0a3d25e925532895937d03faeb8afb5dacd279c0ea70dfad996927b4c73d4b66', 1, '2026-01-22 21:42:07', '2026-01-22 21:42:07'),
(27, 1, 1, 1, 1, 1, 1, 1, 1, 1, 8, 27, 40.00, 0.00, 0.00, 0, 0, 0, 0, 11111.00, 0.00, 0.00, NULL, 2026, 1, '16a0bf47cc1be784a30aebaca3f02f465739b0f69492ed8e813b8607a81b9d36', 1, '2026-01-22 21:42:07', '2026-01-22 21:42:07'),
(28, 1, 1, 1, 1, 1, 1, 1, 1, 1, 8, 28, 40.00, 0.00, 0.00, 0, 0, 0, 0, 11111.00, 0.00, 0.00, NULL, 2026, 1, '79315e0b5048afa037bfed5fb38affb614bbae28c4271cd3a4922e9504d1afe1', 1, '2026-01-22 21:42:07', '2026-01-22 21:42:07'),
(29, 1, 1, 1, 1, 1, 1, 1, 1, 1, 8, 29, 40.00, 0.00, 0.00, 0, 0, 0, 0, 11111.00, 0.00, 0.00, NULL, 2026, 1, '4d54f2e8be5308f62a07e3e3085eb63bdccee6c8fd31420f1725eecc51c7f867', 1, '2026-01-22 21:42:07', '2026-01-22 21:42:07'),
(30, 1, 1, 1, 1, 1, 1, 1, 1, 1, 8, 30, 40.00, 0.00, 0.00, 0, 0, 0, 0, 11111.00, 0.00, 0.00, NULL, 2026, 1, 'a831342320b37295ecd9c9c28797c9b64e4cedb762fa49deea3144403333b944', 1, '2026-01-22 21:42:07', '2026-01-22 21:42:07'),
(31, 1, 1, 1, 1, 1, 1, 1, 1, 1, 9, 31, 80.00, 0.00, 0.00, 0, 0, 0, 0, 22222.00, 0.00, 0.00, NULL, 2026, 1, '085c887ea13184c30ad0b4a3af2f6ce74d04bc0b3ef43d366041dd7e3799779f', 1, '2026-01-22 21:42:07', '2026-01-22 21:42:07'),
(32, 1, 1, 1, 1, 1, 1, 1, 1, 1, 9, 32, 40.00, 0.00, 0.00, 0, 0, 0, 0, 11111.00, 0.00, 0.00, NULL, 2026, 1, '58dc3eca0cb39a5be1403e2567020b2055d6d9a2c607c79a568166738d53652f', 1, '2026-01-22 21:42:07', '2026-01-22 21:42:07'),
(33, 1, 1, 1, 1, 1, 1, 1, 1, 1, 9, 33, 80.00, 0.00, 0.00, 0, 0, 0, 0, 22222.00, 0.00, 0.00, NULL, 2026, 1, 'f7897abbc1605ef37470b6b0a77a394a4607f0cf86b932f1ddae82ac6a39ef45', 1, '2026-01-22 21:42:07', '2026-01-22 21:42:07'),
(34, 1, 1, 1, 1, 1, 1, 1, 1, 1, 9, 34, 80.00, 0.00, 0.00, 0, 0, 0, 0, 22222.00, 0.00, 0.00, NULL, 2026, 1, '2262a2a43e7b805d4b218109ddca9904507245079c4055b485d34dcac21ae7fb', 1, '2026-01-22 21:42:07', '2026-01-22 21:42:07'),
(35, 1, 1, 1, 1, 1, 1, 1, 1, 1, 9, 35, 40.00, 0.00, 0.00, 0, 0, 0, 0, 11111.00, 0.00, 0.00, NULL, 2026, 1, '3a5ab10b75166815b095a39d82578f962d63a8ba7a4a3dfd87b248323a9169bb', 1, '2026-01-22 21:42:07', '2026-01-22 21:42:07'),
(36, 1, 1, 1, 1, 1, 1, 1, 1, 1, 9, 36, 40.00, 0.00, 0.00, 0, 0, 0, 0, 11111.00, 0.00, 0.00, NULL, 2026, 1, '5ae667ee4009c445b6b49d2472fb0e080044d657f03582d8552d9885d4046916', 1, '2026-01-22 21:42:07', '2026-01-22 21:42:07'),
(37, 1, 1, 1, 1, 1, 1, 1, 1, 1, 9, 37, 40.00, 0.00, 0.00, 0, 0, 0, 0, 11111.00, 0.00, 0.00, NULL, 2026, 1, '9940eace04d94865c5b7235c3b4004547290c74253709beb26094470bfffbaab', 1, '2026-01-22 21:42:07', '2026-01-22 21:42:07'),
(38, 1, 1, 1, 1, 1, 1, 1, 1, 1, 9, 38, 80.00, 0.00, 0.00, 0, 0, 0, 0, 22222.00, 0.00, 0.00, NULL, 2026, 1, '815b98ca0be3279bf2bbc4c2745f41072824e6f5a3c5a870d0a26924df84c4fb', 1, '2026-01-22 21:42:07', '2026-01-22 21:42:07'),
(39, 1, 1, 1, 1, 1, 1, 1, 1, 1, 10, 39, 40.00, 0.00, 0.00, 0, 0, 0, 0, 11111.00, 0.00, 0.00, NULL, 2026, 1, 'f1111137c297bc87d9d492fb56f38b480ce167ca940116f3f54dada975b6b56b', 1, '2026-01-22 21:42:07', '2026-01-22 21:42:07'),
(40, 1, 1, 1, 1, 1, 1, 1, 1, 1, 10, 40, 40.00, 0.00, 0.00, 0, 0, 0, 0, 11111.00, 0.00, 0.00, NULL, 2026, 1, '922e0158363e47ee2f5e77447a82d8dcac95f3e125e6af628517af597d8a00cc', 1, '2026-01-22 21:42:07', '2026-01-22 21:42:07'),
(41, 1, 1, 1, 1, 1, 1, 1, 1, 1, 10, 41, 40.00, 0.00, 0.00, 0, 0, 0, 0, 11111.00, 0.00, 0.00, NULL, 2026, 1, 'f14ab7a0b1c5a8c18003e1bc3d693851a084cf3bc19ac0bb29365da1c4eb1b08', 1, '2026-01-22 21:42:07', '2026-01-22 21:42:07'),
(42, 1, 1, 1, 1, 1, 1, 1, 1, 1, 10, 42, 40.00, 0.00, 0.00, 0, 0, 0, 0, 11111.00, 0.00, 0.00, NULL, 2026, 1, '68d4acb1d8cf3e8dc933b337f48874e986fad442d3ac781cb5ae6a96aaed2a5c', 1, '2026-01-22 21:42:07', '2026-01-22 21:42:07'),
(43, 1, 1, 1, 1, 1, 1, 1, 1, 1, 10, 43, 40.00, 0.00, 0.00, 0, 0, 0, 0, 11111.00, 0.00, 0.00, NULL, 2026, 1, 'ab45d20947468e3295f2681c494f6340cfd0e2cfe6862e1213c17cde8f6541d0', 1, '2026-01-22 21:42:07', '2026-01-22 21:42:07'),
(44, 1, 1, 1, 1, 1, 1, 1, 1, 1, 11, 44, 80.00, 0.00, 0.00, 0, 0, 0, 0, 22222.00, 0.00, 0.00, NULL, 2026, 1, 'bccb0c7795da1bbb89de6073b9be44620512dd86a57f344950d190ef44c53e38', 1, '2026-01-22 21:42:07', '2026-01-22 21:42:07'),
(45, 1, 1, 1, 1, 1, 1, 2, 2, 1, 1, 45, 8.00, 0.00, 0.00, 0, 0, 0, 0, 18000.00, 0.00, 0.00, NULL, 2026, 1, '32521ac528306a0304df91a51a232e392f7c578c43763432e7b3464242e478d4', 1, '2026-01-22 21:42:07', '2026-01-22 21:42:07'),
(46, 1, 1, 1, 1, 1, 1, 2, 2, 1, 12, 46, 8.00, 0.00, 0.00, 0, 0, 0, 0, 18000.00, 0.00, 0.00, NULL, 2026, 1, '24fdd8b4050dd5809999b043538401650d2180cc67872eaed70d1dd92bc7d336', 1, '2026-01-22 21:42:07', '2026-01-22 21:42:07'),
(47, 1, 1, 1, 1, 1, 1, 2, 2, 1, 13, 47, 8.00, 0.00, 0.00, 0, 0, 0, 0, 18000.00, 0.00, 0.00, NULL, 2026, 1, 'bec182b6fdfea5b6cc92fe5d0e6c0eedbeb393a65d00054503a30608b7391ed8', 1, '2026-01-22 21:42:07', '2026-01-22 21:42:07'),
(48, 1, 1, 1, 1, 1, 1, 2, 2, 1, 14, 48, 8.00, 0.00, 0.00, 0, 0, 0, 0, 18000.00, 0.00, 0.00, NULL, 2026, 1, '25723f1ee421d87c84803385fd56424989523650417315341dbf79ac7639829f', 1, '2026-01-22 21:42:07', '2026-01-22 21:42:07'),
(49, 1, 1, 1, 1, 1, 1, 2, 2, 1, 15, 49, 8.00, 0.00, 0.00, 0, 0, 0, 0, 18000.00, 0.00, 0.00, NULL, 2026, 1, '2a4522fcef526dd760dcb3314b648fbd6bf7a1ee095163e4a282a41e13155a5d', 1, '2026-01-22 21:42:07', '2026-01-22 21:42:07'),
(50, 1, 1, 1, 1, 1, 1, 2, 3, 1, 14, 50, 15.00, 14.00, 0.00, 14, 0, 14, 14, 0.00, 0.00, 0.00, NULL, 2026, 1, 'b6f6f27fe071522e4fcc9b2ab96c87f66c00979854c68c1134dfa03852c99e93', 1, '2026-01-22 21:42:07', '2026-01-22 21:42:07'),
(51, 1, 1, 1, 1, 1, 1, 2, 3, 1, 5, 12, 20.00, 18.00, 0.00, 15, 3, 18, 18, 0.00, 0.00, 0.00, NULL, 2026, 1, '723b9448c7604c4bcd75a4c44bc7181a06eb8b017b9c2c180b536718d6b1d5bb', 1, '2026-01-22 21:42:07', '2026-01-22 21:42:07'),
(52, 1, 1, 1, 1, 1, 1, 2, 3, 1, 5, 51, 40.00, 29.00, 0.00, 19, 10, 29, 29, 0.00, 0.00, 0.00, NULL, 2026, 1, '69c8b06927cfe68ce993831ab67a0854ffbeab4f315b7d937bc5ed3d4b4bb381', 1, '2026-01-22 21:42:07', '2026-01-22 21:42:07'),
(53, 1, 1, 1, 1, 1, 1, 2, 3, 1, 5, 13, 20.00, 18.00, 0.00, 15, 3, 18, 18, 0.00, 0.00, 0.00, NULL, 2026, 1, '9f6f029b0d3eb41a389954c27a230fceeb48d9fd808777b17910fb01b0eb7e4b', 1, '2026-01-22 21:42:07', '2026-01-22 21:42:07'),
(54, 1, 1, 1, 1, 1, 1, 2, 3, 1, 5, 14, 40.00, 34.00, 0.00, 32, 2, 34, 34, 0.00, 0.00, 0.00, NULL, 2026, 1, '5d31f65b8f06b7f1f2e1fed626deb91e716191f7e570e9f937e315677a193ce8', 1, '2026-01-22 21:42:07', '2026-01-22 21:42:07'),
(55, 1, 1, 1, 1, 1, 1, 2, 3, 1, 6, 16, 30.00, 0.00, 0.00, 0, 0, 0, 0, 0.00, 0.00, 0.00, NULL, 2026, 1, 'f24833b79b38120d38369fb5c267bc32d899b7c8e0a23a652a16f0f128e3abde', 1, '2026-01-22 21:42:07', '2026-01-22 21:42:07'),
(56, 1, 1, 1, 1, 1, 1, 2, 3, 1, 6, 19, 20.00, 5.00, 0.00, 0, 5, 5, 5, 0.00, 0.00, 0.00, NULL, 2026, 1, 'a4126ecbe878b36c9ba5afb75547eed546e76b8622296e193920d390c7e8581e', 1, '2026-01-22 21:42:07', '2026-01-22 21:42:07'),
(57, 1, 1, 1, 1, 1, 1, 2, 3, 1, 8, 30, 10.00, 10.00, 0.00, 0, 10, 10, 10, 0.00, 0.00, 0.00, NULL, 2026, 1, '28625065318c71b185038d5247023fa4fa64c0916cc598f5976ee1fe44adef66', 1, '2026-01-22 21:42:07', '2026-01-22 21:42:07'),
(58, 1, 1, 1, 1, 1, 1, 2, 3, 1, 9, 34, 20.00, 0.00, 0.00, 0, 0, 0, 0, 0.00, 0.00, 0.00, NULL, 2026, 1, '6723edd45f28e1d70898a23b0d18ae524fda3bf0a9a9ecf78603fb512d081c8e', 1, '2026-01-22 21:42:07', '2026-01-22 21:42:07'),
(59, 1, 1, 1, 1, 1, 1, 2, 3, 1, 9, 52, 20.00, 0.00, 0.00, 0, 0, 0, 0, 0.00, 0.00, 0.00, NULL, 2026, 1, '3fdb1e10f54c8b48f3e2c8f1e0c7970093f310c63717609671df9e05c2d8514d', 1, '2026-01-22 21:42:07', '2026-01-22 21:42:07'),
(60, 1, 1, 1, 1, 1, 1, 2, 3, 1, 9, 38, 30.00, 15.00, 0.00, 2, 13, 15, 15, 0.00, 0.00, 0.00, NULL, 2026, 1, 'a926d6069a0c4a1fc3a2dedfbd0343a9e910a6d347d3894a6a45aaf79a20a827', 1, '2026-01-22 21:42:07', '2026-01-22 21:42:07'),
(61, 1, 1, 1, 1, 1, 1, 2, 3, 1, 10, 43, 20.00, 0.00, 0.00, 0, 0, 0, 0, 0.00, 0.00, 0.00, NULL, 2026, 1, '886972475f6c7a8cb4c66b2d371b5518fb5da9ebb5a05d90116906f14623439a', 1, '2026-01-22 21:42:07', '2026-01-22 21:42:07'),
(62, 1, 1, 1, 1, 1, 1, 2, 3, 1, 13, 53, 15.00, 0.00, 0.00, 0, 0, 0, 0, 0.00, 0.00, 0.00, NULL, 2026, 1, '34c0f4a8a895f03576f97b38e44cc121942c74164120d688cb00c9a28bde0c5c', 1, '2026-01-22 21:42:07', '2026-01-22 21:42:07'),
(63, 1, 1, 1, 1, 1, 1, 2, 4, 1, 5, 51, 30.00, 20.00, 0.00, 12, 8, 20, 1, 0.00, 0.00, 0.00, NULL, 2026, 1, '4bd668c620f03fa3f42f50b232e1ed2af066e2ec7de1a8ae98052523efd6f805', 1, '2026-01-22 21:42:07', '2026-01-22 21:42:07'),
(64, 1, 1, 1, 1, 1, 1, 2, 4, 1, 5, 14, 30.00, 30.00, 0.00, 15, 15, 30, 30, 0.00, 0.00, 0.00, NULL, 2026, 1, 'df4239f5655e633eafbc3e6056cb790c03ff3bdc783d84d9b0f615d583b85936', 1, '2026-01-22 21:42:07', '2026-01-22 21:42:07'),
(65, 1, 1, 1, 1, 1, 1, 2, 4, 1, 6, 19, 20.00, 20.00, 0.00, 4, 16, 20, 4, 0.00, 0.00, 0.00, NULL, 2026, 1, '2799988d552c813d96de99b72ad5ca4cf490eef2f9c65cc0c7c52b07e57ac1fe', 1, '2026-01-22 21:42:07', '2026-01-22 21:42:07'),
(66, 1, 1, 1, 1, 1, 1, 2, 4, 1, 6, 16, 20.00, 0.00, 0.00, 0, 0, 0, 0, 0.00, 0.00, 0.00, NULL, 2026, 1, '379bf186e2aed648511331090bcf05ac6fca767996615492403719736665094f', 1, '2026-01-22 21:42:07', '2026-01-22 21:42:07'),
(67, 1, 1, 1, 1, 1, 1, 2, 4, 1, 8, 30, 20.00, 20.00, 0.00, 0, 20, 20, 20, 0.00, 0.00, 0.00, NULL, 2026, 1, '1c7f593753f0c0306b26c3bc8a26b64cbe4b49f0f222ef561cf65d86d07655de', 1, '2026-01-22 21:42:07', '2026-01-22 21:42:07'),
(68, 1, 1, 1, 1, 1, 1, 2, 4, 1, 9, 34, 20.00, 10.00, 0.00, 10, 0, 10, 10, 0.00, 0.00, 0.00, NULL, 2026, 1, 'b95b62f06da06df362ce5cc46364bc45dac005e26d690c4f3e038f17fbdfa9b0', 1, '2026-01-22 21:42:07', '2026-01-22 21:42:07'),
(69, 1, 1, 1, 1, 1, 1, 2, 4, 1, 9, 38, 20.00, 0.00, 0.00, 0, 0, 0, 0, 0.00, 0.00, 0.00, NULL, 2026, 1, '35516a793cf18fc45bb84e16feae7e2f68f09c58a642bd49cda7a2c01f7d4a45', 1, '2026-01-22 21:42:07', '2026-01-22 21:42:07'),
(70, 1, 1, 1, 1, 1, 1, 2, 4, 1, 13, 53, 20.00, 0.00, 0.00, 0, 0, 0, 0, 0.00, 0.00, 0.00, NULL, 2026, 1, '61c8ccf3d6b896c2d05f7405fdfcd49faad31dedc19c545a1f1365feb31ab917', 1, '2026-01-22 21:42:07', '2026-01-22 21:42:07'),
(71, 1, 1, 1, 1, 1, 1, 2, 4, 1, 14, 50, 20.00, 20.00, 0.00, 20, 0, 20, 20, 0.00, 0.00, 0.00, NULL, 2026, 1, '3389631731b22bca322bc514c3b293bbe733406c9e2e97ca0d8735737ee848ae', 1, '2026-01-22 21:42:07', '2026-01-22 21:42:07'),
(72, 1, 1, 1, 1, 1, 1, 2, 5, 1, 1, 54, 100.00, 0.00, 0.00, 0, 0, 0, 0, 47255.00, 0.00, 0.00, NULL, 2026, 1, '1c96c4db21e9368d3c3db887ee89375aca6d09a043fa80c13a5589a67dbd6dff', 1, '2026-01-22 21:42:07', '2026-01-22 21:42:07'),
(73, 1, 1, 1, 1, 1, 1, 2, 5, 1, 1, 55, 100.00, 0.00, 0.00, 0, 0, 0, 0, 47255.00, 0.00, 0.00, NULL, 2026, 1, 'c6296a2a12e56f464b6f2e6fb89823c7cd9cca177147c8c46b5bb06dc96f399a', 1, '2026-01-22 21:42:07', '2026-01-22 21:42:07'),
(74, 1, 1, 1, 1, 1, 1, 2, 5, 1, 1, 56, 100.00, 0.00, 0.00, 0, 0, 0, 0, 47255.00, 0.00, 0.00, NULL, 2026, 1, '4c223bcc5f4687332e0ca3065e4b32fe87a4499f2be1222496d368caa8c737fa', 1, '2026-01-22 21:42:07', '2026-01-22 21:42:07'),
(75, 1, 1, 1, 1, 1, 1, 2, 5, 1, 1, 57, 100.00, 0.00, 0.00, 0, 0, 0, 0, 47255.00, 0.00, 0.00, NULL, 2026, 1, 'ca0f88b5671e4fcd95710d314362cdce99f33f3f8a615e060dc900fa6564a3f0', 1, '2026-01-22 21:42:07', '2026-01-22 21:42:07'),
(76, 1, 1, 1, 1, 1, 1, 2, 5, 1, 2, 58, 40.00, 0.00, 0.00, 0, 0, 0, 0, 18902.00, 0.00, 0.00, NULL, 2026, 1, '6a358b4bf8f5bac71af56e17ae90eb04fdf7267dff0d881aba35fb5f0cb6180f', 1, '2026-01-22 21:42:07', '2026-01-22 21:42:07'),
(77, 1, 1, 1, 1, 1, 1, 2, 5, 1, 16, 59, 100.00, 0.00, 0.00, 0, 0, 0, 0, 47255.00, 0.00, 0.00, NULL, 2026, 1, 'f91491c309eb63b6d73f730ca9c4b11c43d9de3371262a92f3114e6a45072d60', 1, '2026-01-22 21:42:07', '2026-01-22 21:42:07'),
(78, 1, 1, 1, 1, 1, 1, 2, 5, 1, 7, 60, 90.00, 0.00, 0.00, 0, 0, 0, 0, 42529.50, 0.00, 0.00, NULL, 2026, 1, '7b87f37555c53b41a3e57eaf3ead3c8c9362d4ac549a24f5ccb2c3987ed3d89d', 1, '2026-01-22 21:42:07', '2026-01-22 21:42:07'),
(79, 1, 1, 1, 1, 1, 1, 2, 5, 1, 7, 61, 90.00, 0.00, 0.00, 0, 0, 0, 0, 42529.50, 0.00, 0.00, NULL, 2026, 1, 'efdfb8a59000c35bbf2b931eaa7391ed5064d209e28f517faf7f04d86787621e', 1, '2026-01-22 21:42:07', '2026-01-22 21:42:07'),
(80, 1, 1, 1, 1, 1, 1, 2, 5, 1, 7, 62, 90.00, 0.00, 0.00, 0, 0, 0, 0, 42529.50, 0.00, 0.00, NULL, 2026, 1, '220d79661866cc27a076d95ed355b91cdae8fbe6b9d322d952a21f4f73489b88', 1, '2026-01-22 21:42:07', '2026-01-22 21:42:07'),
(81, 1, 1, 1, 1, 1, 1, 2, 5, 1, 7, 21, 90.00, 0.00, 0.00, 0, 0, 0, 0, 42529.50, 0.00, 0.00, NULL, 2026, 1, '45e27cb241318feada5098199dd4bd9c2b1ec26d294affc85db9ee0a571e6ae4', 1, '2026-01-22 21:42:07', '2026-01-22 21:42:07'),
(82, 1, 1, 1, 1, 1, 1, 2, 5, 1, 8, 63, 100.00, 0.00, 0.00, 0, 0, 0, 0, 47255.00, 0.00, 0.00, NULL, 2026, 1, '5130d3d36182690682a110ed117c5fe9e5454ac4bff70c727659c359d071291d', 1, '2026-01-22 21:42:07', '2026-01-22 21:42:07'),
(83, 1, 1, 1, 1, 1, 1, 2, 5, 1, 8, 64, 100.00, 0.00, 0.00, 0, 0, 0, 0, 47255.00, 0.00, 0.00, NULL, 2026, 1, 'a21bb8f7bbf7bb1e0ac0daa3512b97717ef6b97b88f032e89f979cb13982dfc0', 1, '2026-01-22 21:42:07', '2026-01-22 21:42:07'),
(84, 1, 1, 1, 1, 1, 1, 2, 5, 1, 9, 65, 80.00, 0.00, 0.00, 0, 0, 0, 0, 37804.00, 0.00, 0.00, NULL, 2026, 1, '737a14de571b67ae3e33118230ad0604c1f962f4ddbd2d7d411612d094f04908', 1, '2026-01-22 21:42:07', '2026-01-22 21:42:07'),
(85, 1, 1, 1, 1, 1, 1, 2, 5, 1, 9, 52, 80.00, 0.00, 0.00, 0, 0, 0, 0, 37804.00, 0.00, 0.00, NULL, 2026, 1, 'bd81fe691d955b203b26f20065984a70a20ee702740145fc84cfa1e480ca9764', 1, '2026-01-22 21:42:07', '2026-01-22 21:42:07'),
(86, 1, 1, 1, 1, 1, 1, 2, 5, 1, 9, 66, 80.00, 0.00, 0.00, 0, 0, 0, 0, 37804.00, 0.00, 0.00, NULL, 2026, 1, '1cb7261731cb7082c379bd4463a01da8d09b67e798975ac31474a934b180b49e', 1, '2026-01-22 21:42:07', '2026-01-22 21:42:07'),
(87, 1, 1, 1, 1, 1, 1, 2, 5, 1, 9, 35, 80.00, 0.00, 0.00, 0, 0, 0, 0, 37804.00, 0.00, 0.00, NULL, 2026, 1, 'c94d8d25901ded1162d4128eab5f2602610790a0ec9dc15498a81a8d609fdf65', 1, '2026-01-22 21:42:07', '2026-01-22 21:42:07'),
(88, 1, 1, 1, 1, 1, 1, 2, 5, 1, 9, 67, 80.00, 0.00, 0.00, 0, 0, 0, 0, 37804.00, 0.00, 0.00, NULL, 2026, 1, 'e6a6399247b572a4c8cb85c0c4f92f7ddad262e966674240478051543b2c6cfd', 1, '2026-01-22 21:42:07', '2026-01-22 21:42:07'),
(89, 1, 1, 1, 1, 1, 1, 2, 5, 1, 17, 68, 50.00, 0.00, 0.00, 0, 0, 0, 0, 23627.00, 0.00, 0.00, NULL, 2026, 1, 'f593f51178aa4427dda324be50d535ff6bb5f8395ce5dd3eb494075aaa10be1f', 1, '2026-01-22 21:42:07', '2026-01-22 21:42:07'),
(90, 1, 1, 1, 1, 1, 1, 2, 5, 1, 17, 69, 100.00, 0.00, 0.00, 0, 0, 0, 0, 47255.00, 0.00, 0.00, NULL, 2026, 1, 'bd0b37aec9460bf026583282dbb9e59e996bb470560c4eab8f35302d9bc6fc6f', 1, '2026-01-22 21:42:07', '2026-01-22 21:42:07'),
(91, 1, 1, 1, 1, 1, 1, 2, 5, 1, 17, 70, 100.00, 0.00, 0.00, 0, 0, 0, 0, 47255.00, 0.00, 0.00, NULL, 2026, 1, 'bbc16e1fa960a23e4be53ce126b70871ed933c3824a831dadad9e84feff0dbd1', 1, '2026-01-22 21:42:07', '2026-01-22 21:42:07'),
(92, 1, 1, 1, 1, 1, 1, 2, 5, 1, 11, 44, 50.00, 0.00, 0.00, 0, 0, 0, 0, 23627.00, 0.00, 0.00, NULL, 2026, 1, '7e3310e055f4ca8412ec69bb06f78ad8ffa26153336a12c0d9bba771a267cf86', 1, '2026-01-22 21:42:07', '2026-01-22 21:42:07'),
(93, 1, 1, 1, 1, 1, 1, 2, 5, 1, 12, 71, 100.00, 0.00, 0.00, 0, 0, 0, 0, 47255.00, 0.00, 0.00, NULL, 2026, 1, '10b1e2d006e5d49631bf3f6840b35c42459f98d851a7b9a49b95c72c84462a13', 1, '2026-01-22 21:42:07', '2026-01-22 21:42:07'),
(94, 1, 1, 1, 1, 1, 1, 2, 5, 1, 12, 72, 100.00, 0.00, 0.00, 0, 0, 0, 0, 47255.00, 0.00, 0.00, NULL, 2026, 1, '7032dbd5d551774716f147962a6279104339101084f38fe76d642849bf2ffb50', 1, '2026-01-22 21:42:07', '2026-01-22 21:42:07'),
(95, 1, 1, 1, 1, 1, 1, 2, 5, 1, 15, 73, 90.00, 0.00, 0.00, 0, 0, 0, 0, 42529.00, 0.00, 0.00, NULL, 2026, 1, '1ed7fb405f73881d39a8ad3eee7f390a7b96ac7fd44ac4571be5b0f26bfafb29', 1, '2026-01-22 21:42:07', '2026-01-22 21:42:07'),
(96, 1, 1, 1, 1, 1, 1, 2, 5, 1, 15, 74, 120.00, 0.00, 0.00, 0, 0, 0, 0, 56707.00, 0.00, 0.00, NULL, 2026, 1, 'ceb24e1847c1c5200f3ad1decfeaad8e9579fd99c0a2ef499fb68da2a6363618', 1, '2026-01-22 21:42:07', '2026-01-22 21:42:07'),
(97, 1, 1, 1, 1, 1, 1, 2, 5, 1, 10, 75, 200.00, 0.00, 0.00, 0, 0, 0, 0, 94510.00, 0.00, 0.00, NULL, 2026, 1, '19c29cc298a49c1350e087cad3520eb8d63b2026c8582ea4c2ba4ca107783519', 1, '2026-01-22 21:42:07', '2026-01-22 21:42:07'),
(98, 1, 1, 1, 1, 1, 1, 2, 5, 1, 10, 41, 100.00, 0.00, 0.00, 0, 0, 0, 0, 47255.00, 0.00, 0.00, NULL, 2026, 1, '52e7f6a826f7604d8ec6abfe494c3d4c315ea4bd2aa3fbacb8def3877a5213c9', 1, '2026-01-22 21:42:07', '2026-01-22 21:42:07'),
(99, 1, 1, 1, 1, 1, 1, 2, 6, 1, 3, 3, 20.00, 0.00, 0.00, 0, 0, 0, 0, 50000.00, 0.00, 0.00, NULL, 2026, 1, '7aecd05fb8ea067504c378ac59eac47a75024d4bc43753a96a9f0f37ec3d5fae', 1, '2026-01-22 21:42:08', '2026-01-22 21:42:08'),
(100, 1, 1, 2, 2, 2, 2, 3, 7, 2, 18, 76, 2.00, 0.00, 0.00, 2, 0, 2, 2, 45457.00, 0.00, 0.00, NULL, 2026, 1, '41935b268c35065eb56461c7396fbd6309ba5aced100c2287ac91dcdfa8c6eb0', 1, '2026-01-22 21:42:08', '2026-01-22 21:42:08'),
(101, 1, 1, 2, 2, 2, 2, 3, 7, 2, 2, 77, 0.50, 0.00, 0.00, 0, 0, 0, 0, 11364.00, 0.00, 0.00, NULL, 2026, 1, 'de43f395f0d3a18587f5e1c9e7e599be014e937bc2d35c0145f3f12d975cae32', 1, '2026-01-22 21:42:08', '2026-01-22 21:42:08'),
(102, 1, 1, 2, 2, 2, 2, 3, 7, 2, 2, 78, 0.50, 0.00, 0.00, 0, 0, 0, 0, 11364.00, 0.00, 0.00, NULL, 2026, 1, '333c96d7bcc6b339628439612e8fbeed94747f7b54feb11099cacb47e0616a19', 1, '2026-01-22 21:42:08', '2026-01-22 21:42:08'),
(103, 1, 1, 2, 2, 2, 2, 3, 7, 2, 2, 79, 0.50, 0.00, 0.00, 0, 0, 0, 0, 11364.00, 0.00, 0.00, NULL, 2026, 1, 'ba8ad6e3c6a73a07cc426d30fcaba3d25baa4a7bacba4aa2952535753f2ee156', 1, '2026-01-22 21:42:08', '2026-01-22 21:42:08'),
(104, 1, 1, 2, 2, 2, 2, 3, 7, 2, 2, 2, 0.50, 0.00, 0.00, 0, 0, 0, 0, 11364.00, 0.00, 0.00, NULL, 2026, 1, '2bc2db1df57d34dee1a9227268cbfd9b7be4bfef53edb11bc3c0f1d634f1ebd5', 1, '2026-01-22 21:42:08', '2026-01-22 21:42:08'),
(105, 1, 1, 2, 2, 2, 2, 3, 7, 2, 3, 3, 0.50, 0.00, 0.00, 0, 0, 0, 0, 11364.00, 0.00, 0.00, NULL, 2026, 1, 'd5f646cf3fb9499a404e6b138ecf9f7bc8aff89dcac5b149f7328f329cc7914e', 1, '2026-01-22 21:42:08', '2026-01-22 21:42:08'),
(106, 1, 1, 2, 2, 2, 2, 3, 7, 2, 3, 80, 0.50, 0.00, 0.00, 0, 0, 0, 0, 11364.00, 0.00, 0.00, NULL, 2026, 1, 'eb887f834810f9698c7784efdab8372c6a811d45514da17a5f9f8af11a5fbd6a', 1, '2026-01-22 21:42:08', '2026-01-22 21:42:08'),
(107, 1, 1, 2, 2, 2, 2, 3, 7, 2, 3, 81, 0.50, 0.00, 0.00, 0, 0, 0, 0, 11364.00, 0.00, 0.00, NULL, 2026, 1, 'e9c8df1b880355cd6ce28c80b815f668f6af443e6c073b75fe3be2003d212ce3', 1, '2026-01-22 21:42:08', '2026-01-22 21:42:08'),
(108, 1, 1, 2, 2, 2, 2, 3, 7, 2, 3, 4, 0.50, 0.00, 0.00, 0, 0, 0, 0, 11364.00, 0.00, 0.00, NULL, 2026, 1, '256d8be8141a8d4c14c2eb3b9014a28f05dcc86add98efd466f6ef7e62b69c3d', 1, '2026-01-22 21:42:08', '2026-01-22 21:42:08'),
(109, 1, 1, 2, 2, 2, 2, 3, 7, 2, 3, 9, 0.50, 0.00, 0.00, 0, 0, 0, 0, 11364.00, 0.00, 0.00, NULL, 2026, 1, '389153ef56f9661c55288970125383e7842cc60028841118bc9666abcca09725', 1, '2026-01-22 21:42:08', '2026-01-22 21:42:08'),
(110, 1, 1, 2, 2, 2, 2, 3, 7, 2, 3, 82, 0.50, 0.00, 0.00, 0, 0, 0, 0, 11364.00, 0.00, 0.00, NULL, 2026, 1, '83be46356eec5138852cb6ea5320299f9e24d0bdbccf7539a463a37c66f5c3e2', 1, '2026-01-22 21:42:08', '2026-01-22 21:42:08'),
(111, 1, 1, 2, 2, 2, 2, 3, 7, 2, 6, 83, 1.00, 0.00, 0.00, 0, 0, 0, 0, 22729.00, 0.00, 0.00, NULL, 2026, 1, '00677deb36aad6a82fffd1b07376db194cdd7cdd55607d70e0770a7850d99867', 1, '2026-01-22 21:42:08', '2026-01-22 21:42:08'),
(112, 1, 1, 2, 2, 2, 2, 3, 7, 2, 6, 84, 1.00, 0.00, 0.00, 0, 0, 0, 0, 22729.00, 0.00, 0.00, NULL, 2026, 1, '31108f83927067acc746c1f85f63106ab06c45f66f783dbbbc4378ec934a758b', 1, '2026-01-22 21:42:08', '2026-01-22 21:42:08'),
(113, 1, 1, 2, 2, 2, 2, 3, 7, 2, 9, 67, 1.00, 0.00, 0.00, 0, 0, 0, 0, 22732.00, 0.00, 0.00, NULL, 2026, 1, '3fce59bbaceada0fb26ad20cd5418a2919f549bb1c781c768169f4334a681034', 1, '2026-01-22 21:42:08', '2026-01-22 21:42:08'),
(114, 1, 1, 2, 2, 2, 2, 3, 8, 2, 7, 85, 3.00, 0.00, 0.00, 0, 0, 0, 0, 71580.00, 0.00, 0.00, NULL, 2026, 1, '208ffb051dbdbf42460136cce70bd0ebe19121257f64bc646bdb6099e9159e88', 1, '2026-01-22 21:42:08', '2026-01-22 21:42:08'),
(115, 1, 1, 2, 2, 2, 2, 3, 8, 2, 7, 86, 2.00, 0.00, 0.00, 0, 0, 0, 0, 47720.00, 0.00, 0.00, NULL, 2026, 1, '2617a0955e087d61714a0dce570bc546ec740397020f5102a800e068c5170c6e', 1, '2026-01-22 21:42:08', '2026-01-22 21:42:08'),
(116, 1, 1, 2, 2, 2, 2, 3, 8, 2, 19, 87, 5.00, 0.00, 0.00, 0, 0, 0, 0, 119300.00, 0.00, 0.00, NULL, 2026, 1, 'b9785c835e3738d38dfb580ed967229f7d53080e6004a7b91944587ef5e9bece', 1, '2026-01-22 21:42:08', '2026-01-22 21:42:08'),
(117, 1, 1, 2, 2, 2, 2, 3, 8, 2, 19, 88, 2.00, 0.00, 0.00, 0, 0, 0, 0, 47720.00, 0.00, 0.00, NULL, 2026, 1, 'bd8254d4770e76f7c818cb0143d380957d117c4339b77e0f228a79f66753b2ca', 1, '2026-01-22 21:42:08', '2026-01-22 21:42:08'),
(118, 1, 1, 2, 2, 2, 2, 3, 8, 2, 20, 89, 3.00, 0.00, 0.00, 0, 0, 0, 0, 71580.00, 0.00, 0.00, NULL, 2026, 1, '685d4f0da816a9c5e8df6c4f8a0a13c598aabdf35f91c27cf155e33e4cc673bd', 1, '2026-01-22 21:42:08', '2026-01-22 21:42:08'),
(119, 1, 1, 2, 2, 2, 2, 3, 8, 2, 20, 90, 3.00, 0.00, 0.00, 0, 0, 0, 0, 71580.00, 0.00, 0.00, NULL, 2026, 1, 'ac9359825e135d2467cfbe52c0c3f7ade9086eaae3c072821591eeeb2bdbd582', 1, '2026-01-22 21:42:08', '2026-01-22 21:42:08'),
(120, 1, 1, 2, 2, 2, 2, 3, 8, 2, 8, 91, 2.00, 0.00, 0.00, 0, 0, 0, 0, 47720.00, 0.00, 0.00, NULL, 2026, 1, 'b39d036584ca7c967ed664e9d33d0b521c3fa09d004a6e265505cdd373a78206', 1, '2026-01-22 21:42:08', '2026-01-22 21:42:08'),
(121, 1, 1, 2, 2, 2, 2, 3, 8, 2, 8, 92, 2.00, 0.00, 0.00, 0, 0, 0, 0, 47720.00, 0.00, 0.00, NULL, 2026, 1, '7c304b25ed7ae863ed0ba96ba72acdde519dd772613ecb72786fdee237eaa346', 1, '2026-01-22 21:42:08', '2026-01-22 21:42:08'),
(122, 1, 1, 2, 2, 2, 2, 3, 8, 2, 8, 93, 2.00, 0.00, 0.00, 0, 0, 0, 0, 47720.00, 0.00, 0.00, NULL, 2026, 1, '88b91306787a831a7b4f40591cffae5798f28d6e0fcf89c2391aabda8d300f5b', 1, '2026-01-22 21:42:08', '2026-01-22 21:42:08'),
(123, 1, 1, 2, 2, 2, 2, 3, 8, 2, 10, 94, 2.00, 0.00, 0.00, 0, 0, 0, 0, 47720.00, 0.00, 0.00, NULL, 2026, 1, '28a66ff57c4a8336f376465f8331678baf5e6cce8a9230481ca995f15dba66ed', 1, '2026-01-22 21:42:08', '2026-01-22 21:42:08'),
(124, 1, 1, 2, 2, 2, 2, 3, 8, 2, 21, 95, 3.00, 0.00, 0.00, 0, 0, 0, 0, 71580.00, 0.00, 0.00, NULL, 2026, 1, '3374c2f98a9a342dcc8960127d2dad16ca37afcb9c8116341f0a4af2494f3347', 1, '2026-01-22 21:42:08', '2026-01-22 21:42:08'),
(125, 1, 1, 2, 2, 2, 2, 3, 8, 2, 21, 96, 3.00, 0.00, 0.00, 0, 0, 0, 0, 71580.00, 0.00, 0.00, NULL, 2026, 1, 'bf6bf7ec7cb184e55d1be2b6a4eec7dbfe006e275c000171f006173a95ff7c40', 1, '2026-01-22 21:42:08', '2026-01-22 21:42:08'),
(126, 1, 1, 2, 2, 2, 2, 3, 8, 2, 21, 97, 4.00, 0.00, 0.00, 0, 0, 0, 0, 95440.00, 0.00, 0.00, NULL, 2026, 1, 'd64de943b919f592bde1d77910696acc703542496d6c2ad1c4ee5b0731b548e6', 1, '2026-01-22 21:42:08', '2026-01-22 21:42:08'),
(127, 1, 1, 2, 2, 2, 2, 3, 8, 2, 22, 98, 5.00, 0.00, 0.00, 0, 0, 0, 0, 119301.00, 0.00, 0.00, NULL, 2026, 1, 'f1e6d06ec1adb276c0a563173d630a934bc9c473d3304a71452d0b04b1c96e9e', 1, '2026-01-22 21:42:08', '2026-01-22 21:42:08'),
(128, 1, 1, 2, 2, 2, 2, 3, 9, 2, 2, 2, 7.00, 0.00, 0.00, 1, 0, 1, 1, 38074.00, 0.00, 0.00, NULL, 2026, 1, '2a27bed95147b19415a1d782a8ed03d0971640133bfbb5c726d721573ce9fc6a', 1, '2026-01-22 21:42:08', '2026-01-22 21:42:08'),
(129, 1, 1, 2, 2, 2, 2, 3, 9, 2, 3, 80, 5.00, 0.00, 0.00, 0, 0, 0, 0, 27196.00, 0.00, 0.00, NULL, 2026, 1, '8aef34b2c65b86a400c41f14835ae2e4a9ab28e9feb2975e8ddf2341e1cdf973', 1, '2026-01-22 21:42:08', '2026-01-22 21:42:08'),
(130, 1, 1, 2, 2, 2, 2, 3, 9, 2, 3, 7, 8.00, 0.00, 0.00, 0, 0, 0, 0, 43513.00, 0.00, 0.00, NULL, 2026, 1, '88b965a6ce00a31be6b2b6656ebb85c000d871faac56c576767fe60afc9a4f47', 1, '2026-01-22 21:42:08', '2026-01-22 21:42:08'),
(131, 1, 1, 2, 2, 2, 2, 3, 9, 2, 3, 9, 10.00, 0.00, 0.00, 0, 0, 0, 0, 54391.00, 0.00, 0.00, NULL, 2026, 1, '18fd8112afbf9f56a6d4b3d7187d553c3c3decbd877b90e49654ea66f159b005', 1, '2026-01-22 21:42:08', '2026-01-22 21:42:08'),
(132, 1, 1, 2, 2, 2, 2, 3, 9, 2, 3, 99, 3.00, 0.00, 0.00, 0, 0, 0, 0, 16317.00, 0.00, 0.00, NULL, 2026, 1, '6422f9ed221f8cd61cd26a41911d2c3986175f93d6dc2d8e7ea4901258517ff3', 1, '2026-01-22 21:42:08', '2026-01-22 21:42:08'),
(133, 1, 1, 2, 2, 2, 2, 3, 9, 2, 5, 14, 4.00, 0.00, 0.00, 0, 0, 0, 0, 21757.00, 0.00, 0.00, NULL, 2026, 1, '9a54cd0d60bf80bc49717882cfcebdec13e06e6037960ebdcd1454b3a365977c', 1, '2026-01-22 21:42:08', '2026-01-22 21:42:08'),
(134, 1, 1, 2, 2, 2, 2, 3, 9, 2, 6, 20, 3.00, 0.00, 0.00, 0, 0, 0, 0, 16317.00, 0.00, 0.00, NULL, 2026, 1, '784ba5797be869df88ddc5508b472038fd2cf77308664bbd1bfc8f5a46a05620', 1, '2026-01-22 21:42:08', '2026-01-22 21:42:08'),
(135, 1, 1, 2, 2, 2, 2, 3, 9, 2, 6, 83, 3.00, 0.00, 0.00, 0, 0, 0, 0, 16317.00, 0.00, 0.00, NULL, 2026, 1, '56fa5882bea2167816ba58ff67b695c09cdedefa00dc48c4e3ff4e111e930314', 1, '2026-01-22 21:42:08', '2026-01-22 21:42:08'),
(136, 1, 1, 2, 2, 2, 2, 3, 9, 2, 7, 62, 2.00, 0.00, 0.00, 1, 0, 1, 1, 10878.00, 0.00, 0.00, NULL, 2026, 1, '34fd530ccfd4fec92888556d877163cd50a9e19b0a6ec88d750dc3b1fceec029', 1, '2026-01-22 21:42:08', '2026-01-22 21:42:08'),
(137, 1, 1, 2, 2, 2, 2, 3, 9, 2, 8, 100, 2.00, 0.00, 0.00, 0, 0, 0, 0, 10878.00, 0.00, 0.00, NULL, 2026, 1, '8d8c861af44dccd6204a218871ec2990f701c70e25a0a8c4c296fd34e4aa735f', 1, '2026-01-22 21:42:08', '2026-01-22 21:42:08'),
(138, 1, 1, 2, 2, 2, 2, 3, 9, 2, 8, 63, 2.00, 0.00, 0.00, 0, 0, 0, 0, 10878.00, 0.00, 0.00, NULL, 2026, 1, '515abdf3add2f806dd267ff43654ea0ea222d9a548fa9b9fe342e4817a1818d7', 1, '2026-01-22 21:42:08', '2026-01-22 21:42:08'),
(139, 1, 1, 2, 2, 2, 2, 3, 9, 2, 8, 101, 2.00, 0.00, 0.00, 0, 0, 0, 0, 10878.00, 0.00, 0.00, NULL, 2026, 1, 'feb6908fafe6c569fea25a20ee76b367e60dd125c25f1367a4edbc642daf8f66', 1, '2026-01-22 21:42:08', '2026-01-22 21:42:08'),
(140, 1, 1, 2, 2, 2, 2, 3, 9, 2, 8, 24, 2.00, 0.00, 0.00, 0, 0, 0, 0, 10878.00, 0.00, 0.00, NULL, 2026, 1, '9d9349be40bf45b8885f255b520cc2c1a03bd0af9a7458df4c933074d650701a', 1, '2026-01-22 21:42:08', '2026-01-22 21:42:08'),
(141, 1, 1, 2, 2, 2, 2, 3, 9, 2, 8, 102, 3.00, 0.00, 0.00, 0, 0, 0, 0, 16317.00, 0.00, 0.00, NULL, 2026, 1, '57723c1a06f0603da3785a88bf1eec2b5c97a978b24391d10efe10182d938b4b', 1, '2026-01-22 21:42:08', '2026-01-22 21:42:08'),
(142, 1, 1, 2, 2, 2, 2, 3, 9, 2, 8, 103, 2.00, 0.00, 0.00, 0, 0, 0, 0, 10878.00, 0.00, 0.00, NULL, 2026, 1, '59ec9723d5a45913815d9549c657aeabc3d573ee0c1be311109f4791d58883f6', 1, '2026-01-22 21:42:08', '2026-01-22 21:42:08'),
(143, 1, 1, 2, 2, 2, 2, 3, 9, 2, 9, 32, 3.00, 0.00, 0.00, 0, 0, 0, 0, 16317.00, 0.00, 0.00, NULL, 2026, 1, '6b95bb89324a78e4ac7067b49fe7566aff6bcdb791f2c50ad13123f2e3c8cce6', 1, '2026-01-22 21:42:08', '2026-01-22 21:42:08'),
(144, 1, 1, 2, 2, 2, 2, 3, 9, 2, 9, 104, 3.00, 0.00, 0.00, 0, 0, 0, 0, 16317.00, 0.00, 0.00, NULL, 2026, 1, 'e716bc69b164e0fe0b9846c87f27a71f702a866946ab43d99c2ee558a9a05a44', 1, '2026-01-22 21:42:08', '2026-01-22 21:42:08'),
(145, 1, 1, 2, 2, 2, 2, 3, 9, 2, 9, 35, 5.00, 0.00, 0.00, 0, 0, 0, 0, 27196.00, 0.00, 0.00, NULL, 2026, 1, '1baf308190714306fd410aaa0cbff03784312d7fc5bba2c7098d92b22075c3c0', 1, '2026-01-22 21:42:08', '2026-01-22 21:42:08'),
(146, 1, 1, 2, 2, 2, 2, 3, 9, 2, 10, 105, 3.00, 0.00, 0.00, 0, 0, 0, 0, 16317.00, 0.00, 0.00, NULL, 2026, 1, '73f3e003747dc1dc5f7439f3a51cd42072c7e713ad7d73fcc9cc41a90897fcab', 1, '2026-01-22 21:42:08', '2026-01-22 21:42:08'),
(147, 1, 1, 2, 2, 2, 2, 3, 9, 2, 10, 106, 3.00, 0.00, 0.00, 0, 0, 0, 0, 16317.00, 0.00, 0.00, NULL, 2026, 1, '48c38a2c8c1d51ca4791b2dac5e9d17f41a0b17b2120b0d0c6b710e7df91d54f', 1, '2026-01-22 21:42:08', '2026-01-22 21:42:08'),
(148, 1, 1, 2, 2, 2, 2, 3, 9, 2, 10, 107, 3.00, 0.00, 0.00, 0, 0, 0, 0, 16317.00, 0.00, 0.00, NULL, 2026, 1, 'b99707724f375b18debf818961ae74bac2405f05cf34fab557cd01bfc0953951', 1, '2026-01-22 21:42:08', '2026-01-22 21:42:08'),
(149, 1, 1, 2, 2, 2, 2, 3, 9, 2, 10, 42, 3.00, 0.00, 0.00, 0, 0, 0, 0, 16317.00, 0.00, 0.00, NULL, 2026, 1, '6674b37caf66c784c55f8ec851933b7ff83b30ed5450204cc67d5cf6ee1953c0', 1, '2026-01-22 21:42:08', '2026-01-22 21:42:08'),
(150, 1, 1, 2, 2, 2, 2, 3, 9, 2, 17, 69, 3.00, 0.00, 0.00, 0, 0, 0, 0, 16317.00, 0.00, 0.00, NULL, 2026, 1, 'b44a7cf1fab19b4790da2bddbc6b84ae55583811e1b41d2ebad8e3fd27525b0a', 1, '2026-01-22 21:42:08', '2026-01-22 21:42:08'),
(151, 1, 1, 2, 2, 2, 2, 3, 9, 2, 11, 108, 6.00, 0.00, 0.00, 0, 0, 0, 0, 32635.00, 0.00, 0.00, NULL, 2026, 1, 'f662eb789d58fe2e131f56390f11c282e86bb35073f7c4ec7e1bb8efc8391c1d', 1, '2026-01-22 21:42:08', '2026-01-22 21:42:08'),
(152, 1, 1, 2, 2, 2, 2, 3, 9, 2, 14, 109, 6.00, 0.00, 0.00, 0, 0, 0, 0, 32640.00, 0.00, 0.00, NULL, 2026, 1, '484ef46f6ac9050b7e94dcf18a4dc8ab380ac6560dc00aeeab62343ff65f5b26', 1, '2026-01-22 21:42:08', '2026-01-22 21:42:08'),
(153, 1, 1, 2, 2, 2, 2, 3, 9, 2, 18, 76, 4.00, 0.00, 0.00, 0, 0, 0, 0, 21757.00, 0.00, 0.00, NULL, 2026, 1, 'c86b4659d4f3f32d5dc4fe0f4eb46cf6e5ec7a979efafa1d2a7147d429cba760', 1, '2026-01-22 21:42:08', '2026-01-22 21:42:08'),
(154, 1, 1, 2, 2, 2, 2, 3, 10, 2, 18, 110, 2.00, 0.00, 0.00, 0, 0, 0, 0, 13587.00, 0.00, 0.00, NULL, 2026, 1, '3772c668e76369ea6099d36ee0dd3cb4d6bf2131df84d08d0ccd1512442ff4be', 1, '2026-01-22 21:42:08', '2026-01-22 21:42:08'),
(155, 1, 1, 2, 2, 2, 2, 3, 10, 2, 4, 111, 7.00, 0.00, 0.00, 0, 0, 0, 0, 47554.00, 0.00, 0.00, NULL, 2026, 1, 'e2d1f2e11cacc91581ef17c56d1f688df45fed327c3935bcbd54b4478e6bfb4f', 1, '2026-01-22 21:42:08', '2026-01-22 21:42:08'),
(156, 1, 1, 2, 2, 2, 2, 3, 10, 2, 7, 112, 4.00, 0.00, 0.00, 0, 0, 0, 0, 27174.00, 0.00, 0.00, NULL, 2026, 1, 'efe49f30db5d514f9ad7181e058967d33bc835e154f634a7abd3942ef442d354', 1, '2026-01-22 21:42:08', '2026-01-22 21:42:08'),
(157, 1, 1, 2, 2, 2, 2, 3, 10, 2, 7, 60, 3.00, 0.00, 0.00, 0, 0, 0, 0, 20380.00, 0.00, 0.00, NULL, 2026, 1, '222887bafca891b000194b78efe7be9d30fbc639066a9db3c402ff596c80212d', 1, '2026-01-22 21:42:08', '2026-01-22 21:42:08'),
(158, 1, 1, 2, 2, 2, 2, 3, 10, 2, 19, 113, 7.00, 0.00, 0.00, 0, 0, 0, 0, 47554.00, 0.00, 0.00, NULL, 2026, 1, '235e4c0747f80fd42754a72b3c46f2d8f893fd79d757a4f85c3dadb2014b8e29', 1, '2026-01-22 21:42:08', '2026-01-22 21:42:08'),
(159, 1, 1, 2, 2, 2, 2, 3, 10, 2, 20, 114, 2.00, 0.00, 0.00, 0, 0, 0, 0, 13587.00, 0.00, 0.00, NULL, 2026, 1, '131a2a3627439a2c584b0d422430d91265391e854bed5f8db5a84762cc99e158', 1, '2026-01-22 21:42:08', '2026-01-22 21:42:08'),
(160, 1, 1, 2, 2, 2, 2, 3, 10, 2, 20, 115, 2.00, 0.00, 0.00, 0, 0, 0, 0, 13587.00, 0.00, 0.00, NULL, 2026, 1, '15b9b83e6ed893e48e5ef153574875dc9106675d334b4d273eb0e141288ac0cf', 1, '2026-01-22 21:42:08', '2026-01-22 21:42:08'),
(161, 1, 1, 2, 2, 2, 2, 3, 10, 2, 20, 116, 3.00, 0.00, 0.00, 0, 0, 0, 0, 20380.00, 0.00, 0.00, NULL, 2026, 1, '2afa823c0f3f40ab7760a9464a076b200a03aa49309912f7ae520839f904dcf9', 1, '2026-01-22 21:42:08', '2026-01-22 21:42:08'),
(162, 1, 1, 2, 2, 2, 2, 3, 10, 2, 8, 27, 2.00, 0.00, 0.00, 0, 0, 0, 0, 13587.00, 0.00, 0.00, NULL, 2026, 1, '2d987427b23860800855ef077d8d070a75bb9963ddc8845ad99422477d19c60b', 1, '2026-01-22 21:42:08', '2026-01-22 21:42:08'),
(163, 1, 1, 2, 2, 2, 2, 3, 10, 2, 8, 117, 3.00, 0.00, 0.00, 0, 0, 0, 0, 20380.00, 0.00, 0.00, NULL, 2026, 1, '9837aea2d36dcc981036cd775b8faffb006c12e6615761f2b88233a385f58c25', 1, '2026-01-22 21:42:08', '2026-01-22 21:42:08'),
(164, 1, 1, 2, 2, 2, 2, 3, 10, 2, 8, 118, 2.00, 0.00, 0.00, 0, 0, 0, 0, 13587.00, 0.00, 0.00, NULL, 2026, 1, 'b64f0d47727572f900b3f0022dab627415ca133f4bce86a920930efa8c01f474', 1, '2026-01-22 21:42:08', '2026-01-22 21:42:08'),
(165, 1, 1, 2, 2, 2, 2, 3, 10, 2, 9, 33, 5.00, 0.00, 0.00, 0, 0, 0, 0, 33967.00, 0.00, 0.00, NULL, 2026, 1, '2057cf4ef1014e40436bcce09eeeadaa32b426434166407bdfdd62f827a92729', 1, '2026-01-22 21:42:08', '2026-01-22 21:42:08'),
(166, 1, 1, 2, 2, 2, 2, 3, 10, 2, 11, 108, 4.00, 0.00, 0.00, 0, 0, 0, 0, 27174.00, 0.00, 0.00, NULL, 2026, 1, 'adbb528efbdb4cc5cb271616d631c340a26a8ada26e6f1e11cf92a0144f5ec01', 1, '2026-01-22 21:42:08', '2026-01-22 21:42:08'),
(167, 1, 1, 2, 2, 2, 2, 3, 10, 2, 11, 44, 3.00, 0.00, 0.00, 0, 0, 0, 0, 20380.00, 0.00, 0.00, NULL, 2026, 1, '13152673848ce01e7e80432d9e74e5e8316dd14a2ba00ca3985d079896f9d349', 1, '2026-01-22 21:42:08', '2026-01-22 21:42:08'),
(168, 1, 1, 2, 2, 2, 2, 3, 10, 2, 21, 95, 3.00, 0.00, 0.00, 0, 0, 0, 0, 20380.00, 0.00, 0.00, NULL, 2026, 1, 'a070810e11b59c636ed6f3c74f21a32a69941577d74c204f62163f2b85fe0bca', 1, '2026-01-22 21:42:08', '2026-01-22 21:42:08'),
(169, 1, 1, 2, 2, 2, 2, 3, 10, 2, 21, 119, 7.00, 0.00, 0.00, 0, 0, 0, 0, 47554.00, 0.00, 0.00, NULL, 2026, 1, '21c29f2541f4f68865632d6b0757756dd1228a59737e883c12dbc2c8b3e87e1e', 1, '2026-01-22 21:42:08', '2026-01-22 21:42:08'),
(170, 1, 1, 2, 2, 2, 2, 3, 10, 2, 21, 120, 4.00, 0.00, 0.00, 0, 0, 0, 0, 27174.00, 0.00, 0.00, NULL, 2026, 1, '2616609dc10c20ba211504d2cb3b598a4f74c408059db2de417e345f9623d841', 1, '2026-01-22 21:42:08', '2026-01-22 21:42:08'),
(171, 1, 1, 2, 2, 2, 2, 3, 10, 2, 22, 121, 2.00, 0.00, 0.00, 0, 0, 0, 0, 13587.00, 0.00, 0.00, NULL, 2026, 1, '1f86463d13dc68bf810117689eb4c7de3ced636155d8213182a7d0772e322139', 1, '2026-01-22 21:42:08', '2026-01-22 21:42:08'),
(172, 1, 1, 2, 2, 2, 2, 3, 10, 2, 22, 122, 2.00, 0.00, 0.00, 0, 0, 0, 0, 13587.00, 0.00, 0.00, NULL, 2026, 1, 'e4540cc54a8cd37c276afbe371d120506c56235ca22071071e4bac9d984e4d8f', 1, '2026-01-22 21:42:08', '2026-01-22 21:42:08'),
(173, 1, 1, 2, 2, 2, 2, 3, 10, 2, 22, 98, 2.00, 0.00, 0.00, 0, 0, 0, 0, 13587.00, 0.00, 0.00, NULL, 2026, 1, '07d8577394784a52d715d0718df0343576e63e5768e073288ed9cb5b32583203', 1, '2026-01-22 21:42:08', '2026-01-22 21:42:08'),
(174, 1, 1, 2, 2, 2, 2, 3, 10, 2, 12, 46, 1.00, 0.00, 0.00, 0, 0, 0, 0, 6793.00, 0.00, 0.00, NULL, 2026, 1, '8162088ff9b186c8b61c731c46bd5361aa3cf1e9478cf86bf2cbb55be89230e3', 1, '2026-01-22 21:42:08', '2026-01-22 21:42:08'),
(175, 1, 1, 2, 2, 2, 2, 3, 10, 2, 12, 123, 1.00, 0.00, 0.00, 0, 0, 0, 0, 6793.00, 0.00, 0.00, NULL, 2026, 1, '96cd3e263b6939b0c86234768136ba68988651ddc9a4104d63a51928ef18bb1e', 1, '2026-01-22 21:42:08', '2026-01-22 21:42:08'),
(176, 1, 1, 2, 2, 2, 2, 3, 10, 2, 12, 124, 1.00, 0.00, 0.00, 1, 0, 1, 1, 6793.00, 0.00, 0.00, NULL, 2026, 1, 'c371ebede26174fe01d5ff1e1bec8d45fba7b43a26fd6c30627b89c83b475af8', 1, '2026-01-22 21:42:08', '2026-01-22 21:42:08'),
(177, 1, 1, 2, 2, 2, 2, 3, 10, 2, 12, 125, 1.00, 0.00, 0.00, 0, 0, 0, 0, 6793.00, 0.00, 0.00, NULL, 2026, 1, 'f9edbf785ef77dc4e3d910a850e8c88fdaaf3e974475b840ef19a2dbd4404f13', 1, '2026-01-22 21:42:08', '2026-01-22 21:42:08'),
(178, 1, 1, 2, 2, 2, 2, 3, 10, 2, 12, 126, 1.00, 0.00, 0.00, 0, 0, 0, 0, 6793.00, 0.00, 0.00, NULL, 2026, 1, '9ae19bebf022e27472fe4fa2f8a8335e5559fcdd2fc605ad340855e25bf4b378', 1, '2026-01-22 21:42:08', '2026-01-22 21:42:08'),
(179, 1, 1, 2, 2, 2, 2, 3, 10, 2, 12, 127, 1.00, 0.00, 0.00, 0, 0, 0, 0, 6793.00, 0.00, 0.00, NULL, 2026, 1, 'd125d1000b0fcced72411a4c95a78ae63c8391afa6f368df8d8c56bb2e886de7', 1, '2026-01-22 21:42:08', '2026-01-22 21:42:08'),
(180, 1, 1, 2, 2, 2, 2, 3, 10, 2, 14, 109, 5.00, 0.00, 0.00, 0, 0, 0, 0, 33968.00, 0.00, 0.00, NULL, 2026, 1, 'fdcb0b71dc3891e2e3921a681c593dfd63997f4bc0ea9200c24819478feed626', 1, '2026-01-22 21:42:08', '2026-01-22 21:42:08'),
(181, 1, 1, 2, 2, 2, 2, 3, 11, 2, 18, 110, 42.00, 0.00, 0.00, 0, 0, 0, 0, 41650000.00, 0.00, 0.00, NULL, 2026, 1, '3d5964a103d8a3b41739367957a71159d6a2ace85a43aa6e95ed39d8db1e7024', 1, '2026-01-22 21:42:08', '2026-01-22 21:42:08'),
(182, 1, 1, 2, 2, 2, 2, 4, 12, 1, 11, 128, 10.00, 0.00, 0.00, 0, 0, 0, 0, 9250.00, 0.00, 0.00, NULL, 2026, 1, '72dabd4fffdb97f2f6fa6adc9daf407e6d6f527f0660744fbb25a1d8526a54ff', 1, '2026-01-22 21:42:08', '2026-01-22 21:42:08'),
(183, 1, 1, 2, 2, 2, 2, 4, 12, 1, 11, 108, 10.00, 0.00, 0.00, 0, 0, 0, 0, 9250.00, 0.00, 0.00, NULL, 2026, 1, 'b684624afb6e69b9bb22ffc671c4728f8dfd6d23e69733ccb380502ee12f5b9c', 1, '2026-01-22 21:42:08', '2026-01-22 21:42:08'),
(184, 1, 1, 2, 2, 2, 2, 4, 12, 1, 11, 44, 10.00, 0.00, 0.00, 0, 0, 0, 0, 9250.00, 0.00, 0.00, NULL, 2026, 1, '4cc05299c5e1ae2575bb227367db2fc2cb4df49b30579586ce6d20509bafd54b', 1, '2026-01-22 21:42:08', '2026-01-22 21:42:08'),
(185, 1, 1, 2, 2, 2, 2, 4, 12, 1, 11, 129, 10.00, 0.00, 0.00, 0, 0, 0, 0, 9250.00, 0.00, 0.00, NULL, 2026, 1, 'aaeda3e3717ee20d86d41567d7a38b438c41fcff65b9911dd88695b65df68a82', 1, '2026-01-22 21:42:08', '2026-01-22 21:42:08'),
(186, 1, 1, 2, 2, 2, 2, 4, 12, 1, 11, 130, 10.00, 0.00, 0.00, 0, 0, 0, 0, 9250.00, 0.00, 0.00, NULL, 2026, 1, 'ddba9f0e35527c219dc6d57f9f11994da1017ce7e070668aa5b7320b973c644b', 1, '2026-01-22 21:42:08', '2026-01-22 21:42:08'),
(187, 1, 1, 2, 2, 2, 2, 4, 12, 1, 11, 131, 10.00, 0.00, 0.00, 0, 0, 0, 0, 9250.00, 0.00, 0.00, NULL, 2026, 1, 'd0681bedb8bb829afc4a197b59259d52887028845beb6f64298fc750e828c2ca', 1, '2026-01-22 21:42:08', '2026-01-22 21:42:08'),
(188, 1, 1, 2, 2, 2, 2, 4, 12, 1, 11, 132, 10.00, 0.00, 0.00, 0, 0, 0, 0, 9250.00, 0.00, 0.00, NULL, 2026, 1, 'c492bb09ae81ff588d423c607b9529af09006f4cf6a2028751401321707e9788', 1, '2026-01-22 21:42:08', '2026-01-22 21:42:08'),
(189, 1, 1, 2, 2, 2, 2, 4, 12, 1, 11, 133, 10.00, 0.00, 0.00, 0, 0, 0, 0, 9250.00, 0.00, 0.00, NULL, 2026, 1, '19e0a0ad22f92c6131a606f487229b23832fd6a8b541602eb36c73c0426e3845', 1, '2026-01-22 21:42:08', '2026-01-22 21:42:08'),
(190, 1, 1, 2, 2, 2, 2, 4, 12, 1, 11, 134, 10.00, 0.00, 0.00, 0, 0, 0, 0, 9250.00, 0.00, 0.00, NULL, 2026, 1, 'd009c222a07ad2b0c1a9a700b2d9d6ec4828ceac91100d2a75ec9bd8695c441f', 1, '2026-01-22 21:42:08', '2026-01-22 21:42:08'),
(191, 1, 1, 2, 2, 2, 2, 4, 12, 1, 11, 135, 10.00, 0.00, 0.00, 0, 0, 0, 0, 9250.00, 0.00, 0.00, NULL, 2026, 1, 'b099d58e89974083684c81c6022f128160be7a82e2696c1e87d1d7720b93fe68', 1, '2026-01-22 21:42:08', '2026-01-22 21:42:08'),
(192, 1, 1, 2, 2, 2, 2, 4, 12, 1, 11, 136, 10.00, 0.00, 0.00, 0, 0, 0, 0, 9250.00, 0.00, 0.00, NULL, 2026, 1, 'e81ccd31af3a66cca9a98e97e6b9f533f422a0688525d4049425c07d81380f91', 1, '2026-01-22 21:42:08', '2026-01-22 21:42:08'),
(193, 1, 1, 2, 2, 2, 2, 4, 12, 1, 11, 137, 10.00, 0.00, 0.00, 0, 0, 0, 0, 9250.00, 0.00, 0.00, NULL, 2026, 1, '775170e7e9b7a419dd52e58d64752488a8d978f00283247cdf1c2b89e4219138', 1, '2026-01-22 21:42:08', '2026-01-22 21:42:08'),
(194, 1, 1, 2, 2, 2, 2, 4, 12, 1, 11, 138, 10.00, 0.00, 0.00, 0, 0, 0, 0, 9250.00, 0.00, 0.00, NULL, 2026, 1, '2f7c6dd6e7de8b38f1931bfed1f0e76fa2a9a1b85353f624810a6c678e7427ab', 1, '2026-01-22 21:42:08', '2026-01-22 21:42:08'),
(195, 1, 1, 2, 2, 2, 2, 4, 12, 1, 11, 139, 10.00, 0.00, 0.00, 0, 0, 0, 0, 9250.00, 0.00, 0.00, NULL, 2026, 1, '48d2d646f9b20865c8686dad5a4cf9cdf34c63717c4f41cbdd8979a818869676', 1, '2026-01-22 21:42:08', '2026-01-22 21:42:08'),
(196, 1, 1, 2, 2, 2, 2, 4, 13, 1, 3, 80, 2.00, 0.00, 0.00, 0, 0, 0, 0, 4930.00, 0.00, 0.00, NULL, 2026, 1, '219ffd49c778cb23d614d6ad36551bcee282831dba049399603ce09312519b6d', 1, '2026-01-22 21:42:08', '2026-01-22 21:42:08'),
(197, 1, 1, 2, 2, 2, 2, 4, 13, 1, 3, 5, 2.00, 0.00, 0.00, 0, 0, 0, 0, 4930.00, 0.00, 0.00, NULL, 2026, 1, '34b1d284b2dcf8b432ed385a6bdafd019aa46695526cc41df1c628eb5d64cfa2', 1, '2026-01-22 21:42:08', '2026-01-22 21:42:08'),
(198, 1, 1, 2, 2, 2, 2, 4, 13, 1, 3, 6, 6.00, 0.00, 0.00, 0, 0, 0, 0, 14791.00, 0.00, 0.00, NULL, 2026, 1, 'd0c2301a9ffb70ca70415f097275f29be763703e2a25dff2333d51d84a6f4664', 1, '2026-01-22 21:42:08', '2026-01-22 21:42:08'),
(199, 1, 1, 2, 2, 2, 2, 4, 13, 1, 3, 7, 4.00, 0.00, 0.00, 0, 0, 0, 0, 9861.00, 0.00, 0.00, NULL, 2026, 1, 'b66a008e484ea8173f09c139761d4daae0ce552d3323a38655947d7e7b5951e3', 1, '2026-01-22 21:42:08', '2026-01-22 21:42:08'),
(200, 1, 1, 2, 2, 2, 2, 4, 13, 1, 3, 8, 5.00, 0.00, 0.00, 0, 0, 0, 0, 12326.00, 0.00, 0.00, NULL, 2026, 1, '766d5ab941bd07da888e4d4d61c1dbc647e62ba964da816f2bc9612c9f38f1c0', 1, '2026-01-22 21:42:08', '2026-01-22 21:42:08'),
(201, 1, 1, 2, 2, 2, 2, 4, 13, 1, 3, 140, 4.00, 0.00, 0.00, 0, 0, 0, 0, 9861.00, 0.00, 0.00, NULL, 2026, 1, '8ee8d5fcaf8c8187f34f80fa9253483bcb105d027c17e51f5f99ea6bd5b36f05', 1, '2026-01-22 21:42:08', '2026-01-22 21:42:08'),
(202, 1, 1, 2, 2, 2, 2, 4, 13, 1, 3, 99, 3.00, 0.00, 0.00, 0, 0, 0, 0, 7396.00, 0.00, 0.00, NULL, 2026, 1, '31fca8395c7b07ad0f5dd37f9d3adeabbd9d69a2aca56ac117728a6b3db9a494', 1, '2026-01-22 21:42:08', '2026-01-22 21:42:08'),
(203, 1, 1, 2, 2, 2, 2, 4, 13, 1, 3, 10, 4.00, 0.00, 0.00, 0, 0, 0, 0, 9861.00, 0.00, 0.00, NULL, 2026, 1, 'e82854da6f3f5c4059e1fe7f8dfec3bf118b0152c59f38c5378e6ffab8732432', 1, '2026-01-22 21:42:08', '2026-01-22 21:42:08'),
(204, 1, 1, 2, 2, 2, 2, 4, 13, 1, 16, 59, 7.00, 0.00, 0.00, 0, 0, 0, 0, 17257.00, 0.00, 0.00, NULL, 2026, 1, 'e4da64d8274c3ec82d12fec501386138331098c5e3a1f0584ded7003f35c698a', 1, '2026-01-22 21:42:08', '2026-01-22 21:42:08'),
(205, 1, 1, 2, 2, 2, 2, 4, 13, 1, 16, 141, 10.00, 0.00, 0.00, 0, 0, 0, 0, 24652.00, 0.00, 0.00, NULL, 2026, 1, 'bb01b5c22664caa8983b698933086cc71887396a02b61f6073652bb369d5ced3', 1, '2026-01-22 21:42:08', '2026-01-22 21:42:08'),
(206, 1, 1, 2, 2, 2, 2, 4, 13, 1, 16, 142, 3.00, 0.00, 0.00, 0, 0, 0, 0, 7396.00, 0.00, 0.00, NULL, 2026, 1, 'c75ba2dc3c69b9e7d3bdbcd3a3f911d256120423febd7e713d181d058d0fd719', 1, '2026-01-22 21:42:08', '2026-01-22 21:42:08'),
(207, 1, 1, 2, 2, 2, 2, 4, 13, 1, 16, 143, 3.00, 0.00, 0.00, 0, 0, 0, 0, 7396.00, 0.00, 0.00, NULL, 2026, 1, 'fed8f4cce2236adb58e174b260992fb40501e22328b71cba093ae72f06c3b68d', 1, '2026-01-22 21:42:08', '2026-01-22 21:42:08'),
(208, 1, 1, 2, 2, 2, 2, 4, 13, 1, 16, 144, 4.00, 0.00, 0.00, 0, 0, 0, 0, 9861.00, 0.00, 0.00, NULL, 2026, 1, '49eb7941358e970a7dcd5ee1cc25b853b88187ed477d00bc7ca68dd14badd69a', 1, '2026-01-22 21:42:08', '2026-01-22 21:42:08'),
(209, 1, 1, 2, 2, 2, 2, 4, 13, 1, 16, 145, 3.00, 0.00, 0.00, 0, 0, 0, 0, 7396.00, 0.00, 0.00, NULL, 2026, 1, 'ba1d8986d546d925416b776da1d18928eb3838dc96a6ce41ec06a0f2bbe62b5c', 1, '2026-01-22 21:42:08', '2026-01-22 21:42:08'),
(210, 1, 1, 2, 2, 2, 2, 4, 13, 1, 7, 146, 4.00, 0.00, 0.00, 0, 0, 0, 0, 9861.00, 0.00, 0.00, NULL, 2026, 1, 'ecfd4e4a8d0e7e3938783a8648dd629fd28885caeddc81b046f3fcaf80df6c41', 1, '2026-01-22 21:42:08', '2026-01-22 21:42:08'),
(211, 1, 1, 2, 2, 2, 2, 4, 13, 1, 7, 147, 4.00, 0.00, 0.00, 0, 0, 0, 0, 9861.00, 0.00, 0.00, NULL, 2026, 1, '1c7dbd5c0380ccb37ccd03a9a66438f67cdb78a4fc7292382654ceaf64c0c5ca', 1, '2026-01-22 21:42:08', '2026-01-22 21:42:08'),
(212, 1, 1, 2, 2, 2, 2, 4, 13, 1, 7, 148, 4.00, 0.00, 0.00, 0, 0, 0, 0, 9861.00, 0.00, 0.00, NULL, 2026, 1, '3f11f71c4f2d7001f94f0c85475d1a4e36b4626887d7ded2b72250dd9c49785f', 1, '2026-01-22 21:42:08', '2026-01-22 21:42:08'),
(213, 1, 1, 2, 2, 2, 2, 4, 13, 1, 7, 149, 6.00, 0.00, 0.00, 0, 0, 0, 0, 14791.00, 0.00, 0.00, NULL, 2026, 1, 'e62687d5201c621b131055e12cf8fd286656377abd5ceabb45cc0b310a912ce1', 1, '2026-01-22 21:42:08', '2026-01-22 21:42:08'),
(214, 1, 1, 2, 2, 2, 2, 4, 13, 1, 7, 22, 4.00, 0.00, 0.00, 0, 0, 0, 0, 9861.00, 0.00, 0.00, NULL, 2026, 1, 'a31edfd9b617fca5135242ebea03f5a858e8809b8403ba136b5e261cc55cd4f3', 1, '2026-01-22 21:42:08', '2026-01-22 21:42:08'),
(215, 1, 1, 2, 2, 2, 2, 4, 13, 1, 7, 150, 4.00, 0.00, 0.00, 0, 0, 0, 0, 9861.00, 0.00, 0.00, NULL, 2026, 1, 'a0cbae9797920322df09ae23a5d5b66d0a3dc53a531fc3978f18daa315c6320d', 1, '2026-01-22 21:42:08', '2026-01-22 21:42:08'),
(216, 1, 1, 2, 2, 2, 2, 4, 13, 1, 7, 151, 4.00, 0.00, 0.00, 0, 0, 0, 0, 9861.00, 0.00, 0.00, NULL, 2026, 1, '688edc706f8c94260a51495987f92ee45bc2e232945007100a7e7bffa754218e', 1, '2026-01-22 21:42:08', '2026-01-22 21:42:08'),
(217, 1, 1, 2, 2, 2, 2, 4, 13, 1, 8, 152, 5.00, 0.00, 0.00, 0, 0, 0, 0, 12326.00, 0.00, 0.00, NULL, 2026, 1, 'ce856c8246985537287a363fecc6a0917b803ec76547dd2985f8763dbe6b3cd9', 1, '2026-01-22 21:42:08', '2026-01-22 21:42:08'),
(218, 1, 1, 2, 2, 2, 2, 4, 13, 1, 8, 100, 5.00, 0.00, 0.00, 0, 0, 0, 0, 12326.00, 0.00, 0.00, NULL, 2026, 1, 'c6473df7e7a8da129281562d471e093d8e44323f7e324059e4faf5884a736333', 1, '2026-01-22 21:42:08', '2026-01-22 21:42:08'),
(219, 1, 1, 2, 2, 2, 2, 4, 13, 1, 8, 63, 5.00, 0.00, 0.00, 0, 0, 0, 0, 12326.00, 0.00, 0.00, NULL, 2026, 1, '6d8a02466c444a0276561d0dc195300770f1584994326c1f37719eeeb780ce53', 1, '2026-01-22 21:42:08', '2026-01-22 21:42:08'),
(220, 1, 1, 2, 2, 2, 2, 4, 13, 1, 8, 153, 5.00, 0.00, 0.00, 0, 0, 0, 0, 12326.00, 0.00, 0.00, NULL, 2026, 1, '139e28ae6d4ea19407135286bbfdcc69a28b2f3c755dac514a049923ac479d5e', 1, '2026-01-22 21:42:08', '2026-01-22 21:42:08'),
(221, 1, 1, 2, 2, 2, 2, 4, 13, 1, 8, 102, 5.00, 0.00, 0.00, 0, 0, 0, 0, 12326.00, 0.00, 0.00, NULL, 2026, 1, '137777e6bba938e6577186634532a6c347092447e4e12af96849ff062b1f9264', 1, '2026-01-22 21:42:08', '2026-01-22 21:42:08');
INSERT INTO `datos_vider` (`id`, `unidad_ejecutora_id`, `dependencia_id`, `programa_id`, `subprograma_id`, `actividad_id`, `producto_id`, `subproducto_id`, `intervencion_id`, `medida_id`, `departamento_id`, `municipio_id`, `programado`, `ejecutado`, `porcentaje_ejecucion`, `hombres`, `mujeres`, `total_personas`, `beneficiarios`, `vigente_financiera`, `financiera_ejecutado`, `financiera_porcentaje`, `periodo`, `anio`, `mes`, `hash_registro`, `importacion_id`, `created_at`, `updated_at`) VALUES
(222, 1, 1, 2, 2, 2, 2, 4, 13, 1, 8, 29, 5.00, 0.00, 0.00, 0, 0, 0, 0, 12326.00, 0.00, 0.00, NULL, 2026, 1, 'b965b26d2142a6a913d40d9e17ad2c089bf21d84b38f744c60b528acf9f623c2', 1, '2026-01-22 21:42:08', '2026-01-22 21:42:08'),
(223, 1, 1, 2, 2, 2, 2, 4, 13, 1, 8, 30, 5.00, 0.00, 0.00, 0, 0, 0, 0, 12326.00, 0.00, 0.00, NULL, 2026, 1, 'b083e24141b3742223e5952151b1a9779343646e303c10cb110ad4617cf1f978', 1, '2026-01-22 21:42:08', '2026-01-22 21:42:08'),
(224, 1, 1, 2, 2, 2, 2, 4, 13, 1, 11, 128, 5.00, 0.00, 0.00, 0, 0, 0, 0, 12326.00, 0.00, 0.00, NULL, 2026, 1, '5a34e9126a17f92dbcc976015fc16f460ccd2c6582c0f25c1cad1e18af6051af', 1, '2026-01-22 21:42:08', '2026-01-22 21:42:08'),
(225, 1, 1, 2, 2, 2, 2, 4, 13, 1, 11, 108, 4.00, 0.00, 0.00, 0, 0, 0, 0, 9861.00, 0.00, 0.00, NULL, 2026, 1, '6f752d49c429d72a2364d829db7d3089da597af9e2f79bd619294e8c27bdb0f0', 1, '2026-01-22 21:42:08', '2026-01-22 21:42:08'),
(226, 1, 1, 2, 2, 2, 2, 4, 13, 1, 11, 44, 4.00, 0.00, 0.00, 0, 0, 0, 0, 9861.00, 0.00, 0.00, NULL, 2026, 1, '527cf6f6ac5a984f3ff5ad1a8ebd6677724c12889dd1a9f107718a72cd80e9ad', 1, '2026-01-22 21:42:08', '2026-01-22 21:42:08'),
(227, 1, 1, 2, 2, 2, 2, 4, 13, 1, 11, 154, 4.00, 0.00, 0.00, 0, 0, 0, 0, 9861.00, 0.00, 0.00, NULL, 2026, 1, '89437aba862b125a621008071ae1521dbfb1d836f49a24ceb5510622598758c8', 1, '2026-01-22 21:42:08', '2026-01-22 21:42:08'),
(228, 1, 1, 2, 2, 2, 2, 4, 13, 1, 11, 129, 4.00, 0.00, 0.00, 0, 0, 0, 0, 9861.00, 0.00, 0.00, NULL, 2026, 1, '618eb3de13b0cb5b4840817bee1117f6a9f79f756d73f3c0b51a0a02506b0fde', 1, '2026-01-22 21:42:08', '2026-01-22 21:42:08'),
(229, 1, 1, 2, 2, 2, 2, 4, 13, 1, 11, 130, 4.00, 0.00, 0.00, 0, 0, 0, 0, 9861.00, 0.00, 0.00, NULL, 2026, 1, 'b2c5d8a02df2286723ced8fc3e1a99ff39fde3572cf6d247ac56b2635801101c', 1, '2026-01-22 21:42:08', '2026-01-22 21:42:08'),
(230, 1, 1, 2, 2, 2, 2, 4, 13, 1, 11, 155, 4.00, 0.00, 0.00, 0, 0, 0, 0, 9861.00, 0.00, 0.00, NULL, 2026, 1, 'ecc9222f70547247862d47022195ec1c1163f7dc28d0b79477558c7b2ecd53f7', 1, '2026-01-22 21:42:08', '2026-01-22 21:42:08'),
(231, 1, 1, 2, 2, 2, 2, 4, 13, 1, 11, 132, 4.00, 0.00, 0.00, 0, 0, 0, 0, 9861.00, 0.00, 0.00, NULL, 2026, 1, 'd253dc4aa5a153153cd70e9e41e21f48dd4de1bf9512eb0175304bf79c3caa04', 1, '2026-01-22 21:42:08', '2026-01-22 21:42:08'),
(232, 1, 1, 2, 2, 2, 2, 4, 13, 1, 11, 156, 4.00, 0.00, 0.00, 0, 0, 0, 0, 9861.00, 0.00, 0.00, NULL, 2026, 1, 'ca04d3ebed07d1485aabf570345a642dd98b2af9ec751270f7d9e026e8fd31ca', 1, '2026-01-22 21:42:08', '2026-01-22 21:42:08'),
(233, 1, 1, 2, 2, 2, 2, 4, 13, 1, 13, 157, 10.00, 0.00, 0.00, 0, 0, 0, 0, 24649.00, 0.00, 0.00, NULL, 2026, 1, '6b4f87c234f2c064fb5f19681d043efbffaab73306b644a8bc907eac7decb595', 1, '2026-01-22 21:42:08', '2026-01-22 21:42:08'),
(234, 1, 1, 2, 2, 2, 2, 4, 13, 1, 13, 47, 10.00, 0.00, 0.00, 0, 0, 0, 0, 24652.00, 0.00, 0.00, NULL, 2026, 1, 'de3793118222e05bda82e4b218d3446ef781fd90320136143a10f81fa3d9f0b4', 1, '2026-01-22 21:42:08', '2026-01-22 21:42:08'),
(235, 1, 1, 2, 2, 2, 2, 4, 13, 1, 9, 31, 7.00, 0.00, 0.00, 0, 0, 0, 0, 17257.00, 0.00, 0.00, NULL, 2026, 1, 'f61582277a5d647cffb978b54d1e6b480f5347645678099f9c06bee7af52259e', 1, '2026-01-22 21:42:08', '2026-01-22 21:42:08'),
(236, 1, 1, 2, 2, 2, 2, 4, 13, 1, 9, 35, 7.00, 0.00, 0.00, 0, 0, 0, 0, 17257.00, 0.00, 0.00, NULL, 2026, 1, 'c063eeba17a9e59bfd2bb0976b60da16fd1ccb19a12e3d536e1af6238f816c8d', 1, '2026-01-22 21:42:08', '2026-01-22 21:42:08'),
(237, 1, 1, 2, 2, 2, 2, 4, 13, 1, 9, 158, 7.00, 0.00, 0.00, 0, 0, 0, 0, 17257.00, 0.00, 0.00, NULL, 2026, 1, '4f5352d299cf272e7bc8d9a5e4a50641373ed3e36e866b634bedb8e977330b1b', 1, '2026-01-22 21:42:08', '2026-01-22 21:42:08'),
(238, 1, 1, 2, 2, 2, 2, 4, 13, 1, 9, 67, 7.00, 0.00, 0.00, 0, 0, 0, 0, 17257.00, 0.00, 0.00, NULL, 2026, 1, '20cbded64d2d95636b38d944311c18d5aa5d01f00a59c2fb5daba7c0d1548414', 1, '2026-01-22 21:42:08', '2026-01-22 21:42:08'),
(239, 1, 1, 2, 2, 2, 2, 4, 14, 1, 5, 159, 2.00, 0.00, 0.00, 0, 0, 0, 0, 1412.00, 0.00, 0.00, NULL, 2026, 1, 'd5ad9914e984b680c6ab2b0b8bac669e780bb0f0391046a5172002a8211f9649', 1, '2026-01-22 21:42:08', '2026-01-22 21:42:08'),
(240, 1, 1, 2, 2, 2, 2, 4, 14, 1, 15, 74, 3.00, 0.00, 0.00, 0, 0, 0, 0, 2119.00, 0.00, 0.00, NULL, 2026, 1, 'da70408a817ddd30a374e3df68493036d3f9820234b0245a19e72be6fc0adf04', 1, '2026-01-22 21:42:08', '2026-01-22 21:42:08'),
(241, 1, 1, 2, 2, 2, 2, 4, 15, 1, 10, 94, 130.00, 0.00, 0.00, 0, 0, 0, 0, 247283.00, 0.00, 0.00, NULL, 2026, 1, 'a067ccb52c663aceaba7e83ec2fe2139de64d7b5c9c28f8c6f7877b1a8b839bb', 1, '2026-01-22 21:42:08', '2026-01-22 21:42:08'),
(242, 1, 1, 2, 2, 2, 2, 4, 15, 1, 11, 135, 105.00, 0.00, 0.00, 0, 0, 0, 0, 199728.00, 0.00, 0.00, NULL, 2026, 1, '8c6995a2f4ad9234026ba7f2a3d0b367d98218b510de8784f52059cfb626b335', 1, '2026-01-22 21:42:08', '2026-01-22 21:42:08'),
(243, 1, 1, 2, 2, 2, 2, 4, 15, 1, 11, 128, 190.00, 0.00, 0.00, 0, 0, 0, 0, 361413.00, 0.00, 0.00, NULL, 2026, 1, '673c71edc27799356e78e1f6d4862f5a00bcd939714d248cb2a26f3df103cfc9', 1, '2026-01-22 21:42:08', '2026-01-22 21:42:08'),
(244, 1, 1, 2, 2, 2, 2, 4, 15, 1, 11, 130, 10.00, 0.00, 0.00, 0, 0, 0, 0, 19022.00, 0.00, 0.00, NULL, 2026, 1, '4f2830f4630a78ee0496db485069fe584b192f1eb0832ab56257adbe84394007', 1, '2026-01-22 21:42:08', '2026-01-22 21:42:08'),
(245, 1, 1, 2, 2, 2, 2, 4, 15, 1, 11, 131, 85.00, 0.00, 0.00, 0, 0, 0, 0, 161685.00, 0.00, 0.00, NULL, 2026, 1, 'd4f96729ba9a68fb948a7c699c8f370461f04790f4e8014910c11ec8533f6c6f', 1, '2026-01-22 21:42:08', '2026-01-22 21:42:08'),
(246, 1, 1, 2, 2, 2, 2, 4, 15, 1, 11, 155, 115.00, 0.00, 0.00, 0, 0, 0, 0, 218750.00, 0.00, 0.00, NULL, 2026, 1, '3bca6c31bb4ae14966543558b4ffeb2833902c6beb8588ede64a5ae14aa93c26', 1, '2026-01-22 21:42:08', '2026-01-22 21:42:08'),
(247, 1, 1, 2, 2, 2, 2, 4, 15, 1, 11, 132, 290.00, 0.00, 0.00, 0, 0, 0, 0, 551630.00, 0.00, 0.00, NULL, 2026, 1, '661a399938cb9ef23b280e3fe033397b1bc24f92d7252688c981440a16c198f2', 1, '2026-01-22 21:42:08', '2026-01-22 21:42:08'),
(248, 1, 1, 2, 2, 2, 2, 4, 15, 1, 11, 133, 30.00, 0.00, 0.00, 0, 0, 0, 0, 57065.00, 0.00, 0.00, NULL, 2026, 1, 'cc2fd08fb497a1a15eadff848d6712d7521fee041c4cadfe0d5c41cbb34dfeaa', 1, '2026-01-22 21:42:08', '2026-01-22 21:42:08'),
(249, 1, 1, 2, 2, 2, 2, 4, 15, 1, 11, 134, 80.00, 0.00, 0.00, 0, 0, 0, 0, 152174.00, 0.00, 0.00, NULL, 2026, 1, 'db8330c026977a34317076d4cbc1fec52ed6a9fe3ac6be5127c8cd6d20f28dc8', 1, '2026-01-22 21:42:08', '2026-01-22 21:42:08'),
(250, 1, 1, 2, 2, 2, 2, 4, 15, 1, 11, 136, 25.00, 0.00, 0.00, 0, 0, 0, 0, 47554.00, 0.00, 0.00, NULL, 2026, 1, 'bbc350715ff8da006b4bc60cc0eedb637bddcb46b319e8b769f130920ccf61c3', 1, '2026-01-22 21:42:08', '2026-01-22 21:42:08'),
(251, 1, 1, 2, 2, 2, 2, 4, 15, 1, 11, 137, 70.00, 0.00, 0.00, 0, 0, 0, 0, 133152.00, 0.00, 0.00, NULL, 2026, 1, '74a76f0c50ba5a89215816aa7a24ad663d9e960e14f85037d9f44d2aa353e649', 1, '2026-01-22 21:42:08', '2026-01-22 21:42:08'),
(252, 1, 1, 2, 2, 2, 2, 4, 15, 1, 11, 138, 30.00, 0.00, 0.00, 0, 0, 0, 0, 57065.00, 0.00, 0.00, NULL, 2026, 1, '5338e4f52002727127edf6777bd326a822271d440a91fdd262dcedd5c96f1a7c', 1, '2026-01-22 21:42:08', '2026-01-22 21:42:08'),
(253, 1, 1, 2, 2, 2, 2, 4, 15, 1, 11, 139, 45.00, 0.00, 0.00, 0, 0, 0, 0, 85598.00, 0.00, 0.00, NULL, 2026, 1, '6dd38070dcf4fdcf5262e285c5a2eca036847a8fad70970904dc370e9de43c47', 1, '2026-01-22 21:42:08', '2026-01-22 21:42:08'),
(254, 1, 1, 2, 2, 2, 2, 4, 15, 1, 21, 160, 20.00, 0.00, 0.00, 0, 0, 0, 0, 38043.00, 0.00, 0.00, NULL, 2026, 1, '2598cd9794b84df64236f5ebe840d792f799c6d0ad0ad30ad5d20d871d66742b', 1, '2026-01-22 21:42:08', '2026-01-22 21:42:08'),
(255, 1, 1, 2, 2, 2, 2, 4, 15, 1, 21, 161, 5.00, 0.00, 0.00, 0, 0, 0, 0, 9511.00, 0.00, 0.00, NULL, 2026, 1, '455ee50931ead64c1b75221b27f7f62a972339a38b64b7ef8ccb1d3fb48f3cc0', 1, '2026-01-22 21:42:08', '2026-01-22 21:42:08'),
(256, 1, 1, 2, 2, 2, 2, 4, 15, 1, 21, 162, 10.00, 0.00, 0.00, 0, 0, 0, 0, 19022.00, 0.00, 0.00, NULL, 2026, 1, '89a52a58a7918aefb9ec126f6044556a31aca765e47088c5d7d3f24a62d3bea1', 1, '2026-01-22 21:42:08', '2026-01-22 21:42:08'),
(257, 1, 1, 2, 2, 2, 2, 4, 15, 1, 21, 163, 45.00, 0.00, 0.00, 0, 0, 0, 0, 85598.00, 0.00, 0.00, NULL, 2026, 1, '6f999c20572c2e740074bc2ac7ba429727ed176e4e006f00f085a8eb104ea181', 1, '2026-01-22 21:42:08', '2026-01-22 21:42:08'),
(258, 1, 1, 2, 2, 2, 2, 4, 15, 1, 21, 164, 95.00, 0.00, 0.00, 0, 0, 0, 0, 180707.00, 0.00, 0.00, NULL, 2026, 1, 'e6696697b049852c8fa90403e6ce97d3e64a9934c3fdffd2ef55a01c77834a71', 1, '2026-01-22 21:42:08', '2026-01-22 21:42:08'),
(259, 1, 1, 2, 2, 2, 2, 4, 15, 1, 21, 95, 15.00, 0.00, 0.00, 0, 0, 0, 0, 28533.00, 0.00, 0.00, NULL, 2026, 1, '0eb0633b59c09a14fee4efbec1fc2cafc6ab4ac5e9ddcbc05736686a531d0eeb', 1, '2026-01-22 21:42:08', '2026-01-22 21:42:08'),
(260, 1, 1, 2, 2, 2, 2, 4, 15, 1, 21, 97, 20.00, 0.00, 0.00, 0, 0, 0, 0, 38043.00, 0.00, 0.00, NULL, 2026, 1, '516be14c4cb8aae316ab1f69eed08899831dc4729252647915ddcdd054b402dc', 1, '2026-01-22 21:42:08', '2026-01-22 21:42:08'),
(261, 1, 1, 2, 2, 2, 2, 4, 15, 1, 21, 165, 30.00, 0.00, 0.00, 0, 0, 0, 0, 57065.00, 0.00, 0.00, NULL, 2026, 1, 'e814473910116e43cba075858fce44a705bef50cf5dfbf27ba363d1bd2f23139', 1, '2026-01-22 21:42:08', '2026-01-22 21:42:08'),
(262, 1, 1, 2, 2, 2, 2, 4, 15, 1, 21, 96, 340.00, 0.00, 0.00, 0, 0, 0, 0, 646739.00, 0.00, 0.00, NULL, 2026, 1, '02e8a88ee21d54348aaeb1ab32b67e0384b9d9e054992d424247bab171096bc9', 1, '2026-01-22 21:42:08', '2026-01-22 21:42:08'),
(263, 1, 1, 2, 2, 2, 2, 4, 15, 1, 21, 166, 730.00, 0.00, 0.00, 0, 0, 0, 0, 1388587.00, 0.00, 0.00, NULL, 2026, 1, '04214123c5e9f7518a54a6c2986341b0fa586e391a429d39ae4c79d766826a75', 1, '2026-01-22 21:42:08', '2026-01-22 21:42:08'),
(264, 1, 1, 2, 2, 2, 2, 4, 15, 1, 21, 167, 25.00, 0.00, 0.00, 0, 0, 0, 0, 47554.00, 0.00, 0.00, NULL, 2026, 1, '56eddd1290db9e8673aad9e8b8885f00f929c0676985be14278bd296e914c7f0', 1, '2026-01-22 21:42:08', '2026-01-22 21:42:08'),
(265, 1, 1, 2, 2, 2, 2, 4, 15, 1, 21, 168, 40.00, 0.00, 0.00, 0, 0, 0, 0, 76087.00, 0.00, 0.00, NULL, 2026, 1, '55d3209ec79fd6cf0bf7d0a96765325b2668852aede1852da8e89c93be10dd3e', 1, '2026-01-22 21:42:08', '2026-01-22 21:42:08'),
(266, 1, 1, 2, 2, 2, 2, 4, 15, 1, 21, 119, 50.00, 0.00, 0.00, 0, 0, 0, 0, 95109.00, 0.00, 0.00, NULL, 2026, 1, '4d0d42804fad51e33301f614931d47aed95744ca0f0c42e97330ca3dd4cfc85d', 1, '2026-01-22 21:42:08', '2026-01-22 21:42:08'),
(267, 1, 1, 2, 2, 2, 2, 4, 15, 1, 21, 120, 20.00, 0.00, 0.00, 0, 0, 0, 0, 38044.00, 0.00, 0.00, NULL, 2026, 1, '323912a7b29e3d9c5a9b92dbbdf8041877fa1bbbf8eccc46e862a08f1ffc4461', 1, '2026-01-22 21:42:08', '2026-01-22 21:42:08'),
(268, 1, 1, 2, 2, 2, 2, 4, 16, 1, 3, 3, 10.00, 0.00, 0.00, 0, 0, 0, 0, 70989.00, 0.00, 0.00, NULL, 2026, 1, '34b9d10fe59a62d7ef1be3e6d5286d63a95db6c045a75ae2b6bef3c430cfefe8', 1, '2026-01-22 21:42:08', '2026-01-22 21:42:08'),
(269, 1, 1, 2, 2, 2, 2, 4, 16, 1, 7, 61, 4.00, 0.00, 0.00, 0, 0, 0, 0, 28396.00, 0.00, 0.00, NULL, 2026, 1, '2a00a2fdcb86b6cb6e0db0fae9faf9dd8193cce1d1425e78350c7ec090287d67', 1, '2026-01-22 21:42:08', '2026-01-22 21:42:08'),
(270, 1, 1, 2, 2, 2, 2, 4, 16, 1, 8, 152, 10.00, 0.00, 0.00, 0, 0, 0, 0, 70989.00, 0.00, 0.00, NULL, 2026, 1, '287101e6ad1a6412fd4bfb8f13071dabd3983e880101f1756a76afe760d807c4', 1, '2026-01-22 21:42:08', '2026-01-22 21:42:08'),
(271, 1, 1, 2, 2, 2, 2, 4, 16, 1, 8, 100, 10.00, 0.00, 0.00, 0, 0, 0, 0, 70989.00, 0.00, 0.00, NULL, 2026, 1, 'aec35abe6fea1387662e7849c115747b79f7c2aaabaa5924a3ee9d49671c8d91', 1, '2026-01-22 21:42:08', '2026-01-22 21:42:08'),
(272, 1, 1, 2, 2, 2, 2, 4, 16, 1, 8, 63, 10.00, 0.00, 0.00, 0, 0, 0, 0, 70989.00, 0.00, 0.00, NULL, 2026, 1, 'e0ebd920b6c668b479cbc6abd3ca5ba87ba45b355daf7a5dff6f5ebd4e5b407c', 1, '2026-01-22 21:42:08', '2026-01-22 21:42:08'),
(273, 1, 1, 2, 2, 2, 2, 4, 16, 1, 8, 93, 5.00, 0.00, 0.00, 0, 0, 0, 0, 35495.00, 0.00, 0.00, NULL, 2026, 1, '723b602d27087f16cfbc03fe6c49f0c8e2fdc061760bff21d43c9b7d22c57da8', 1, '2026-01-22 21:42:08', '2026-01-22 21:42:08'),
(274, 1, 1, 2, 2, 2, 2, 4, 16, 1, 8, 169, 10.00, 0.00, 0.00, 0, 0, 0, 0, 70989.00, 0.00, 0.00, NULL, 2026, 1, 'eebb6a91f95b2fc7ff2ae5e7a7a22ada460e501986902f9cf7d1a5de27972ffe', 1, '2026-01-22 21:42:08', '2026-01-22 21:42:08'),
(275, 1, 1, 2, 2, 2, 2, 4, 16, 1, 15, 49, 4.00, 0.00, 0.00, 0, 0, 0, 0, 28396.00, 0.00, 0.00, NULL, 2026, 1, '6136d4e5cde828affd04cb2909b43424e929f11892de013dcbc661ff5560d0bf', 1, '2026-01-22 21:42:08', '2026-01-22 21:42:08'),
(276, 1, 1, 2, 2, 2, 2, 4, 16, 1, 15, 170, 4.00, 0.00, 0.00, 0, 0, 0, 0, 28396.00, 0.00, 0.00, NULL, 2026, 1, '6bc21791aed53fd9f6229bd20301167662ba35ba84b80b833f770a6a3c5a96ef', 1, '2026-01-22 21:42:08', '2026-01-22 21:42:08'),
(277, 1, 1, 2, 2, 2, 2, 4, 16, 1, 15, 171, 4.00, 0.00, 0.00, 0, 0, 0, 0, 28396.00, 0.00, 0.00, NULL, 2026, 1, '9c846bd306417866da49e748e766a16d7545c0a2a831efcf53f424659a0ee38e', 1, '2026-01-22 21:42:08', '2026-01-22 21:42:08'),
(278, 1, 1, 2, 2, 2, 2, 4, 16, 1, 15, 73, 4.00, 0.00, 0.00, 0, 0, 0, 0, 28396.00, 0.00, 0.00, NULL, 2026, 1, '7f59402ffeb45891f2d59dec58e8a2521c51308d8783209a72ad52bb0069b9e8', 1, '2026-01-22 21:42:08', '2026-01-22 21:42:08'),
(279, 1, 1, 2, 2, 2, 2, 4, 16, 1, 15, 74, 4.00, 0.00, 0.00, 0, 0, 0, 0, 28396.00, 0.00, 0.00, NULL, 2026, 1, 'df4cf04d8cc663fe2fb26af4d009810fc6a2b94addafc5163584c8cf7f0cdf65', 1, '2026-01-22 21:42:08', '2026-01-22 21:42:08'),
(280, 1, 1, 2, 2, 2, 2, 4, 16, 1, 15, 172, 4.00, 0.00, 0.00, 0, 0, 0, 0, 28396.00, 0.00, 0.00, NULL, 2026, 1, '8a04c6f62d2ebb1ad134d4bbb8eba7ace79ab6bfff01f00a782ce21c6fdf88fa', 1, '2026-01-22 21:42:08', '2026-01-22 21:42:08'),
(281, 1, 1, 2, 2, 2, 2, 4, 16, 1, 15, 173, 4.00, 0.00, 0.00, 0, 0, 0, 0, 28396.00, 0.00, 0.00, NULL, 2026, 1, 'f5e58e63c029f92460d40093d3f56e794cb016f4fb4dc2638ace025d00a38f1b', 1, '2026-01-22 21:42:08', '2026-01-22 21:42:08'),
(282, 1, 1, 2, 2, 2, 2, 4, 16, 1, 15, 174, 4.00, 0.00, 0.00, 0, 0, 0, 0, 28396.00, 0.00, 0.00, NULL, 2026, 1, '9e4dd676079b43abc7e83b96440b0864b31c522154ef75ca947d86ba65d0909b', 1, '2026-01-22 21:42:08', '2026-01-22 21:42:08'),
(283, 1, 1, 2, 2, 2, 2, 4, 16, 1, 15, 175, 4.00, 0.00, 0.00, 0, 0, 0, 0, 28396.00, 0.00, 0.00, NULL, 2026, 1, 'aef243c6a0225518aab7e7cbeb450ec309926cb2ade185813bfda6ba61f8b420', 1, '2026-01-22 21:42:08', '2026-01-22 21:42:08'),
(284, 1, 1, 2, 2, 2, 2, 4, 16, 1, 15, 176, 4.00, 0.00, 0.00, 0, 0, 0, 0, 28396.00, 0.00, 0.00, NULL, 2026, 1, 'da4dc695ae403b8454f90631d8a9b2afb8c08e9c53046ba411198e03c3ee8df0', 1, '2026-01-22 21:42:08', '2026-01-22 21:42:08'),
(285, 1, 1, 2, 2, 2, 2, 4, 16, 1, 15, 177, 4.00, 0.00, 0.00, 0, 0, 0, 0, 28393.00, 0.00, 0.00, NULL, 2026, 1, '8b6fae0ab93a56f384346ea2b5768e4b2d508f6a0b3987e3fb6125d709d67fca', 1, '2026-01-22 21:42:08', '2026-01-22 21:42:08'),
(286, 1, 1, 2, 2, 2, 2, 4, 17, 1, 10, 105, 500.00, 0.00, 0.00, 0, 0, 0, 0, 86957.00, 0.00, 0.00, NULL, 2026, 1, '074ac00e88357ca31bf5d9124035993d24d20775ee30c062d49462a45d628917', 1, '2026-01-22 21:42:08', '2026-01-22 21:42:08'),
(287, 1, 1, 2, 2, 2, 2, 4, 17, 1, 10, 178, 135.00, 0.00, 0.00, 0, 0, 0, 0, 23478.00, 0.00, 0.00, NULL, 2026, 1, '0eb353937b7baffefbd1c2dda81cb216a661b91761c8bdf3edf971ca87ea7270', 1, '2026-01-22 21:42:08', '2026-01-22 21:42:08'),
(288, 1, 1, 2, 2, 2, 2, 4, 17, 1, 10, 42, 515.00, 0.00, 0.00, 0, 0, 0, 0, 89565.00, 0.00, 0.00, NULL, 2026, 1, 'd1de9c774b8826031de5de124943818984f5fdb68b385fd2f8c0f0e8da7d2aa1', 1, '2026-01-22 21:42:08', '2026-01-22 21:42:08'),
(289, 1, 1, 2, 2, 2, 2, 4, 17, 1, 10, 179, 75.00, 0.00, 0.00, 0, 0, 0, 0, 13041.00, 0.00, 0.00, NULL, 2026, 1, '7133e8e40f27c50aa8dd0581af3627763aa5a1d9ac8a3dc5843d322d1a6e17d4', 1, '2026-01-22 21:42:08', '2026-01-22 21:42:08'),
(290, 1, 1, 2, 2, 2, 2, 4, 17, 1, 10, 180, 140.00, 0.00, 0.00, 0, 0, 0, 0, 24348.00, 0.00, 0.00, NULL, 2026, 1, 'd8a4a9b98eb9e67b418aceddb95e6f3e446db6e4a5faa3fc66ac96afea0a84e3', 1, '2026-01-22 21:42:08', '2026-01-22 21:42:08'),
(291, 1, 1, 2, 2, 2, 2, 4, 17, 1, 10, 94, 1150.00, 0.00, 0.00, 0, 0, 0, 0, 200000.00, 0.00, 0.00, NULL, 2026, 1, '41943418d90233505286cf4fc79b43fb64404dbc0497c36fa69debfbfc519aa1', 1, '2026-01-22 21:42:08', '2026-01-22 21:42:08'),
(292, 1, 1, 2, 2, 2, 2, 4, 17, 1, 10, 181, 55.00, 0.00, 0.00, 0, 0, 0, 0, 9565.00, 0.00, 0.00, NULL, 2026, 1, '05fdea7c5031e5ae5cb7a0d94c62774208e251783a10e55bc641029771056f36', 1, '2026-01-22 21:42:08', '2026-01-22 21:42:08'),
(293, 1, 1, 2, 2, 2, 2, 4, 17, 1, 11, 128, 1650.00, 0.00, 0.00, 0, 0, 0, 0, 286957.00, 0.00, 0.00, NULL, 2026, 1, 'ea19263d0fe107ab3077e2b7ff18169573a9f290c36b1c43821a9dcd6b081b34', 1, '2026-01-22 21:42:08', '2026-01-22 21:42:08'),
(294, 1, 1, 2, 2, 2, 2, 4, 17, 1, 11, 130, 90.00, 0.00, 0.00, 0, 0, 0, 0, 15652.00, 0.00, 0.00, NULL, 2026, 1, '8889d6a1ea3954da36f94f4ec0d3e1af14ced3c0aa9e1093215c91d466c4aa78', 1, '2026-01-22 21:42:08', '2026-01-22 21:42:08'),
(295, 1, 1, 2, 2, 2, 2, 4, 17, 1, 11, 131, 750.00, 0.00, 0.00, 0, 0, 0, 0, 130435.00, 0.00, 0.00, NULL, 2026, 1, '667b0bcd222887542c156c9d1bf8781a3e04c8265f8c5d8dfb88f61ad48f7989', 1, '2026-01-22 21:42:08', '2026-01-22 21:42:08'),
(296, 1, 1, 2, 2, 2, 2, 4, 17, 1, 11, 155, 1000.00, 0.00, 0.00, 0, 0, 0, 0, 173913.00, 0.00, 0.00, NULL, 2026, 1, '6e1ca451b596921e5e9afb64dbdbdcff2b52083c3a079c82f0cc8e75315a50c8', 1, '2026-01-22 21:42:08', '2026-01-22 21:42:08'),
(297, 1, 1, 2, 2, 2, 2, 4, 17, 1, 11, 132, 2500.00, 0.00, 0.00, 0, 0, 0, 0, 434783.00, 0.00, 0.00, NULL, 2026, 1, '751ac6e4c29849958fd01e54fcff4f812dc0fcec89fce3549b2042416abef907', 1, '2026-01-22 21:42:08', '2026-01-22 21:42:08'),
(298, 1, 1, 2, 2, 2, 2, 4, 17, 1, 11, 133, 285.00, 0.00, 0.00, 0, 0, 0, 0, 49565.00, 0.00, 0.00, NULL, 2026, 1, 'fd6dbc59618a82acabc6a232a56ca97853d84ba480f3e62be8cfedaab2839592', 1, '2026-01-22 21:42:08', '2026-01-22 21:42:08'),
(299, 1, 1, 2, 2, 2, 2, 4, 17, 1, 11, 134, 730.00, 0.00, 0.00, 0, 0, 0, 0, 126957.00, 0.00, 0.00, NULL, 2026, 1, 'f1bf39f60d3ae6b21fc3ee59273abc91f9c92144902fd52a01ef79f5d2f6b100', 1, '2026-01-22 21:42:08', '2026-01-22 21:42:08'),
(300, 1, 1, 2, 2, 2, 2, 4, 17, 1, 11, 135, 920.00, 0.00, 0.00, 0, 0, 0, 0, 160000.00, 0.00, 0.00, NULL, 2026, 1, 'e645ae12f4eedc521709f173d0593803708bedd309a65bc58f6de70c042b2613', 1, '2026-01-22 21:42:08', '2026-01-22 21:42:08'),
(301, 1, 1, 2, 2, 2, 2, 4, 17, 1, 11, 136, 190.00, 0.00, 0.00, 0, 0, 0, 0, 33043.00, 0.00, 0.00, NULL, 2026, 1, 'c393135b3f849e0acf86e53801102fcdbd12f1ecc76742b3c6be43976fa2a8ba', 1, '2026-01-22 21:42:08', '2026-01-22 21:42:08'),
(302, 1, 1, 2, 2, 2, 2, 4, 17, 1, 11, 137, 615.00, 0.00, 0.00, 0, 0, 0, 0, 106957.00, 0.00, 0.00, NULL, 2026, 1, '5a84623bc9356cce79c642334d2fb959eeffb7656329e0eb4207c275173a29b4', 1, '2026-01-22 21:42:08', '2026-01-22 21:42:08'),
(303, 1, 1, 2, 2, 2, 2, 4, 17, 1, 11, 138, 270.00, 0.00, 0.00, 0, 0, 0, 0, 46957.00, 0.00, 0.00, NULL, 2026, 1, '61cc445fbd3fc5843192dbfc7c7102f096b8dd4953e9742bbe9c17a9730c227d', 1, '2026-01-22 21:42:08', '2026-01-22 21:42:08'),
(304, 1, 1, 2, 2, 2, 2, 4, 17, 1, 11, 139, 400.00, 0.00, 0.00, 0, 0, 0, 0, 69565.00, 0.00, 0.00, NULL, 2026, 1, 'b1480cdb1d8a97d4378611493915e95d801d45857218ba6527f8ed018a6d331b', 1, '2026-01-22 21:42:08', '2026-01-22 21:42:08'),
(305, 1, 1, 2, 2, 2, 2, 4, 17, 1, 21, 160, 140.00, 0.00, 0.00, 0, 0, 0, 0, 24348.00, 0.00, 0.00, NULL, 2026, 1, '69127477d55e0cb147a7e007e7738a24615487a2faea0f8811568fabcc120dff', 1, '2026-01-22 21:42:08', '2026-01-22 21:42:08'),
(306, 1, 1, 2, 2, 2, 2, 4, 17, 1, 21, 161, 50.00, 0.00, 0.00, 0, 0, 0, 0, 8696.00, 0.00, 0.00, NULL, 2026, 1, 'dd49301a92c8d81e46009cbf775aa46135df3f77311a5c003d6ddacc149d8f35', 1, '2026-01-22 21:42:08', '2026-01-22 21:42:08'),
(307, 1, 1, 2, 2, 2, 2, 4, 17, 1, 21, 162, 85.00, 0.00, 0.00, 0, 0, 0, 0, 14783.00, 0.00, 0.00, NULL, 2026, 1, '7de4fe1b663f9f3a2e78d1a254c080a8dadf3a9375ce8bc36a2ea9a9f2fb5a9c', 1, '2026-01-22 21:42:08', '2026-01-22 21:42:08'),
(308, 1, 1, 2, 2, 2, 2, 4, 17, 1, 21, 163, 380.00, 0.00, 0.00, 0, 0, 0, 0, 66087.00, 0.00, 0.00, NULL, 2026, 1, 'cdbce6d8cf5e30d826efa6806b01eab1c581103a3759ac2d27d98459fb9237f6', 1, '2026-01-22 21:42:08', '2026-01-22 21:42:08'),
(309, 1, 1, 2, 2, 2, 2, 4, 17, 1, 21, 164, 815.00, 0.00, 0.00, 0, 0, 0, 0, 141739.00, 0.00, 0.00, NULL, 2026, 1, '639dc2d1e88a304b94b260877311424fba4259746dbf55a54b6d1ed55d059625', 1, '2026-01-22 21:42:08', '2026-01-22 21:42:08'),
(310, 1, 1, 2, 2, 2, 2, 4, 17, 1, 21, 95, 100.00, 0.00, 0.00, 0, 0, 0, 0, 17391.00, 0.00, 0.00, NULL, 2026, 1, 'f19b5dabb50c111a8e25964f695816ea9832d47a9de011e7a41220a670f40a00', 1, '2026-01-22 21:42:08', '2026-01-22 21:42:08'),
(311, 1, 1, 2, 2, 2, 2, 4, 17, 1, 21, 97, 200.00, 0.00, 0.00, 0, 0, 0, 0, 34783.00, 0.00, 0.00, NULL, 2026, 1, '01983e40e3a69043da5c44168a73c0bd7dd4f0c0e95c1db97dc2f9b94c76aadd', 1, '2026-01-22 21:42:08', '2026-01-22 21:42:08'),
(312, 1, 1, 2, 2, 2, 2, 4, 17, 1, 21, 165, 280.00, 0.00, 0.00, 0, 0, 0, 0, 48696.00, 0.00, 0.00, NULL, 2026, 1, 'ec078c068fb2d5eea130c7b545c81ef86a44a5c6822747f70734fb4e35290aa3', 1, '2026-01-22 21:42:08', '2026-01-22 21:42:08'),
(313, 1, 1, 2, 2, 2, 2, 4, 17, 1, 21, 96, 760.00, 0.00, 0.00, 0, 0, 0, 0, 132174.00, 0.00, 0.00, NULL, 2026, 1, '8bbc7d521e3867cfa3f379da48ab49a1d6f21467e13ccaaa7e886237dd9a16d6', 1, '2026-01-22 21:42:08', '2026-01-22 21:42:08'),
(314, 1, 1, 2, 2, 2, 2, 4, 17, 1, 21, 166, 670.00, 0.00, 0.00, 0, 0, 0, 0, 116522.00, 0.00, 0.00, NULL, 2026, 1, '78efdedbb214c14fa3d7430c02cf36ce8c18617b328f535964572992a495b00d', 1, '2026-01-22 21:42:08', '2026-01-22 21:42:08'),
(315, 1, 1, 2, 2, 2, 2, 4, 17, 1, 21, 167, 230.00, 0.00, 0.00, 0, 0, 0, 0, 40000.00, 0.00, 0.00, NULL, 2026, 1, '809ebbd4779ffd6018acac5c0e5b069df497cfa602e161efe5558c44ff3021f3', 1, '2026-01-22 21:42:08', '2026-01-22 21:42:08'),
(316, 1, 1, 2, 2, 2, 2, 4, 17, 1, 21, 168, 370.00, 0.00, 0.00, 0, 0, 0, 0, 64348.00, 0.00, 0.00, NULL, 2026, 1, 'e30f7d4ab041a4b280657b4695f747e4dda9cd7c8035def8da33c2c968de58c7', 1, '2026-01-22 21:42:08', '2026-01-22 21:42:08'),
(317, 1, 1, 2, 2, 2, 2, 4, 17, 1, 21, 119, 420.00, 0.00, 0.00, 0, 0, 0, 0, 73043.00, 0.00, 0.00, NULL, 2026, 1, 'f98779ccad66286abbe6a298720c80c6701f2ad6328d6c7716870f2ebe007572', 1, '2026-01-22 21:42:08', '2026-01-22 21:42:08'),
(318, 1, 1, 2, 2, 2, 2, 4, 17, 1, 21, 120, 140.00, 0.00, 0.00, 0, 0, 0, 0, 24348.00, 0.00, 0.00, NULL, 2026, 1, 'ac85b167f9095ed150a609c093e2a64fec5ddb03e67ccef0cf6e4f2b1c0a86dc', 1, '2026-01-22 21:42:08', '2026-01-22 21:42:08'),
(319, 1, 1, 2, 2, 2, 2, 4, 17, 1, 22, 121, 290.00, 0.00, 0.00, 0, 0, 0, 0, 50435.00, 0.00, 0.00, NULL, 2026, 1, 'a64a90a524e63e4e89187facedf3860605916fe54236e53b2eefc83c0d019d89', 1, '2026-01-22 21:42:08', '2026-01-22 21:42:08'),
(320, 1, 1, 2, 2, 2, 2, 4, 17, 1, 22, 98, 550.00, 0.00, 0.00, 0, 0, 0, 0, 95652.00, 0.00, 0.00, NULL, 2026, 1, '18ed10112b83b1bd25cbf4db6f7e5911b1c0f38c4808e0c60c2774fc3673cf23', 1, '2026-01-22 21:42:08', '2026-01-22 21:42:08'),
(321, 1, 1, 2, 2, 2, 2, 4, 17, 1, 22, 122, 700.00, 0.00, 0.00, 0, 0, 0, 0, 121739.00, 0.00, 0.00, NULL, 2026, 1, '03d28264438f04bcc99c5cd0504b880db79127867e4ddfa9ffbe0893b0d08940', 1, '2026-01-22 21:42:08', '2026-01-22 21:42:08'),
(322, 1, 1, 2, 2, 2, 2, 4, 17, 1, 22, 182, 600.00, 0.00, 0.00, 0, 0, 0, 0, 104348.00, 0.00, 0.00, NULL, 2026, 1, '276c90367c62e061858364dcc415b04eb239e65b007818a0ee1d5a10e087a24e', 1, '2026-01-22 21:42:08', '2026-01-22 21:42:08'),
(323, 1, 1, 2, 2, 2, 2, 4, 18, 1, 10, 105, 145.00, 0.00, 0.00, 0, 0, 0, 0, 88734.00, 0.00, 0.00, NULL, 2026, 1, '70210f33a420fa1b871290984aed70150d3b031416ec0e6046e78a1b2abb662c', 1, '2026-01-22 21:42:08', '2026-01-22 21:42:08'),
(324, 1, 1, 2, 2, 2, 2, 4, 18, 1, 10, 178, 40.00, 0.00, 0.00, 0, 0, 0, 0, 24478.00, 0.00, 0.00, NULL, 2026, 1, '7fd45e1c9a7558bfd899bcdd92516bcb3b2e8da44937f0e961e4995a3ca1e8cf', 1, '2026-01-22 21:42:08', '2026-01-22 21:42:08'),
(325, 1, 1, 2, 2, 2, 2, 4, 18, 1, 10, 42, 150.00, 0.00, 0.00, 0, 0, 0, 0, 91794.00, 0.00, 0.00, NULL, 2026, 1, 'e136c41d1a843fa7b4034c1a518bfd2145d2082f0fcd808393577ba65d3ceaa1', 1, '2026-01-22 21:42:08', '2026-01-22 21:42:08'),
(326, 1, 1, 2, 2, 2, 2, 4, 18, 1, 10, 179, 20.00, 0.00, 0.00, 0, 0, 0, 0, 12239.00, 0.00, 0.00, NULL, 2026, 1, '63e1330b14f0b193457ca3cae5dda66713468b19b125ead0f8b31bcc7affb7e0', 1, '2026-01-22 21:42:08', '2026-01-22 21:42:08'),
(327, 1, 1, 2, 2, 2, 2, 4, 18, 1, 10, 180, 40.00, 0.00, 0.00, 0, 0, 0, 0, 24478.00, 0.00, 0.00, NULL, 2026, 1, '2efc86e1e94e2bb791eade215a659195a5bc94f0486d4ebc84a4385f8a42baed', 1, '2026-01-22 21:42:08', '2026-01-22 21:42:08'),
(328, 1, 1, 2, 2, 2, 2, 4, 18, 1, 10, 94, 330.00, 0.00, 0.00, 0, 0, 0, 0, 201946.00, 0.00, 0.00, NULL, 2026, 1, '4e7f823a1e73da4527e8fcff4410c07d941f4de451b1930cb916e43bbdb2e184', 1, '2026-01-22 21:42:08', '2026-01-22 21:42:08'),
(329, 1, 1, 2, 2, 2, 2, 4, 18, 1, 10, 181, 15.00, 0.00, 0.00, 0, 0, 0, 0, 9179.00, 0.00, 0.00, NULL, 2026, 1, '90a0d44f006183481c264522f46147c400b390ffef64253e39e3fea84b464a90', 1, '2026-01-22 21:42:08', '2026-01-22 21:42:08'),
(330, 1, 1, 2, 2, 2, 2, 4, 18, 1, 11, 128, 475.00, 0.00, 0.00, 0, 0, 0, 0, 290679.00, 0.00, 0.00, NULL, 2026, 1, '2c6557a096b857766572b360c57071a67aece374a0310c488e2d2d85c2b5d952', 1, '2026-01-22 21:42:08', '2026-01-22 21:42:08'),
(331, 1, 1, 2, 2, 2, 2, 4, 18, 1, 11, 130, 25.00, 0.00, 0.00, 0, 0, 0, 0, 15299.00, 0.00, 0.00, NULL, 2026, 1, '70b223a790cbd7d55b0ce928837f70add2653b62be30ac6c626701f359b38fb6', 1, '2026-01-22 21:42:08', '2026-01-22 21:42:08'),
(332, 1, 1, 2, 2, 2, 2, 4, 18, 1, 11, 131, 215.00, 0.00, 0.00, 0, 0, 0, 0, 131571.00, 0.00, 0.00, NULL, 2026, 1, '649b5c5772ddfdc303ee4fce2dd82e65d4911b73eaf91b87497aefcf72ea757d', 1, '2026-01-22 21:42:08', '2026-01-22 21:42:08'),
(333, 1, 1, 2, 2, 2, 2, 4, 18, 1, 11, 155, 290.00, 0.00, 0.00, 0, 0, 0, 0, 177467.00, 0.00, 0.00, NULL, 2026, 1, '5616ec5f9f342a23dfca777eb06d5ebd46866ef28b434801b2ee412f2063ffba', 1, '2026-01-22 21:42:08', '2026-01-22 21:42:08'),
(334, 1, 1, 2, 2, 2, 2, 4, 18, 1, 11, 132, 725.00, 0.00, 0.00, 0, 0, 0, 0, 443669.00, 0.00, 0.00, NULL, 2026, 1, '667ee211cc9afb8ea3228801d076da53574c6bc2ec803986f314d98fcdb3314d', 1, '2026-01-22 21:42:08', '2026-01-22 21:42:08'),
(335, 1, 1, 2, 2, 2, 2, 4, 18, 1, 11, 133, 85.00, 0.00, 0.00, 0, 0, 0, 0, 52016.00, 0.00, 0.00, NULL, 2026, 1, '62128fdc513b18bf1d2d8e04b690cb4d77bd7b8c117ecc37bb980bbcc2a5022c', 1, '2026-01-22 21:42:08', '2026-01-22 21:42:08'),
(336, 1, 1, 2, 2, 2, 2, 4, 18, 1, 11, 134, 210.00, 0.00, 0.00, 0, 0, 0, 0, 128512.00, 0.00, 0.00, NULL, 2026, 1, 'addc2d779accb27e93a175ed1ee73ea0a159cdf62da54738772ddd9b6783a3dc', 1, '2026-01-22 21:42:08', '2026-01-22 21:42:08'),
(337, 1, 1, 2, 2, 2, 2, 4, 18, 1, 11, 135, 265.00, 0.00, 0.00, 0, 0, 0, 0, 162169.00, 0.00, 0.00, NULL, 2026, 1, '09b7d5b47fc5793c91de6e558da9a1f2c2fde23fcfd6934976678fe11d77cc05', 1, '2026-01-22 21:42:08', '2026-01-22 21:42:08'),
(338, 1, 1, 2, 2, 2, 2, 4, 18, 1, 11, 136, 55.00, 0.00, 0.00, 0, 0, 0, 0, 33658.00, 0.00, 0.00, NULL, 2026, 1, '237a90a12aacbb679df179660a1106e5144d87fcc8d4957caf3b363226b019e2', 1, '2026-01-22 21:42:08', '2026-01-22 21:42:08'),
(339, 1, 1, 2, 2, 2, 2, 4, 18, 1, 11, 137, 175.00, 0.00, 0.00, 0, 0, 0, 0, 107092.00, 0.00, 0.00, NULL, 2026, 1, 'b9e0d4f51dff65a5c3f7dd3ad5e2d16103aeb4461ad6a6a08cd16870d5a8d030', 1, '2026-01-22 21:42:08', '2026-01-22 21:42:08'),
(340, 1, 1, 2, 2, 2, 2, 4, 18, 1, 11, 138, 75.00, 0.00, 0.00, 0, 0, 0, 0, 45897.00, 0.00, 0.00, NULL, 2026, 1, '64aa8a157be6d698cbe3663c05a9a232148fa86ab3a817c78e9a317368489310', 1, '2026-01-22 21:42:08', '2026-01-22 21:42:08'),
(341, 1, 1, 2, 2, 2, 2, 4, 18, 1, 11, 139, 115.00, 0.00, 0.00, 0, 0, 0, 0, 70375.00, 0.00, 0.00, NULL, 2026, 1, '7dab18d54aabc181852c315d216eb425a6bed79930ffc412418b98c30a7fa331', 1, '2026-01-22 21:42:08', '2026-01-22 21:42:08'),
(342, 1, 1, 2, 2, 2, 2, 4, 18, 1, 21, 165, 80.00, 0.00, 0.00, 0, 0, 0, 0, 48957.00, 0.00, 0.00, NULL, 2026, 1, 'c4226b0c3594da9b826b7300591aa2f243a15352e78ac88aa46ef087f496e930', 1, '2026-01-22 21:42:08', '2026-01-22 21:42:08'),
(343, 1, 1, 2, 2, 2, 2, 4, 18, 1, 21, 120, 40.00, 0.00, 0.00, 0, 0, 0, 0, 24478.00, 0.00, 0.00, NULL, 2026, 1, '7c230186aa67a02575ea857096fc7c0d2497da2c0d1f856dd7685cb7ff4eec5a', 1, '2026-01-22 21:42:08', '2026-01-22 21:42:08'),
(344, 1, 1, 2, 2, 2, 2, 4, 18, 1, 21, 160, 40.00, 0.00, 0.00, 0, 0, 0, 0, 24478.00, 0.00, 0.00, NULL, 2026, 1, '57ebed23011b08a9d51fb77c1480e9127f76d79c67f3708d9d1eb0ec26d648e3', 1, '2026-01-22 21:42:08', '2026-01-22 21:42:08'),
(345, 1, 1, 2, 2, 2, 2, 4, 18, 1, 21, 164, 235.00, 0.00, 0.00, 0, 0, 0, 0, 143810.00, 0.00, 0.00, NULL, 2026, 1, '964cc014594ee514a4d001ae42b45fa130f308a25517addb4a0f0d228b789da5', 1, '2026-01-22 21:42:08', '2026-01-22 21:42:08'),
(346, 1, 1, 2, 2, 2, 2, 4, 18, 1, 21, 119, 120.00, 0.00, 0.00, 0, 0, 0, 0, 73435.00, 0.00, 0.00, NULL, 2026, 1, 'c4b29e9efc6b68301d3ddf5a2faa9a3348f7cc4fdf0cb5c0c7f1f299d0994400', 1, '2026-01-22 21:42:08', '2026-01-22 21:42:08'),
(347, 1, 1, 2, 2, 2, 2, 4, 18, 1, 21, 167, 65.00, 0.00, 0.00, 0, 0, 0, 0, 39777.00, 0.00, 0.00, NULL, 2026, 1, 'a5bcf53eacd0f400cbbb8e9fcd6915e8aad43049e7eefcee7590476cc71a719e', 1, '2026-01-22 21:42:08', '2026-01-22 21:42:08'),
(348, 1, 1, 2, 2, 2, 2, 4, 18, 1, 21, 168, 100.00, 0.00, 0.00, 0, 0, 0, 0, 61196.00, 0.00, 0.00, NULL, 2026, 1, 'e21f8b949c502d1c0bd11decf3950cd5d6f86946f5508a617d43cbf83ecdaacd', 1, '2026-01-22 21:42:08', '2026-01-22 21:42:08'),
(349, 1, 1, 2, 2, 2, 2, 4, 18, 1, 21, 163, 110.00, 0.00, 0.00, 0, 0, 0, 0, 67315.00, 0.00, 0.00, NULL, 2026, 1, 'b6c24dc35375dcebd07ac38eff4f88c612ecad402e5b76a6e2b219ceb6203c8e', 1, '2026-01-22 21:42:08', '2026-01-22 21:42:08'),
(350, 1, 1, 2, 2, 2, 2, 4, 18, 1, 21, 162, 25.00, 0.00, 0.00, 0, 0, 0, 0, 15299.00, 0.00, 0.00, NULL, 2026, 1, '0fdf370e403394e2afa2459d4f3ebcd769543cf33729b75e8d72895281657216', 1, '2026-01-22 21:42:08', '2026-01-22 21:42:08'),
(351, 1, 1, 2, 2, 2, 2, 4, 18, 1, 21, 95, 30.00, 0.00, 0.00, 0, 0, 0, 0, 18359.00, 0.00, 0.00, NULL, 2026, 1, 'fd9fd1ecc18a69fd26ff9a88fc781ca9841491079a9e80c3908e757cc2c3212f', 1, '2026-01-22 21:42:08', '2026-01-22 21:42:08'),
(352, 1, 1, 2, 2, 2, 2, 4, 18, 1, 21, 161, 15.00, 0.00, 0.00, 0, 0, 0, 0, 9179.00, 0.00, 0.00, NULL, 2026, 1, '6b1e58b37357bffe648be4358d896b5b4670d35ab59afbc48cb5df49e12924c0', 1, '2026-01-22 21:42:08', '2026-01-22 21:42:08'),
(353, 1, 1, 2, 2, 2, 2, 4, 18, 1, 21, 96, 220.00, 0.00, 0.00, 0, 0, 0, 0, 134630.00, 0.00, 0.00, NULL, 2026, 1, '97ca5d7706a3ff4514209dc8adcbe44d8a07579feb35a7d3ea2be884c3c4a704', 1, '2026-01-22 21:42:08', '2026-01-22 21:42:08'),
(354, 1, 1, 2, 2, 2, 2, 4, 18, 1, 21, 97, 60.00, 0.00, 0.00, 0, 0, 0, 0, 36717.00, 0.00, 0.00, NULL, 2026, 1, '810da1692582b508a869308d04cf591a115f50c9c239e20461950e4d32b791b7', 1, '2026-01-22 21:42:08', '2026-01-22 21:42:08'),
(355, 1, 1, 2, 2, 2, 2, 4, 18, 1, 21, 166, 190.00, 0.00, 0.00, 0, 0, 0, 0, 116272.00, 0.00, 0.00, NULL, 2026, 1, '0b4e874e2b789c962c333a5474c8c2a39442d2d5b94158198f80ea727302bec5', 1, '2026-01-22 21:42:08', '2026-01-22 21:42:08'),
(356, 1, 1, 2, 2, 2, 2, 4, 18, 1, 22, 121, 85.00, 0.00, 0.00, 0, 0, 0, 0, 52016.00, 0.00, 0.00, NULL, 2026, 1, 'ec95cb0b7c501fd8bee11231e246a17324730689ae30636eb22d48d85f74b8ca', 1, '2026-01-22 21:42:08', '2026-01-22 21:42:08'),
(357, 1, 1, 2, 2, 2, 2, 4, 18, 1, 22, 98, 160.00, 0.00, 0.00, 0, 0, 0, 0, 97913.00, 0.00, 0.00, NULL, 2026, 1, '1331cdf264bf51a79da4bbedefc346b4e59eb5a349b2e4eeba49775d49c8e5c5', 1, '2026-01-22 21:42:08', '2026-01-22 21:42:08'),
(358, 1, 1, 2, 2, 2, 2, 4, 18, 1, 22, 122, 200.00, 0.00, 0.00, 0, 0, 0, 0, 122391.00, 0.00, 0.00, NULL, 2026, 1, '66f3b4ea6f86b0374c3ed07362809aa8f4bec868e9ef7010c64c021b380e6b66', 1, '2026-01-22 21:42:08', '2026-01-22 21:42:08'),
(359, 1, 1, 2, 2, 2, 2, 4, 18, 1, 22, 182, 175.00, 0.00, 0.00, 0, 0, 0, 0, 107092.00, 0.00, 0.00, NULL, 2026, 1, 'b874de4ab9d1c4eff4d190fbfc658276e62c90ef38c479530992e6cfcda449ae', 1, '2026-01-22 21:42:08', '2026-01-22 21:42:08'),
(360, 1, 1, 2, 2, 2, 2, 4, 19, 1, 18, 183, 125.00, 0.00, 0.00, 0, 0, 0, 0, 0.00, 0.00, 0.00, NULL, 2026, 1, '82fdc8f19c4e4cc9579f4876e868a2956248b2a817ce4f5f45437616a32e426e', 1, '2026-01-22 21:42:08', '2026-01-22 21:42:08'),
(361, 1, 1, 2, 2, 2, 2, 4, 19, 1, 5, 184, 125.00, 0.00, 0.00, 0, 0, 0, 0, 0.00, 0.00, 0.00, NULL, 2026, 1, 'db7b6ad4064d98928afc798cb28d4799a1c07f4fc7a926febd62b732ed1756e6', 1, '2026-01-22 21:42:08', '2026-01-22 21:42:08'),
(362, 1, 1, 2, 2, 2, 2, 4, 19, 1, 3, 3, 125.00, 0.00, 0.00, 0, 0, 0, 0, 0.00, 0.00, 0.00, NULL, 2026, 1, '50c4052eef0b315d30aace707e45fc2bf0d2ef4115de7deff9e3f08c5404e8f8', 1, '2026-01-22 21:42:08', '2026-01-22 21:42:08'),
(363, 1, 1, 2, 2, 2, 2, 4, 19, 1, 2, 185, 125.00, 0.00, 0.00, 0, 0, 0, 0, 0.00, 0.00, 0.00, NULL, 2026, 1, '5d3079a8dc551b3f29e4657f3cee48a8e2565883e56e225687e90aeae19ac920', 1, '2026-01-22 21:42:08', '2026-01-22 21:42:08'),
(364, 1, 1, 2, 2, 2, 2, 4, 19, 1, 7, 61, 125.00, 0.00, 0.00, 0, 0, 0, 0, 0.00, 0.00, 0.00, NULL, 2026, 1, '660df2dbf8bc4f63af6d090ceb0154d0e1cb6570c7ba4a773a2331d74db05924', 1, '2026-01-22 21:42:08', '2026-01-22 21:42:08'),
(365, 1, 1, 2, 2, 2, 2, 4, 19, 1, 16, 59, 125.00, 0.00, 0.00, 0, 0, 0, 0, 0.00, 0.00, 0.00, NULL, 2026, 1, 'f5bdeba29b14e9d4e6a60525f112b081c45fb2980d08dc55979ac9395ebe3887', 1, '2026-01-22 21:42:08', '2026-01-22 21:42:08'),
(366, 1, 1, 2, 2, 2, 2, 4, 19, 1, 15, 49, 250.00, 0.00, 0.00, 0, 0, 0, 0, 0.00, 0.00, 0.00, NULL, 2026, 1, 'cf79462b652b57826f93a69a2287279b3be13fb882a2d9c5d521d792b89e7599', 1, '2026-01-22 21:42:08', '2026-01-22 21:42:08'),
(367, 1, 1, 2, 2, 2, 2, 4, 19, 1, 9, 65, 250.00, 0.00, 0.00, 0, 0, 0, 0, 0.00, 0.00, 0.00, NULL, 2026, 1, '9d517273cbba292e986d11e11cdd9a5c94ec9acaebc0b2dcf0209d7632a94fd9', 1, '2026-01-22 21:42:08', '2026-01-22 21:42:08'),
(368, 1, 1, 2, 2, 2, 2, 4, 19, 1, 8, 152, 250.00, 0.00, 0.00, 0, 0, 0, 0, 0.00, 0.00, 0.00, NULL, 2026, 1, 'e51549c649063828cbb410f2b52c2503c296f239e6805042f796371b2dc7e8c8', 1, '2026-01-22 21:42:09', '2026-01-22 21:42:09'),
(369, 1, 1, 2, 2, 2, 2, 4, 19, 1, 11, 128, 125.00, 0.00, 0.00, 0, 0, 0, 0, 0.00, 0.00, 0.00, NULL, 2026, 1, '6a28d6207213121a6ef8c389c461d941062b73c36bb3882d08b7d21142858dd0', 1, '2026-01-22 21:42:09', '2026-01-22 21:42:09'),
(370, 1, 1, 2, 2, 2, 2, 4, 19, 1, 17, 186, 125.00, 0.00, 0.00, 0, 0, 0, 0, 0.00, 0.00, 0.00, NULL, 2026, 1, '96033eb3f4ef8ea3f9d6af81b6c98fc01e465bf5d154118bfc80a8f2bf33f9c2', 1, '2026-01-22 21:42:09', '2026-01-22 21:42:09'),
(371, 1, 1, 2, 2, 2, 2, 4, 20, 1, 1, 45, 90.00, 0.00, 0.00, 0, 0, 0, 0, 0.00, 0.00, 0.00, NULL, 2026, 1, 'b4e794c2257935b557b7a2522958876f38f69e34150ed890e07d636835a09190', 1, '2026-01-22 21:42:09', '2026-01-22 21:42:09'),
(372, 1, 1, 2, 2, 2, 2, 4, 20, 1, 5, 184, 90.00, 0.00, 0.00, 0, 0, 0, 0, 0.00, 0.00, 0.00, NULL, 2026, 1, '8575f46f37371ee126c6e6ba8cfc0344f27b3d8507a8e775744099c0acf8408b', 1, '2026-01-22 21:42:09', '2026-01-22 21:42:09'),
(373, 1, 1, 2, 2, 2, 2, 4, 20, 1, 19, 187, 90.00, 0.00, 0.00, 0, 0, 0, 0, 0.00, 0.00, 0.00, NULL, 2026, 1, '2ea0b4ac6aa4c9763b4392999c97f0d852bc5456adbf5d75a4503b87139016cf', 1, '2026-01-22 21:42:09', '2026-01-22 21:42:09'),
(374, 1, 1, 2, 2, 2, 2, 4, 20, 1, 8, 152, 100.00, 0.00, 0.00, 0, 0, 0, 0, 0.00, 0.00, 0.00, NULL, 2026, 1, 'e912ee500b64e5e29875aa430c6a2a25a8514d17338ee148c80868f771293a7b', 1, '2026-01-22 21:42:09', '2026-01-22 21:42:09'),
(375, 1, 1, 2, 2, 2, 2, 4, 20, 1, 10, 188, 90.00, 0.00, 0.00, 0, 0, 0, 0, 0.00, 0.00, 0.00, NULL, 2026, 1, 'eb4e2d849ec2ce7d26cd2ca576a83a974e5a2f45d23086e78f1fe22567fbf6bd', 1, '2026-01-22 21:42:09', '2026-01-22 21:42:09'),
(376, 1, 1, 2, 2, 2, 2, 4, 20, 1, 11, 128, 100.00, 0.00, 0.00, 0, 0, 0, 0, 0.00, 0.00, 0.00, NULL, 2026, 1, 'cf4d4112aea56a74205a5fd5cc2fd238cb0294b46e0c261eb2a5040df618d602', 1, '2026-01-22 21:42:09', '2026-01-22 21:42:09'),
(377, 1, 1, 2, 2, 2, 2, 4, 20, 1, 21, 164, 90.00, 0.00, 0.00, 0, 0, 0, 0, 0.00, 0.00, 0.00, NULL, 2026, 1, '44cebd631aefa82559af411f656b3f0f21954ac201524a22c2a72de0f8d35b67', 1, '2026-01-22 21:42:09', '2026-01-22 21:42:09'),
(378, 1, 1, 2, 2, 2, 2, 4, 20, 1, 12, 46, 90.00, 0.00, 0.00, 0, 0, 0, 0, 0.00, 0.00, 0.00, NULL, 2026, 1, '7d32f25d5394d50c70b19356819912870793bec46252b3274e7b4616c209747f', 1, '2026-01-22 21:42:09', '2026-01-22 21:42:09'),
(379, 1, 1, 2, 2, 2, 2, 4, 20, 1, 13, 47, 100.00, 0.00, 0.00, 0, 0, 0, 0, 0.00, 0.00, 0.00, NULL, 2026, 1, '11827cb40d92afece5708b7f6771838213096b2a219212057ea6fe33fab3aa21', 1, '2026-01-22 21:42:09', '2026-01-22 21:42:09'),
(380, 1, 1, 2, 2, 2, 2, 4, 21, 1, 5, 184, 4.00, 0.00, 0.00, 0, 0, 0, 0, 29348.00, 0.00, 0.00, NULL, 2026, 1, '0d67ccba7d117f0a6efa134e1543a241655349484fba089afb7b793a81b7375f', 1, '2026-01-22 21:42:09', '2026-01-22 21:42:09'),
(381, 1, 1, 2, 2, 2, 2, 4, 21, 1, 5, 159, 4.00, 0.00, 0.00, 0, 0, 0, 0, 29348.00, 0.00, 0.00, NULL, 2026, 1, '64d4ec1a7b4c52a23a583f164f52e098ce8e5927710504c5c0ecf85409ed9c93', 1, '2026-01-22 21:42:09', '2026-01-22 21:42:09'),
(382, 1, 1, 2, 2, 2, 2, 4, 21, 1, 5, 12, 4.00, 0.00, 0.00, 0, 0, 0, 0, 29348.00, 0.00, 0.00, NULL, 2026, 1, 'e51ea08ef37e05b889dee37491619831c06f139af499879268e8c3a9b798e51c', 1, '2026-01-22 21:42:09', '2026-01-22 21:42:09'),
(383, 1, 1, 2, 2, 2, 2, 4, 21, 1, 5, 13, 4.00, 0.00, 0.00, 0, 0, 0, 0, 29348.00, 0.00, 0.00, NULL, 2026, 1, '8963aff49b2a6f4c3eb4a15660948baf5726d835e6a1a4fd0ee3abd6d7c4cf43', 1, '2026-01-22 21:42:09', '2026-01-22 21:42:09'),
(384, 1, 1, 2, 2, 2, 2, 4, 21, 1, 5, 189, 4.00, 0.00, 0.00, 0, 0, 0, 0, 29348.00, 0.00, 0.00, NULL, 2026, 1, '2c2f801fd1d3ce22d9e6a8f88ebb676fb7199345cd61ce7e5c6bbaffc308f7c0', 1, '2026-01-22 21:42:09', '2026-01-22 21:42:09'),
(385, 1, 1, 2, 2, 2, 2, 4, 21, 1, 5, 190, 4.00, 0.00, 0.00, 0, 0, 0, 0, 29348.00, 0.00, 0.00, NULL, 2026, 1, '6a8e029e559fe74ea4e29c0ab7feacea20b5d9e3e16f923163de47082f02f8ae', 1, '2026-01-22 21:42:09', '2026-01-22 21:42:09'),
(386, 1, 1, 2, 2, 2, 2, 4, 21, 1, 5, 191, 5.00, 0.00, 0.00, 0, 0, 0, 0, 36685.00, 0.00, 0.00, NULL, 2026, 1, 'a0bf705e62841a67d1a3af987b4c6c616fbf7e89fc3c8cd91d07c8bdc02ee45f', 1, '2026-01-22 21:42:09', '2026-01-22 21:42:09'),
(387, 1, 1, 2, 2, 2, 2, 4, 21, 1, 5, 14, 4.00, 0.00, 0.00, 0, 0, 0, 0, 29348.00, 0.00, 0.00, NULL, 2026, 1, 'd7b69c115ce3e3ef702e4c3e2b143bcce280af45a9bd216c771d9923c1d884e1', 1, '2026-01-22 21:42:09', '2026-01-22 21:42:09'),
(388, 1, 1, 2, 2, 2, 2, 4, 21, 1, 12, 125, 4.00, 0.00, 0.00, 0, 0, 0, 0, 29348.00, 0.00, 0.00, NULL, 2026, 1, '346e61c4d058c76dba84e2e16f39fe2da9956b64d7e984da57f9daae298b904e', 1, '2026-01-22 21:42:09', '2026-01-22 21:42:09'),
(389, 1, 1, 2, 2, 2, 2, 4, 21, 1, 12, 192, 5.00, 0.00, 0.00, 0, 0, 0, 0, 36685.00, 0.00, 0.00, NULL, 2026, 1, 'ec74753d4076e22b57fbe7e9dce45de9471ce09127a148689db4d7365bed0f01', 1, '2026-01-22 21:42:09', '2026-01-22 21:42:09'),
(390, 1, 1, 2, 2, 2, 2, 4, 21, 1, 15, 49, 5.00, 0.00, 0.00, 0, 0, 0, 0, 36685.00, 0.00, 0.00, NULL, 2026, 1, '7dbae4d5f3c99021f351391ee7337b1db598b429789d44eed04fe5cd89988641', 1, '2026-01-22 21:42:09', '2026-01-22 21:42:09'),
(391, 1, 1, 2, 2, 2, 2, 4, 21, 1, 15, 73, 5.00, 0.00, 0.00, 0, 0, 0, 0, 36685.00, 0.00, 0.00, NULL, 2026, 1, '44a828f9e82787aa91c1ad8f694a915bbc7347fce6a0fc06f815f21ad2db790f', 1, '2026-01-22 21:42:09', '2026-01-22 21:42:09'),
(392, 1, 1, 2, 2, 2, 2, 4, 21, 1, 15, 74, 5.00, 0.00, 0.00, 0, 0, 0, 0, 36685.00, 0.00, 0.00, NULL, 2026, 1, 'f892c43edbf079d0d7043993f6f46e2c96ed7431748da37c672cc30831c379c2', 1, '2026-01-22 21:42:09', '2026-01-22 21:42:09'),
(393, 1, 1, 2, 2, 2, 2, 4, 21, 1, 15, 173, 4.00, 0.00, 0.00, 0, 0, 0, 0, 29348.00, 0.00, 0.00, NULL, 2026, 1, 'f89c28d84a9caa9048c36e1c06ea8a6bdc487c91138e6e9087361b995d4d3dfa', 1, '2026-01-22 21:42:09', '2026-01-22 21:42:09'),
(394, 1, 1, 2, 2, 2, 2, 4, 21, 1, 15, 174, 5.00, 0.00, 0.00, 0, 0, 0, 0, 36685.00, 0.00, 0.00, NULL, 2026, 1, '4a6bd9e884250ff28d1096c846fffb983e835dc25273c5704597aa1e4304a759', 1, '2026-01-22 21:42:09', '2026-01-22 21:42:09'),
(395, 1, 1, 2, 2, 2, 2, 4, 21, 1, 15, 175, 5.00, 0.00, 0.00, 0, 0, 0, 0, 36685.00, 0.00, 0.00, NULL, 2026, 1, '46460864b5c1a888c82e023cb71410315279af411824e13c0f89a62650fe0400', 1, '2026-01-22 21:42:09', '2026-01-22 21:42:09'),
(396, 1, 1, 2, 2, 2, 2, 4, 21, 1, 15, 176, 5.00, 0.00, 0.00, 0, 0, 0, 0, 36685.00, 0.00, 0.00, NULL, 2026, 1, '1f1d95d10c8896e3f7c88f7a5903fb61d73ba43cdd2ea80a6690d0afd168b40e', 1, '2026-01-22 21:42:09', '2026-01-22 21:42:09'),
(397, 1, 1, 2, 2, 2, 2, 4, 21, 1, 15, 177, 3.00, 0.00, 0.00, 0, 0, 0, 0, 22011.00, 0.00, 0.00, NULL, 2026, 1, 'a887b24b533f171d0c9629704d11560adefe6e6bcbbbe52d7bd5a9d698c0b88f', 1, '2026-01-22 21:42:09', '2026-01-22 21:42:09'),
(398, 1, 1, 2, 2, 2, 2, 4, 21, 1, 14, 48, 5.00, 0.00, 0.00, 0, 0, 0, 0, 36685.00, 0.00, 0.00, NULL, 2026, 1, 'ccb4afb5489ac3ea449a6071083ff7a6dcf8921be04d5b61174917e927395c00', 1, '2026-01-22 21:42:09', '2026-01-22 21:42:09'),
(399, 1, 1, 2, 2, 2, 2, 4, 21, 1, 14, 193, 5.00, 0.00, 0.00, 0, 0, 0, 0, 36681.00, 0.00, 0.00, NULL, 2026, 1, '6148afcd121a314e5d6039764e6a5be50691f475d6e9bef6c77b3ede5b9eb773', 1, '2026-01-22 21:42:09', '2026-01-22 21:42:09'),
(400, 1, 1, 2, 2, 2, 2, 4, 22, 1, 1, 45, 65.00, 0.00, 0.00, 0, 0, 0, 0, 0.00, 0.00, 0.00, NULL, 2026, 1, 'bb9874e0d2e54b71d78fbd5af8f4fffdb1a4ec6594f9d5083e25e521e1dcaa3c', 1, '2026-01-22 21:42:09', '2026-01-22 21:42:09'),
(401, 1, 1, 2, 2, 2, 2, 4, 22, 1, 5, 184, 65.00, 0.00, 0.00, 0, 0, 0, 0, 0.00, 0.00, 0.00, NULL, 2026, 1, 'af7c04ce458231eec2defdfa32ee574531f9782742abfbc3f363f272220bf52b', 1, '2026-01-22 21:42:09', '2026-01-22 21:42:09'),
(402, 1, 1, 2, 2, 2, 2, 4, 22, 1, 19, 187, 65.00, 0.00, 0.00, 0, 0, 0, 0, 0.00, 0.00, 0.00, NULL, 2026, 1, 'fbfe4d3fec69886555c444085dcbb538c9a1c52ca43c7a61c1d1acdc8609c6e2', 1, '2026-01-22 21:42:09', '2026-01-22 21:42:09'),
(403, 1, 1, 2, 2, 2, 2, 4, 22, 1, 8, 152, 70.00, 0.00, 0.00, 0, 0, 0, 0, 0.00, 0.00, 0.00, NULL, 2026, 1, '3ae12de26c5223100f142980426f6ee2ce321a3b6756f93d7befde77d6fbeb58', 1, '2026-01-22 21:42:09', '2026-01-22 21:42:09'),
(404, 1, 1, 2, 2, 2, 2, 4, 22, 1, 11, 128, 70.00, 0.00, 0.00, 0, 0, 0, 0, 0.00, 0.00, 0.00, NULL, 2026, 1, '9073edd14d861b1f87483000bea3f21e7a593ad7ba0adf5a0002e66975bcacb8', 1, '2026-01-22 21:42:09', '2026-01-22 21:42:09'),
(405, 1, 1, 2, 2, 2, 2, 4, 22, 1, 21, 164, 65.00, 0.00, 0.00, 0, 0, 0, 0, 0.00, 0.00, 0.00, NULL, 2026, 1, 'd5747905a1d4643b190995b9f2d580f8fa4b7d844efec65e3baac5a990285a1c', 1, '2026-01-22 21:42:09', '2026-01-22 21:42:09'),
(406, 1, 1, 2, 2, 2, 2, 4, 22, 1, 12, 46, 65.00, 0.00, 0.00, 0, 0, 0, 0, 0.00, 0.00, 0.00, NULL, 2026, 1, 'c6fe47de8bedf81015c5701e0bf293839a6613b5bc72053b7116443f820de61d', 1, '2026-01-22 21:42:09', '2026-01-22 21:42:09'),
(407, 1, 1, 2, 2, 2, 2, 4, 22, 1, 13, 47, 70.00, 0.00, 0.00, 0, 0, 0, 0, 0.00, 0.00, 0.00, NULL, 2026, 1, 'd6133d8ab9b3178bd267247c1a7d5861c230b529099d246ea1b947d14d02f592', 1, '2026-01-22 21:42:09', '2026-01-22 21:42:09'),
(408, 1, 1, 2, 2, 2, 2, 4, 22, 1, 10, 188, 65.00, 0.00, 0.00, 0, 0, 0, 0, 0.00, 0.00, 0.00, NULL, 2026, 1, '47924b99059e4d47ecb6c04cfcd8885fac3ac1aa88ab0bcf4283a19be91c8031', 1, '2026-01-22 21:42:09', '2026-01-22 21:42:09'),
(409, 1, 1, 2, 2, 2, 2, 4, 23, 1, 18, 183, 70.00, 0.00, 0.00, 0, 0, 0, 0, 0.00, 0.00, 0.00, NULL, 2026, 1, '97e9d98113c7ee1d44b802e3b70bbfbd9ca1e2edf48506e89e26545d1ea61ddd', 1, '2026-01-22 21:42:09', '2026-01-22 21:42:09'),
(410, 1, 1, 2, 2, 2, 2, 4, 23, 1, 5, 184, 30.00, 0.00, 0.00, 0, 0, 0, 0, 0.00, 0.00, 0.00, NULL, 2026, 1, '4dbe9ca91a4ec8d13f57940c5e34c1acca1adbf48d8f2cbbad2773d232aa9a4f', 1, '2026-01-22 21:42:09', '2026-01-22 21:42:09'),
(411, 1, 1, 2, 2, 2, 2, 4, 23, 1, 8, 152, 100.00, 0.00, 0.00, 0, 0, 0, 0, 0.00, 0.00, 0.00, NULL, 2026, 1, 'bdbb6f0002bd37e8f62ca26d35aed06ad130bcbf3b9fd3b3b92f9d23520fa663', 1, '2026-01-22 21:42:09', '2026-01-22 21:42:09'),
(412, 1, 1, 2, 2, 2, 2, 4, 23, 1, 15, 49, 70.00, 0.00, 0.00, 0, 0, 0, 0, 0.00, 0.00, 0.00, NULL, 2026, 1, '91f2c5c2be500344d8c6d339eead883665736252a591262611d664b9c26cc3cc', 1, '2026-01-22 21:42:09', '2026-01-22 21:42:09'),
(413, 1, 1, 2, 2, 2, 2, 4, 23, 1, 13, 47, 30.00, 0.00, 0.00, 0, 0, 0, 0, 0.00, 0.00, 0.00, NULL, 2026, 1, '8809ee223130f312e1a1eff2df8bb35cd2f2844809460ec0ed16bc364433d432', 1, '2026-01-22 21:42:09', '2026-01-22 21:42:09'),
(414, 1, 1, 2, 2, 2, 2, 4, 23, 1, 7, 61, 70.00, 0.00, 0.00, 0, 0, 0, 0, 0.00, 0.00, 0.00, NULL, 2026, 1, 'fb113b51ae79e2c909b4b88a6790fa5f1ad019e5fa14fd1f5d45a4ef6b131ad3', 1, '2026-01-22 21:42:09', '2026-01-22 21:42:09'),
(415, 1, 1, 2, 2, 2, 2, 4, 23, 1, 16, 59, 30.00, 0.00, 0.00, 0, 0, 0, 0, 0.00, 0.00, 0.00, NULL, 2026, 1, 'e6b975bcc6d2a5309bcbbea7d67f8fb5881f0e9db78c0ebddc4f394f922c979e', 1, '2026-01-22 21:42:09', '2026-01-22 21:42:09'),
(416, 1, 1, 2, 2, 2, 2, 4, 23, 1, 9, 65, 100.00, 0.00, 0.00, 0, 0, 0, 0, 0.00, 0.00, 0.00, NULL, 2026, 1, 'fd11b3114d8155b2a5680727a2842b96eee98156dcd0b24f18ea4f7f2a43de60', 1, '2026-01-22 21:42:09', '2026-01-22 21:42:09'),
(417, 1, 1, 2, 2, 2, 2, 4, 23, 1, 3, 3, 70.00, 0.00, 0.00, 0, 0, 0, 0, 0.00, 0.00, 0.00, NULL, 2026, 1, '7c6e621b636ea40380548fd0c52a06c591329401a09cf63c3e06bf6ed5b8095e', 1, '2026-01-22 21:42:09', '2026-01-22 21:42:09'),
(418, 1, 1, 2, 2, 2, 2, 4, 23, 1, 2, 185, 30.00, 0.00, 0.00, 0, 0, 0, 0, 0.00, 0.00, 0.00, NULL, 2026, 1, '9dd35fb0129bc38264e09357734c0bed467f9f9a9b15efffd3d86104385195a7', 1, '2026-01-22 21:42:09', '2026-01-22 21:42:09'),
(419, 1, 1, 2, 2, 2, 2, 4, 23, 1, 11, 128, 70.00, 0.00, 0.00, 0, 0, 0, 0, 0.00, 0.00, 0.00, NULL, 2026, 1, 'ed02709516beb0c3dccde53fb1774514d00e86e1c32a452abbee5f27e9b8b48f', 1, '2026-01-22 21:42:09', '2026-01-22 21:42:09'),
(420, 1, 1, 2, 2, 2, 2, 4, 23, 1, 17, 186, 30.00, 0.00, 0.00, 0, 0, 0, 0, 0.00, 0.00, 0.00, NULL, 2026, 1, '3014e2dd7e5b89911b40cb2cc201062e091f00484ef8bd32100509b8ca8a6f17', 1, '2026-01-22 21:42:09', '2026-01-22 21:42:09'),
(421, 1, 1, 2, 2, 2, 2, 4, 24, 1, 7, 85, 12.00, 0.00, 0.00, 0, 0, 0, 0, 13044.00, 0.00, 0.00, NULL, 2026, 1, '8beb0789a6227174d72e0c13db2046c229ba03c3e1741578e254cf018f383f42', 1, '2026-01-22 21:42:09', '2026-01-22 21:42:09'),
(422, 1, 1, 2, 2, 2, 2, 4, 24, 1, 7, 86, 12.00, 0.00, 0.00, 0, 0, 0, 0, 13044.00, 0.00, 0.00, NULL, 2026, 1, '6808821e5395c519c834383c45bbe7e7049b15c15161ecc1040f2cb12719e06e', 1, '2026-01-22 21:42:09', '2026-01-22 21:42:09'),
(423, 1, 1, 2, 2, 2, 2, 4, 24, 1, 7, 60, 12.00, 0.00, 0.00, 0, 0, 0, 0, 13044.00, 0.00, 0.00, NULL, 2026, 1, 'a3647c25718fe76e79083a2853f10d4a24d65a9935d30b1bbdff114e0508dea2', 1, '2026-01-22 21:42:09', '2026-01-22 21:42:09'),
(424, 1, 1, 2, 2, 2, 2, 4, 24, 1, 7, 194, 12.00, 0.00, 0.00, 0, 0, 0, 0, 13044.00, 0.00, 0.00, NULL, 2026, 1, '9fb3b7f79ed306bf66b0b05cf4a71448a46c15e855685654474d8c2043eb7763', 1, '2026-01-22 21:42:09', '2026-01-22 21:42:09'),
(425, 1, 1, 2, 2, 2, 2, 4, 24, 1, 19, 195, 16.00, 0.00, 0.00, 0, 0, 0, 0, 17391.00, 0.00, 0.00, NULL, 2026, 1, '0e49dd30c3f4e15195b8ecb4a598e0210868368ad84f0cd819cafeaa98a5a229', 1, '2026-01-22 21:42:09', '2026-01-22 21:42:09'),
(426, 1, 1, 2, 2, 2, 2, 4, 24, 1, 19, 196, 16.00, 0.00, 0.00, 0, 0, 0, 0, 17391.00, 0.00, 0.00, NULL, 2026, 1, '2175fc6f4b08dd19c12ef9f43402d678becd9ed05326fc980cc6bf959c982fa2', 1, '2026-01-22 21:42:09', '2026-01-22 21:42:09'),
(427, 1, 1, 2, 2, 2, 2, 4, 24, 1, 19, 87, 16.00, 0.00, 0.00, 0, 0, 0, 0, 17391.00, 0.00, 0.00, NULL, 2026, 1, '0b08f710578d8a7275237aaf42f6f5d3ce96d776dd830ea9bd625fef65a0403e', 1, '2026-01-22 21:42:09', '2026-01-22 21:42:09'),
(428, 1, 1, 2, 2, 2, 2, 4, 24, 1, 19, 197, 16.00, 0.00, 0.00, 0, 0, 0, 0, 17391.00, 0.00, 0.00, NULL, 2026, 1, '559ede67a9038936f5af07c7020b810c99770921c8b31feeb45a025df6ce7a1a', 1, '2026-01-22 21:42:09', '2026-01-22 21:42:09'),
(429, 1, 1, 2, 2, 2, 2, 4, 24, 1, 20, 198, 12.00, 0.00, 0.00, 0, 0, 0, 0, 13044.00, 0.00, 0.00, NULL, 2026, 1, '6f7d3085ef5bec5f3e1875c345139caa56e6662d5718b981c4a44c228bb3dc79', 1, '2026-01-22 21:42:09', '2026-01-22 21:42:09'),
(430, 1, 1, 2, 2, 2, 2, 4, 24, 1, 20, 199, 14.00, 0.00, 0.00, 0, 0, 0, 0, 15218.00, 0.00, 0.00, NULL, 2026, 1, 'eec36ade57797bbc8fa9f174a507c9602de7b197618bb41350b544aef41781ba', 1, '2026-01-22 21:42:09', '2026-01-22 21:42:09'),
(431, 1, 1, 2, 2, 2, 2, 4, 24, 1, 20, 200, 14.00, 0.00, 0.00, 0, 0, 0, 0, 15217.00, 0.00, 0.00, NULL, 2026, 1, '4d6771b88009e1931cd7215be95e82d0fd28d92c142b24a8b79af43ef0484255', 1, '2026-01-22 21:42:09', '2026-01-22 21:42:09'),
(432, 1, 1, 2, 2, 2, 2, 4, 24, 1, 20, 115, 14.00, 0.00, 0.00, 0, 0, 0, 0, 15217.00, 0.00, 0.00, NULL, 2026, 1, '56b6babfc16cef83fd02d35ae3fbfa85e659e95cbc03d90e4cd504dd5837d6c6', 1, '2026-01-22 21:42:09', '2026-01-22 21:42:09'),
(433, 1, 1, 2, 2, 2, 2, 4, 24, 1, 20, 90, 14.00, 0.00, 0.00, 0, 0, 0, 0, 15217.00, 0.00, 0.00, NULL, 2026, 1, 'e1f58152f31e6349f62de4f5da23c209899424498f0d947d8ff7b08f553c6150', 1, '2026-01-22 21:42:09', '2026-01-22 21:42:09'),
(434, 1, 1, 2, 2, 2, 2, 4, 25, 1, 18, 110, 1040.00, 0.00, 0.00, 0, 0, 0, 0, 528320.00, 0.00, 0.00, NULL, 2026, 1, '43bbb8d308b94d1c2a8d88ea921a0eec522aa7161cd94434c55b7aef9bf8d7cf', 1, '2026-01-22 21:42:09', '2026-01-22 21:42:09'),
(435, 1, 1, 2, 2, 2, 2, 4, 26, 1, 7, 86, 20.00, 0.00, 0.00, 0, 0, 0, 0, 8609.00, 0.00, 0.00, NULL, 2026, 1, '9962bb9cf2373715b1686bcfc43765c9f6ac8f7c16949912a122bcc4427cbfa2', 1, '2026-01-22 21:42:09', '2026-01-22 21:42:09'),
(436, 1, 1, 2, 2, 2, 2, 4, 26, 1, 10, 42, 40.00, 0.00, 0.00, 0, 0, 0, 0, 17217.00, 0.00, 0.00, NULL, 2026, 1, '5893f4e44f614fb5bf6cb5812a00c15ecc67a5536abf5ea4268c3ee92bb22fc5', 1, '2026-01-22 21:42:09', '2026-01-22 21:42:09'),
(437, 1, 1, 2, 2, 2, 2, 4, 26, 1, 11, 129, 20.00, 0.00, 0.00, 0, 0, 0, 0, 8609.00, 0.00, 0.00, NULL, 2026, 1, '55d2dbc4761af785b3bd595a1087741e8bfbcb16bbd3ea4d4ea22eb5761f2a5d', 1, '2026-01-22 21:42:09', '2026-01-22 21:42:09'),
(438, 1, 1, 2, 2, 2, 2, 4, 26, 1, 11, 130, 20.00, 0.00, 0.00, 0, 0, 0, 0, 8609.00, 0.00, 0.00, NULL, 2026, 1, '68ef4050cfec91f150d4155c9f5ce3e72050ef7cb0d48f7c2f0977e415ebebfd', 1, '2026-01-22 21:42:09', '2026-01-22 21:42:09'),
(439, 1, 1, 2, 2, 2, 2, 4, 26, 1, 11, 131, 40.00, 0.00, 0.00, 0, 0, 0, 0, 17217.00, 0.00, 0.00, NULL, 2026, 1, '3ac2d760ba846aeda9a4f9a2cacd215df2580d17e9e3fb2eac953b09b88f8a02', 1, '2026-01-22 21:42:09', '2026-01-22 21:42:09'),
(440, 1, 1, 2, 2, 2, 2, 4, 26, 1, 11, 155, 40.00, 0.00, 0.00, 0, 0, 0, 0, 17217.00, 0.00, 0.00, NULL, 2026, 1, '84fa64103cbae0786847c1350eb3d75cbeebfb2d05b4c8c83295e7b6eb6a2ea4', 1, '2026-01-22 21:42:09', '2026-01-22 21:42:09');
INSERT INTO `datos_vider` (`id`, `unidad_ejecutora_id`, `dependencia_id`, `programa_id`, `subprograma_id`, `actividad_id`, `producto_id`, `subproducto_id`, `intervencion_id`, `medida_id`, `departamento_id`, `municipio_id`, `programado`, `ejecutado`, `porcentaje_ejecucion`, `hombres`, `mujeres`, `total_personas`, `beneficiarios`, `vigente_financiera`, `financiera_ejecutado`, `financiera_porcentaje`, `periodo`, `anio`, `mes`, `hash_registro`, `importacion_id`, `created_at`, `updated_at`) VALUES
(441, 1, 1, 2, 2, 2, 2, 4, 26, 1, 11, 133, 40.00, 0.00, 0.00, 0, 0, 0, 0, 17217.00, 0.00, 0.00, NULL, 2026, 1, 'bb8d9f5e149bb57a680cc4df8907486cb389044598b6e711910d72955d9bac3e', 1, '2026-01-22 21:42:09', '2026-01-22 21:42:09'),
(442, 1, 1, 2, 2, 2, 2, 4, 26, 1, 11, 134, 20.00, 0.00, 0.00, 0, 0, 0, 0, 8609.00, 0.00, 0.00, NULL, 2026, 1, 'af85ceb84b25ac8f19c609475552e87ede92d49e65136a7623a2c87cff390fe0', 1, '2026-01-22 21:42:09', '2026-01-22 21:42:09'),
(443, 1, 1, 2, 2, 2, 2, 4, 26, 1, 11, 138, 20.00, 0.00, 0.00, 0, 0, 0, 0, 8609.00, 0.00, 0.00, NULL, 2026, 1, '02ba7c34612ba0649dcc989c1609e213421b8836356689c55adb7116516ccd73', 1, '2026-01-22 21:42:09', '2026-01-22 21:42:09'),
(444, 1, 1, 2, 2, 2, 2, 4, 26, 1, 22, 98, 60.00, 0.00, 0.00, 0, 0, 0, 0, 25826.00, 0.00, 0.00, NULL, 2026, 1, 'b3464a8d2e229b27cb3c1d4c90d6f8d4ea36c4417b9ff8dc3255d2b9972e2e91', 1, '2026-01-22 21:42:09', '2026-01-22 21:42:09'),
(445, 1, 1, 2, 2, 2, 2, 4, 26, 1, 22, 182, 40.00, 0.00, 0.00, 0, 0, 0, 0, 17217.00, 0.00, 0.00, NULL, 2026, 1, '228648a46da9cda8c02bf7b81dd110fc6f688f9b8d95108ec90b1592b5b3525e', 1, '2026-01-22 21:42:09', '2026-01-22 21:42:09'),
(446, 1, 1, 2, 2, 2, 2, 4, 26, 1, 22, 122, 60.00, 0.00, 0.00, 0, 0, 0, 0, 25826.00, 0.00, 0.00, NULL, 2026, 1, 'd33167fe20ee74adc9b6cc81e687d5cdf5680fc7ee0388a56c6a68158874cb6d', 1, '2026-01-22 21:42:09', '2026-01-22 21:42:09'),
(447, 1, 1, 2, 2, 2, 2, 4, 27, 1, 10, 42, 30.00, 0.00, 0.00, 0, 0, 0, 0, 97826.00, 0.00, 0.00, NULL, 2026, 1, '7049de731be85959550efe294999505ece18b897d0d66d7d0a2d1d6e14cc6c79', 1, '2026-01-22 21:42:09', '2026-01-22 21:42:09'),
(448, 1, 1, 2, 2, 2, 2, 4, 27, 1, 10, 94, 60.00, 0.00, 0.00, 0, 0, 0, 0, 195652.00, 0.00, 0.00, NULL, 2026, 1, 'e69a501fbb813a2ec1a0d4f9ba99395f3404611681002a4843ce47a824ff4929', 1, '2026-01-22 21:42:09', '2026-01-22 21:42:09'),
(449, 1, 1, 2, 2, 2, 2, 4, 27, 1, 11, 128, 30.00, 0.00, 0.00, 0, 0, 0, 0, 97826.00, 0.00, 0.00, NULL, 2026, 1, 'b817746b13c693768f045c21b530d8d28dce708c667977654ea1cb28aed21f20', 1, '2026-01-22 21:42:09', '2026-01-22 21:42:09'),
(450, 1, 1, 2, 2, 2, 2, 4, 27, 1, 11, 108, 30.00, 0.00, 0.00, 0, 0, 0, 0, 97826.00, 0.00, 0.00, NULL, 2026, 1, '0941f39bf5009e275fcb75098b375b4c17a256f855c14b753d086ebdff83f623', 1, '2026-01-22 21:42:09', '2026-01-22 21:42:09'),
(451, 1, 1, 2, 2, 2, 2, 4, 27, 1, 11, 44, 30.00, 0.00, 0.00, 0, 0, 0, 0, 97826.00, 0.00, 0.00, NULL, 2026, 1, '1193aa4f497da7422d2e9b09b7fa1fb6b3bbb6ed63b7636a79f9ac40ba759f63', 1, '2026-01-22 21:42:09', '2026-01-22 21:42:09'),
(452, 1, 1, 2, 2, 2, 2, 4, 27, 1, 11, 154, 30.00, 0.00, 0.00, 0, 0, 0, 0, 97826.00, 0.00, 0.00, NULL, 2026, 1, 'd0d69a1d25629c73ab476b9811c22d7a52205dc01cf187e78fc78e4e70b71664', 1, '2026-01-22 21:42:09', '2026-01-22 21:42:09'),
(453, 1, 1, 2, 2, 2, 2, 4, 27, 1, 11, 132, 60.00, 0.00, 0.00, 0, 0, 0, 0, 195652.00, 0.00, 0.00, NULL, 2026, 1, 'db83d2f0abf7a7727472333317aa54bdbc51d0dfb1cd08ff0887f1618c4bb9ac', 1, '2026-01-22 21:42:09', '2026-01-22 21:42:09'),
(454, 1, 1, 2, 2, 2, 2, 4, 27, 1, 11, 156, 60.00, 0.00, 0.00, 0, 0, 0, 0, 195652.00, 0.00, 0.00, NULL, 2026, 1, 'b079e77a63c13165edae199b79c33213d55b7d3b4692629b22c985aad7cc3476', 1, '2026-01-22 21:42:09', '2026-01-22 21:42:09'),
(455, 1, 1, 2, 2, 2, 2, 4, 27, 1, 11, 133, 30.00, 0.00, 0.00, 0, 0, 0, 0, 97826.00, 0.00, 0.00, NULL, 2026, 1, '053731dae18b4642c0d3bc4a88b73b22f35ed4048de89c1e11c137e1fafb98fc', 1, '2026-01-22 21:42:09', '2026-01-22 21:42:09'),
(456, 1, 1, 2, 2, 2, 2, 4, 27, 1, 11, 135, 50.00, 0.00, 0.00, 0, 0, 0, 0, 163043.00, 0.00, 0.00, NULL, 2026, 1, '473e3e7c2b300717accfbea1b8aaede543f4035b7b2fc1de44e3b4c0ee377fca', 1, '2026-01-22 21:42:09', '2026-01-22 21:42:09'),
(457, 1, 1, 2, 2, 2, 2, 4, 27, 1, 22, 98, 30.00, 0.00, 0.00, 0, 0, 0, 0, 97826.00, 0.00, 0.00, NULL, 2026, 1, 'f0c2cfd76b8e9f0d32588d85e68ca201ad5e9c7e845541b0a1479ac4ede44e09', 1, '2026-01-22 21:42:09', '2026-01-22 21:42:09'),
(458, 1, 1, 2, 2, 2, 2, 4, 27, 1, 22, 182, 30.00, 0.00, 0.00, 0, 0, 0, 0, 97827.00, 0.00, 0.00, NULL, 2026, 1, 'ed2f2ca0ad594cd1d758fb687bafbf3b603d4f8fa6f3a00fff8c15ea5240db5a', 1, '2026-01-22 21:42:09', '2026-01-22 21:42:09'),
(459, 1, 1, 2, 2, 2, 2, 4, 27, 1, 22, 122, 30.00, 0.00, 0.00, 0, 0, 0, 0, 97826.00, 0.00, 0.00, NULL, 2026, 1, 'da975bd4b27c5357078c22cb6ed7ca26d580786bac3aae5deb2f1845c6e3fcb9', 1, '2026-01-22 21:42:09', '2026-01-22 21:42:09'),
(460, 1, 1, 2, 2, 2, 2, 4, 28, 1, 5, 159, 6.00, 0.00, 0.00, 0, 0, 0, 0, 2393.00, 0.00, 0.00, NULL, 2026, 1, 'e159af1325d79740ad5d8e09c65c36c408fd8e14a88f5cb7128991b16eb1e52b', 1, '2026-01-22 21:42:09', '2026-01-22 21:42:09'),
(461, 1, 1, 2, 2, 2, 2, 4, 28, 1, 5, 12, 6.00, 0.00, 0.00, 0, 0, 0, 0, 2393.00, 0.00, 0.00, NULL, 2026, 1, '3f465903f3b850fa535744e8f6da2e3b787009743119cb2fd7bd941c814c81b2', 1, '2026-01-22 21:42:09', '2026-01-22 21:42:09'),
(462, 1, 1, 2, 2, 2, 2, 4, 28, 1, 5, 51, 6.00, 0.00, 0.00, 0, 0, 0, 0, 2393.00, 0.00, 0.00, NULL, 2026, 1, 'a59fd921345c50727c2eb59014ba2060a2fe4683f74c16cff3f4611afa679d34', 1, '2026-01-22 21:42:09', '2026-01-22 21:42:09'),
(463, 1, 1, 2, 2, 2, 2, 4, 28, 1, 5, 190, 6.00, 0.00, 0.00, 0, 0, 0, 0, 2393.00, 0.00, 0.00, NULL, 2026, 1, '806b31103446b412f56ee9f6ac5b0ba61dd237810547d4c26231ddcc34fbcbbe', 1, '2026-01-22 21:42:09', '2026-01-22 21:42:09'),
(464, 1, 1, 2, 2, 2, 2, 4, 28, 1, 5, 191, 6.00, 0.00, 0.00, 0, 0, 0, 0, 2393.00, 0.00, 0.00, NULL, 2026, 1, '0dfce5cb34a9de8ce66860530d23344ad683ed3dedce8c995958ce58335cab60', 1, '2026-01-22 21:42:09', '2026-01-22 21:42:09'),
(465, 1, 1, 2, 2, 2, 2, 4, 28, 1, 5, 14, 5.00, 0.00, 0.00, 0, 0, 0, 0, 1994.00, 0.00, 0.00, NULL, 2026, 1, 'cff40288a4aa1ffe4e0652cdc59454457381b547681ee33a8bc9471901fc2506', 1, '2026-01-22 21:42:09', '2026-01-22 21:42:09'),
(466, 1, 1, 2, 2, 2, 2, 4, 28, 1, 10, 180, 80.00, 0.00, 0.00, 0, 0, 0, 0, 31911.00, 0.00, 0.00, NULL, 2026, 1, '906f4a69f910486a568c0497a507162e5450266963745043c396d95ebe62e5de', 1, '2026-01-22 21:42:09', '2026-01-22 21:42:09'),
(467, 1, 1, 2, 2, 2, 2, 4, 28, 1, 17, 201, 80.00, 0.00, 0.00, 0, 0, 0, 0, 31911.00, 0.00, 0.00, NULL, 2026, 1, '94574d27af042ef1c4d79600e8ffe947be9f7688652ad9d0cc10e97ec714e465', 1, '2026-01-22 21:42:09', '2026-01-22 21:42:09'),
(468, 1, 1, 2, 2, 2, 2, 4, 28, 1, 17, 69, 80.00, 0.00, 0.00, 0, 0, 0, 0, 31911.00, 0.00, 0.00, NULL, 2026, 1, '0cb9bfe6cba6229bf1ad8f39d3686080db69726834bea6f7b7215bced60ba4af', 1, '2026-01-22 21:42:09', '2026-01-22 21:42:09'),
(469, 1, 1, 2, 2, 2, 2, 4, 28, 1, 17, 68, 80.00, 0.00, 0.00, 0, 0, 0, 0, 31911.00, 0.00, 0.00, NULL, 2026, 1, '55e5f5b7144334e7f8cc04b32b80b6537a4114eedeeb8d5662cb7c40e79ff2a0', 1, '2026-01-22 21:42:09', '2026-01-22 21:42:09'),
(470, 1, 1, 2, 2, 2, 2, 4, 28, 1, 14, 48, 6.00, 0.00, 0.00, 0, 0, 0, 0, 2393.00, 0.00, 0.00, NULL, 2026, 1, '7b524bd3185d667aa835a1a78f615556f2920bd089406f9f7a1fc9030220acc3', 1, '2026-01-22 21:42:09', '2026-01-22 21:42:09'),
(471, 1, 1, 2, 2, 2, 2, 4, 28, 1, 14, 50, 6.00, 0.00, 0.00, 0, 0, 0, 0, 2393.00, 0.00, 0.00, NULL, 2026, 1, 'cea379e949fe5a8edabd3913d4b19eb17cd2c4e5d3d4a6ecfac266aaf7e2a397', 1, '2026-01-22 21:42:09', '2026-01-22 21:42:09'),
(472, 1, 1, 2, 2, 2, 2, 4, 28, 1, 14, 202, 6.00, 0.00, 0.00, 0, 0, 0, 0, 2393.00, 0.00, 0.00, NULL, 2026, 1, 'ec905f125863fb856bfc76b61d94a1754d8cba1367c915aff4270a5b87ce97b8', 1, '2026-01-22 21:42:09', '2026-01-22 21:42:09'),
(473, 1, 1, 2, 2, 2, 2, 4, 28, 1, 14, 203, 6.00, 0.00, 0.00, 0, 0, 0, 0, 2393.00, 0.00, 0.00, NULL, 2026, 1, '7947a5d343c7a7fc40f4bf862102b7b23125d50048908fb60ee09ed83c30ea74', 1, '2026-01-22 21:42:09', '2026-01-22 21:42:09'),
(474, 1, 1, 2, 2, 2, 2, 4, 28, 1, 14, 109, 6.00, 0.00, 0.00, 0, 0, 0, 0, 2395.00, 0.00, 0.00, NULL, 2026, 1, 'c755141a981819c869fb5813a86fb50f5b605a036f9cbd76752fa0ba11a791eb', 1, '2026-01-22 21:42:09', '2026-01-22 21:42:09'),
(475, 1, 1, 2, 2, 2, 2, 4, 28, 1, 11, 108, 80.00, 0.00, 0.00, 0, 0, 0, 0, 31911.00, 0.00, 0.00, NULL, 2026, 1, '1a14a35731dc3ddc63adac1df7de3e5f1106b149774c032c4421535258dcd3f8', 1, '2026-01-22 21:42:09', '2026-01-22 21:42:09'),
(476, 1, 1, 2, 2, 2, 2, 4, 28, 1, 11, 44, 80.00, 0.00, 0.00, 0, 0, 0, 0, 31911.00, 0.00, 0.00, NULL, 2026, 1, '217cd72c25b75ac09b8829b4ebff3d8cf675d80add983af458e2092fdbe2e21d', 1, '2026-01-22 21:42:09', '2026-01-22 21:42:09'),
(477, 1, 1, 2, 2, 2, 2, 4, 29, 1, 11, 128, 120.00, 0.00, 0.00, 0, 0, 0, 0, 0.00, 0.00, 0.00, NULL, 2026, 1, '68d9c7d471215fea1bf998db0e3c3b672312da89883080f5b951d5f2a6c9a97d', 1, '2026-01-22 21:42:09', '2026-01-22 21:42:09'),
(478, 1, 1, 2, 2, 2, 2, 4, 29, 1, 15, 49, 20.00, 0.00, 0.00, 0, 0, 0, 0, 0.00, 0.00, 0.00, NULL, 2026, 1, '64a8787d5487c4ca8767a389ad5dcef9f095f34d45d40d50b9c8ac18e2876961', 1, '2026-01-22 21:42:09', '2026-01-22 21:42:09'),
(479, 1, 1, 2, 2, 2, 2, 4, 29, 1, 4, 204, 40.00, 0.00, 0.00, 0, 0, 0, 0, 0.00, 0.00, 0.00, NULL, 2026, 1, 'c101c315e6696e074a43001365032e54bb21957cb63c3d361300d43ab4b8bc15', 1, '2026-01-22 21:42:09', '2026-01-22 21:42:09'),
(480, 1, 1, 2, 2, 2, 2, 4, 29, 1, 18, 183, 20.00, 0.00, 0.00, 0, 0, 0, 0, 0.00, 0.00, 0.00, NULL, 2026, 1, '478bc057dd279e14d5d910ca67d2d1d5ab2b9dab688178b44cfe29d1d99621b2', 1, '2026-01-22 21:42:09', '2026-01-22 21:42:09'),
(481, 1, 1, 2, 2, 2, 2, 4, 29, 1, 14, 48, 20.00, 0.00, 0.00, 0, 0, 0, 0, 0.00, 0.00, 0.00, NULL, 2026, 1, '0600908d2caf9b1aa0437c35910671eb0b0b471395f4528461822a9091baf9f2', 1, '2026-01-22 21:42:09', '2026-01-22 21:42:09'),
(482, 1, 1, 2, 2, 2, 2, 4, 29, 1, 10, 188, 60.00, 0.00, 0.00, 0, 0, 0, 0, 0.00, 0.00, 0.00, NULL, 2026, 1, '952f61616899c7b8b42fea7718e326f0ac62cac1af2aa890c17e7d1e01a91659', 1, '2026-01-22 21:42:09', '2026-01-22 21:42:09'),
(483, 1, 1, 2, 2, 2, 2, 4, 29, 1, 5, 184, 184.00, 0.00, 0.00, 0, 0, 0, 0, 0.00, 0.00, 0.00, NULL, 2026, 1, 'dcba8e6c693ae05c673806d06ffe9590ace0aaee4071df71d6305ab19981cc8b', 1, '2026-01-22 21:42:09', '2026-01-22 21:42:09'),
(484, 1, 1, 2, 2, 2, 2, 4, 29, 1, 12, 46, 50.00, 0.00, 0.00, 0, 0, 0, 0, 0.00, 0.00, 0.00, NULL, 2026, 1, '69cc1835b8bab87f41677d7d65f3216f437db9e6e106425bfca8ce76f1a0b873', 1, '2026-01-22 21:42:09', '2026-01-22 21:42:09'),
(485, 1, 1, 2, 2, 2, 2, 4, 30, 1, 11, 128, 5.00, 0.00, 0.00, 0, 0, 0, 0, 0.00, 0.00, 0.00, NULL, 2026, 1, '1ea8b5df6de0a4348df232d4820bdfaa92220065a3268718769ec5311ceea974', 1, '2026-01-22 21:42:09', '2026-01-22 21:42:09'),
(486, 1, 1, 2, 2, 2, 2, 4, 30, 1, 17, 186, 14.00, 0.00, 0.00, 0, 0, 0, 0, 0.00, 0.00, 0.00, NULL, 2026, 1, '22d030fe98a69660e30b2bb4c49e48da48518a05627c508e7d2c0553f2178c05', 1, '2026-01-22 21:42:09', '2026-01-22 21:42:09'),
(487, 1, 1, 2, 2, 2, 2, 4, 30, 1, 3, 3, 80.00, 21.00, 0.00, 18, 3, 21, 21, 0.00, 0.00, 0.00, NULL, 2026, 1, '1cc71c062cbf58d5ba1d9bb3df1e2a5db00c1a3d137f23a6967556604650695e', 1, '2026-01-22 21:42:09', '2026-01-22 21:42:09'),
(488, 1, 1, 2, 2, 2, 2, 4, 30, 1, 15, 49, 43.00, 5.00, 0.00, 3, 2, 5, 5, 0.00, 0.00, 0.00, NULL, 2026, 1, '2421b8700f5093ffb57f0cacfd9660509d6d4270e505b97046ff82908681f0df', 1, '2026-01-22 21:42:09', '2026-01-22 21:42:09'),
(489, 1, 1, 2, 2, 2, 2, 4, 30, 1, 1, 45, 14.00, 1.00, 0.00, 1, 0, 1, 1, 0.00, 0.00, 0.00, NULL, 2026, 1, '0668a32066e0a5694395d2817681c6571e8e6fc2aa7b50c4ea34c95bd3692000', 1, '2026-01-22 21:42:09', '2026-01-22 21:42:09'),
(490, 1, 1, 2, 2, 2, 2, 4, 30, 1, 4, 204, 60.00, 16.00, 0.00, 9, 7, 16, 16, 0.00, 0.00, 0.00, NULL, 2026, 1, '51967e1b9562d1c9ac3cc44e5baa3568b100b9cd19ac22fdd2d10048c647000a', 1, '2026-01-22 21:42:09', '2026-01-22 21:42:09'),
(491, 1, 1, 2, 2, 2, 2, 4, 30, 1, 18, 183, 43.00, 16.00, 0.00, 12, 4, 16, 16, 0.00, 0.00, 0.00, NULL, 2026, 1, '19e7ad0816ef896478ffac82c9e0f0eda2ef38513c2457da145944ba32806d6e', 1, '2026-01-22 21:42:09', '2026-01-22 21:42:09'),
(492, 1, 1, 2, 2, 2, 2, 4, 30, 1, 9, 65, 33.00, 12.00, 0.00, 12, 0, 12, 12, 0.00, 0.00, 0.00, NULL, 2026, 1, '86e48daa73f6ec1b3aa9a142450fca929b5f58bfb2ef0f10d4c1bc8739fe836f', 1, '2026-01-22 21:42:09', '2026-01-22 21:42:09'),
(493, 1, 1, 2, 2, 2, 2, 4, 30, 1, 13, 47, 2.00, 1.00, 0.00, 1, 0, 1, 1, 0.00, 0.00, 0.00, NULL, 2026, 1, '034abb1e4ea051a8c31e1ad70e1075ce7fda01d1c0e2645881ef41d32a1238de', 1, '2026-01-22 21:42:09', '2026-01-22 21:42:09'),
(494, 1, 1, 2, 2, 2, 2, 4, 30, 1, 14, 48, 15.00, 6.00, 0.00, 4, 2, 6, 6, 0.00, 0.00, 0.00, NULL, 2026, 1, '5a86b3a91f1a5661b470cfd0170e583312f628309a3fbcfb60787dba8e2d6de2', 1, '2026-01-22 21:42:09', '2026-01-22 21:42:09'),
(495, 1, 1, 2, 2, 2, 2, 4, 30, 1, 21, 160, 150.00, 35.00, 0.00, 30, 5, 35, 35, 0.00, 0.00, 0.00, NULL, 2026, 1, 'bf307207bb9d9fbd1132b19d3034e0522b696ec763cea390838208672b37a221', 1, '2026-01-22 21:42:09', '2026-01-22 21:42:09'),
(496, 1, 1, 2, 2, 2, 2, 4, 30, 1, 7, 61, 62.00, 30.00, 0.00, 25, 5, 30, 30, 0.00, 0.00, 0.00, NULL, 2026, 1, '43647f6db6e843218532052bc339afd3a70e3b87fd6402a6b2727103ac786030', 1, '2026-01-22 21:42:09', '2026-01-22 21:42:09'),
(497, 1, 1, 2, 2, 2, 2, 4, 30, 1, 10, 188, 24.00, 7.00, 0.00, 7, 0, 7, 7, 0.00, 0.00, 0.00, NULL, 2026, 1, 'effd0152b14ff20730b24ee4d3b6698996a4e8a7197e597b12c571f46bde2d28', 1, '2026-01-22 21:42:09', '2026-01-22 21:42:09'),
(498, 1, 1, 2, 2, 2, 2, 4, 30, 1, 20, 114, 53.00, 17.00, 0.00, 10, 7, 17, 17, 0.00, 0.00, 0.00, NULL, 2026, 1, '0b7a68cd4cacdb004d5fdf35c9fcd5451698308493447c854f18701978ac9507', 1, '2026-01-22 21:42:09', '2026-01-22 21:42:09'),
(499, 1, 1, 2, 2, 2, 2, 4, 30, 1, 2, 185, 30.00, 10.00, 0.00, 9, 1, 10, 10, 0.00, 0.00, 0.00, NULL, 2026, 1, '78667bc9c68c3fe8c00a84a05d8f95a46e5b9295f8631e9e153f08d146f968d9', 1, '2026-01-22 21:42:09', '2026-01-22 21:42:09'),
(500, 1, 1, 2, 2, 2, 2, 4, 30, 1, 8, 152, 121.00, 13.00, 0.00, 10, 3, 13, 13, 0.00, 0.00, 0.00, NULL, 2026, 1, 'ac1b121d86f9569f0fac62b46da5cac604d699212bfd4437f6b669644bd338ec', 1, '2026-01-22 21:42:09', '2026-01-22 21:42:09'),
(501, 1, 1, 2, 2, 2, 2, 4, 30, 1, 5, 184, 50.00, 5.00, 0.00, 5, 0, 5, 5, 0.00, 0.00, 0.00, NULL, 2026, 1, 'bde7a9bf199e143e0bd6a6bea35d7f7489e6d156aeeff91bc0f581d7cc7148e0', 1, '2026-01-22 21:42:09', '2026-01-22 21:42:09'),
(502, 1, 1, 2, 2, 2, 2, 4, 30, 1, 6, 15, 11.00, 1.00, 0.00, 1, 0, 1, 1, 0.00, 0.00, 0.00, NULL, 2026, 1, 'b3a380580423ea77aeb8f57f02969300a0b2c68ef40314b38e9a65585d9bc385', 1, '2026-01-22 21:42:09', '2026-01-22 21:42:09'),
(503, 1, 1, 2, 2, 2, 2, 4, 30, 1, 19, 187, 71.00, 27.00, 0.00, 25, 2, 27, 27, 0.00, 0.00, 0.00, NULL, 2026, 1, '7ed1fa6ea807c970924ee4afb88c4e70ed6a08f73567a2046b4f0099f162f2b9', 1, '2026-01-22 21:42:09', '2026-01-22 21:42:09'),
(504, 1, 1, 2, 2, 2, 2, 4, 30, 1, 16, 59, 41.00, 14.00, 0.00, 13, 1, 14, 14, 0.00, 0.00, 0.00, NULL, 2026, 1, '89753852acca591c002b82f36fc8fe9346ce6aecb7ec01f2d93684e8b7f8faef', 1, '2026-01-22 21:42:09', '2026-01-22 21:42:09'),
(505, 1, 1, 2, 2, 2, 2, 4, 30, 1, 12, 46, 120.00, 27.00, 0.00, 25, 2, 27, 27, 0.00, 0.00, 0.00, NULL, 2026, 1, 'f28ebadf70390c984ccca0fb1eb8ce63f322170db6e8131079d028a448c14e63', 1, '2026-01-22 21:42:09', '2026-01-22 21:42:09'),
(506, 1, 1, 2, 2, 2, 2, 4, 30, 1, 22, 121, 10.00, 0.00, 0.00, 0, 0, 0, 0, 0.00, 0.00, 0.00, NULL, 2026, 1, '4e46fe3dcbc7aa160f69edfc04b0bc013f1072e72f5b7295396fbe512844b576', 1, '2026-01-22 21:42:09', '2026-01-22 21:42:09'),
(507, 1, 1, 2, 2, 2, 2, 4, 31, 1, 11, 128, 5.00, 0.00, 0.00, 0, 0, 0, 0, 0.00, 0.00, 0.00, NULL, 2026, 1, 'a87de62cbddf6c3ddf1908a08474880f8d2e617f842328c94770fa3965827475', 1, '2026-01-22 21:42:09', '2026-01-22 21:42:09'),
(508, 1, 1, 2, 2, 2, 2, 4, 31, 1, 17, 186, 15.00, 0.00, 0.00, 0, 0, 0, 0, 0.00, 0.00, 0.00, NULL, 2026, 1, '48d8837b7db4b024bac0f7e723d9c43a02916245ee32811f9c9ccefd60a6f5b9', 1, '2026-01-22 21:42:09', '2026-01-22 21:42:09'),
(509, 1, 1, 2, 2, 2, 2, 4, 31, 1, 3, 3, 30.00, 14.00, 0.00, 13, 1, 14, 1, 0.00, 0.00, 0.00, NULL, 2026, 1, '705a2a2b33bc683ab8e1ca5af7076e72de36e6b492d8ced5db7d9c189debcd95', 1, '2026-01-22 21:42:09', '2026-01-22 21:42:09'),
(510, 1, 1, 2, 2, 2, 2, 4, 31, 1, 15, 49, 21.00, 4.00, 0.00, 4, 0, 4, 4, 0.00, 0.00, 0.00, NULL, 2026, 1, 'bdcf29fff61c593213296960aa7e1cdba549ae2ad4afdbe65226af2088c71155', 1, '2026-01-22 21:42:09', '2026-01-22 21:42:09'),
(511, 1, 1, 2, 2, 2, 2, 4, 31, 1, 1, 45, 7.00, 0.00, 0.00, 0, 0, 0, 0, 0.00, 0.00, 0.00, NULL, 2026, 1, '77a306f8857c61f77cf9fd2a49f0808736e6bdf717e7b8a032a394cd47182fe8', 1, '2026-01-22 21:42:09', '2026-01-22 21:42:09'),
(512, 1, 1, 2, 2, 2, 2, 4, 31, 1, 4, 204, 52.00, 0.00, 0.00, 0, 0, 0, 0, 0.00, 0.00, 0.00, NULL, 2026, 1, 'cd212797da89dd082854f2c543a833d42856760910099e50e6c4d3d4ab18e110', 1, '2026-01-22 21:42:09', '2026-01-22 21:42:09'),
(513, 1, 1, 2, 2, 2, 2, 4, 31, 1, 12, 46, 5.00, 0.00, 0.00, 0, 0, 0, 0, 0.00, 0.00, 0.00, NULL, 2026, 1, '9970fba55294550609a43b1ee4f77cbca9d26da11df10a55fd821d93299a91ae', 1, '2026-01-22 21:42:09', '2026-01-22 21:42:09'),
(514, 1, 1, 2, 2, 2, 2, 4, 31, 1, 16, 59, 33.00, 13.00, 0.00, 6, 7, 13, 13, 0.00, 0.00, 0.00, NULL, 2026, 1, '55ea2ec69caaf0fada7c17cc850767242aa20d1dc7b051f8884299bf1ef673c8', 1, '2026-01-22 21:42:09', '2026-01-22 21:42:09'),
(515, 1, 1, 2, 2, 2, 2, 4, 31, 1, 19, 187, 62.00, 12.00, 0.00, 10, 2, 12, 12, 0.00, 0.00, 0.00, NULL, 2026, 1, '8cd7190b167a3ec2e8dbf636b06b4dc18207980a213920a09a86e8c190cd147e', 1, '2026-01-22 21:42:09', '2026-01-22 21:42:09'),
(516, 1, 1, 2, 2, 2, 2, 4, 31, 1, 18, 183, 20.00, 0.00, 0.00, 0, 0, 0, 0, 0.00, 0.00, 0.00, NULL, 2026, 1, 'bbd55146d6efd0815981eb280e935633528399fe14047444137ea59c8ab31831', 1, '2026-01-22 21:42:09', '2026-01-22 21:42:09'),
(517, 1, 1, 2, 2, 2, 2, 4, 31, 1, 9, 65, 20.00, 20.00, 0.00, 19, 1, 20, 20, 0.00, 0.00, 0.00, NULL, 2026, 1, '0d4e65bfdc14f59aa9eaf1926a0ef3eaa86c5522db88cce7d013c364a1f969eb', 1, '2026-01-22 21:42:09', '2026-01-22 21:42:09'),
(518, 1, 1, 2, 2, 2, 2, 4, 31, 1, 6, 15, 5.00, 0.00, 0.00, 0, 0, 0, 0, 0.00, 0.00, 0.00, NULL, 2026, 1, '27fb5720db614333a402fa15cfd1544aca6ceb326a333b1c90c3ea045d49d565', 1, '2026-01-22 21:42:09', '2026-01-22 21:42:09'),
(519, 1, 1, 2, 2, 2, 2, 4, 31, 1, 13, 47, 54.00, 28.00, 0.00, 17, 11, 28, 28, 0.00, 0.00, 0.00, NULL, 2026, 1, '40a4dbcc0ec435f17e8139ec75f7f6d9c711939afc030ad61e4240f7c09b3dfe', 1, '2026-01-22 21:42:09', '2026-01-22 21:42:09'),
(520, 1, 1, 2, 2, 2, 2, 4, 31, 1, 5, 184, 10.00, 0.00, 0.00, 0, 0, 0, 0, 0.00, 0.00, 0.00, NULL, 2026, 1, 'c9e44b7753bee2a7b2c8568ebc5dbf4358552631c24386631dbe15647f7ec31e', 1, '2026-01-22 21:42:09', '2026-01-22 21:42:09'),
(521, 1, 1, 2, 2, 2, 2, 4, 31, 1, 14, 48, 5.00, 0.00, 0.00, 0, 0, 0, 0, 0.00, 0.00, 0.00, NULL, 2026, 1, 'd5d74e04a069d5ca99b69d298f5a394a8939c4164639feee6a9d48d8a5cb5525', 1, '2026-01-22 21:42:09', '2026-01-22 21:42:09'),
(522, 1, 1, 2, 2, 2, 2, 4, 31, 1, 21, 160, 40.00, 0.00, 0.00, 0, 0, 0, 0, 0.00, 0.00, 0.00, NULL, 2026, 1, 'e2179506efb16e185cb912329bde29256cec79c447fe29e20e8b297bcd034f46', 1, '2026-01-22 21:42:09', '2026-01-22 21:42:09'),
(523, 1, 1, 2, 2, 2, 2, 4, 31, 1, 8, 152, 115.00, 113.00, 0.00, 41, 72, 113, 1, 0.00, 0.00, 0.00, NULL, 2026, 1, 'b86bb50a2b8814f206d3a77f0004b1914cbd6a8a7e9ba134d91c41e7e1daa8f7', 1, '2026-01-22 21:42:09', '2026-01-22 21:42:09'),
(524, 1, 1, 2, 2, 2, 2, 4, 31, 1, 2, 185, 70.00, 50.00, 0.00, 27, 23, 50, 50, 0.00, 0.00, 0.00, NULL, 2026, 1, 'd26853b6c8d17dc720cd73c671d3594488a8618a676e448151041f4851e06bfb', 1, '2026-01-22 21:42:09', '2026-01-22 21:42:09'),
(525, 1, 1, 2, 2, 2, 2, 4, 31, 1, 7, 61, 81.00, 72.00, 0.00, 12, 60, 72, 72, 0.00, 0.00, 0.00, NULL, 2026, 1, '5cd3667577c20627852bad9378b75572f37958c756733e219158b35249d9a467', 1, '2026-01-22 21:42:09', '2026-01-22 21:42:09'),
(526, 1, 1, 2, 2, 2, 2, 4, 31, 1, 10, 188, 11.00, 3.00, 0.00, 3, 0, 3, 3, 0.00, 0.00, 0.00, NULL, 2026, 1, '586e5ab485425fca8a23e86a164e44d3150b1d17cc47f008f60babb9edcb6816', 1, '2026-01-22 21:42:09', '2026-01-22 21:42:09'),
(527, 1, 1, 2, 2, 2, 2, 4, 31, 1, 20, 114, 20.00, 14.00, 0.00, 6, 8, 14, 14, 0.00, 0.00, 0.00, NULL, 2026, 1, '62652fe8c002f3de136459a1913ab253cb732bbfb8afb0442e9579c661eeffda', 1, '2026-01-22 21:42:09', '2026-01-22 21:42:09'),
(528, 1, 1, 2, 2, 2, 2, 4, 32, 1, 18, 183, 50.00, 50.00, 0.00, 2, 48, 50, 50, 0.00, 0.00, 0.00, NULL, 2026, 1, '815127dbefa55eca22781bb85ca3bcd65a4c393a862e2a807e41773b68cfe63d', 1, '2026-01-22 21:42:09', '2026-01-22 21:42:09'),
(529, 1, 1, 2, 2, 2, 2, 4, 32, 1, 2, 185, 180.00, 50.00, 0.00, 2, 48, 50, 50, 0.00, 0.00, 0.00, NULL, 2026, 1, '4a2e7f191b8f95cdd3a75c71a182deb2f9d26c18f3a3560c1da1c1d070899ab6', 1, '2026-01-22 21:42:09', '2026-01-22 21:42:09'),
(530, 1, 1, 2, 2, 2, 2, 4, 32, 1, 3, 3, 300.00, 170.00, 0.00, 46, 124, 170, 170, 0.00, 0.00, 0.00, NULL, 2026, 1, 'e85896749be03edb12ca8d05e930cf3c1e17276b430fff03aede16fa4bbaba0b', 1, '2026-01-22 21:42:09', '2026-01-22 21:42:09'),
(531, 1, 1, 2, 2, 2, 2, 4, 32, 1, 7, 61, 43.00, 14.00, 0.00, 0, 14, 14, 14, 0.00, 0.00, 0.00, NULL, 2026, 1, 'a03be3d50f46b72d92173c8f521beb46bc844423d967f866aa0d95e6e2be4018', 1, '2026-01-22 21:42:09', '2026-01-22 21:42:09'),
(532, 1, 1, 2, 2, 2, 2, 4, 32, 1, 19, 187, 47.00, 8.00, 0.00, 8, 0, 8, 8, 0.00, 0.00, 0.00, NULL, 2026, 1, '05af44130a5f9c3b4f80c853f8e0840e7ff0e77f90306e4b05f0af55e15e0662', 1, '2026-01-22 21:42:09', '2026-01-22 21:42:09'),
(533, 1, 1, 2, 2, 2, 2, 4, 32, 1, 20, 114, 292.00, 114.00, 0.00, 15, 99, 114, 11, 0.00, 0.00, 0.00, NULL, 2026, 1, '565146f3e216c07cf6ff0bd17af1b1f93e5bffec0662483c44e60b20282e2bff', 1, '2026-01-22 21:42:09', '2026-01-22 21:42:09'),
(534, 1, 1, 2, 2, 2, 2, 4, 33, 1, 18, 183, 18.00, 5.00, 0.00, 3, 2, 5, 5, 0.00, 0.00, 0.00, NULL, 2026, 1, '59a01a3869903c73eb58b8e6d20e2097f37e78f3afad23d991c676d3ff895175', 1, '2026-01-22 21:42:09', '2026-01-22 21:42:09'),
(535, 1, 1, 2, 2, 2, 2, 4, 33, 1, 11, 128, 59.00, 44.00, 0.00, 38, 6, 44, 1, 0.00, 0.00, 0.00, NULL, 2026, 1, '749b55e9c7f89fb66aeaf3ca638a149d12fe5d110bcf9a3f4bd99f5525558f62', 1, '2026-01-22 21:42:09', '2026-01-22 21:42:09'),
(536, 1, 1, 2, 2, 2, 2, 4, 33, 1, 17, 186, 5.00, 0.00, 0.00, 0, 0, 0, 0, 0.00, 0.00, 0.00, NULL, 2026, 1, '726b704bf486f8f63a8f3c574794d3f920aaaa5acd00fe01aca8abba196f2a85', 1, '2026-01-22 21:42:09', '2026-01-22 21:42:09'),
(537, 1, 1, 2, 2, 2, 2, 4, 33, 1, 15, 49, 14.00, 0.00, 0.00, 0, 0, 0, 0, 0.00, 0.00, 0.00, NULL, 2026, 1, '43c7b906404f202955c8268ad3ba3f182da98ccf42964157212c232a9c378046', 1, '2026-01-22 21:42:09', '2026-01-22 21:42:09'),
(538, 1, 1, 2, 2, 2, 2, 4, 33, 1, 4, 204, 25.00, 10.00, 0.00, 10, 0, 10, 10, 0.00, 0.00, 0.00, NULL, 2026, 1, '8e6bc71d284d903e29166de329dd22acf6f939fe6f5d73fd388b20463dfea536', 1, '2026-01-22 21:42:09', '2026-01-22 21:42:09'),
(539, 1, 1, 2, 2, 2, 2, 4, 33, 1, 14, 48, 15.00, 6.00, 0.00, 3, 3, 6, 6, 0.00, 0.00, 0.00, NULL, 2026, 1, 'd51ac4305b04717da341d6159bf3d281dbdd210ce7c26a286c54b837dd3bcfc1', 1, '2026-01-22 21:42:09', '2026-01-22 21:42:09'),
(540, 1, 1, 2, 2, 2, 2, 4, 33, 1, 7, 61, 6.00, 6.00, 0.00, 3, 3, 6, 6, 0.00, 0.00, 0.00, NULL, 2026, 1, '2b0447433d932d8e0315019b35ef59cd766bcdebd1aee95a1b32645a9d513ebd', 1, '2026-01-22 21:42:09', '2026-01-22 21:42:09'),
(541, 1, 1, 2, 2, 2, 2, 4, 33, 1, 20, 114, 9.00, 4.00, 0.00, 4, 0, 4, 4, 0.00, 0.00, 0.00, NULL, 2026, 1, '05ad046da40f9c388894d0cf2c38034efeeb16960b70070ee5497c779f349c2e', 1, '2026-01-22 21:42:09', '2026-01-22 21:42:09'),
(542, 1, 1, 2, 2, 2, 2, 4, 33, 1, 2, 185, 2.00, 0.00, 0.00, 0, 0, 0, 0, 0.00, 0.00, 0.00, NULL, 2026, 1, 'a908a6db24ee165e51d193e38aa15e3bf38a13911bf8f578d1cf0434128918e7', 1, '2026-01-22 21:42:09', '2026-01-22 21:42:09'),
(543, 1, 1, 2, 2, 2, 2, 4, 33, 1, 8, 152, 6.00, 0.00, 0.00, 0, 0, 0, 0, 0.00, 0.00, 0.00, NULL, 2026, 1, 'fde2bc9edef568b08eff73b650f3514c55345867df03550d3e654e53cfcf3f0e', 1, '2026-01-22 21:42:09', '2026-01-22 21:42:09'),
(544, 1, 1, 2, 2, 2, 2, 4, 33, 1, 5, 184, 90.00, 45.00, 0.00, 37, 8, 45, 45, 0.00, 0.00, 0.00, NULL, 2026, 1, '3be97e825dc6ef8694e469a70f1e47df06fe21725f57f9d3321f1ba04f25c40d', 1, '2026-01-22 21:42:09', '2026-01-22 21:42:09'),
(545, 1, 1, 2, 2, 2, 2, 4, 33, 1, 19, 187, 4.00, 0.00, 0.00, 0, 0, 0, 0, 0.00, 0.00, 0.00, NULL, 2026, 1, 'fdf3da9d1fca73034641dae2554e797dd3ac4e562d015c90d2a1a93206b3fa74', 1, '2026-01-22 21:42:09', '2026-01-22 21:42:09'),
(546, 1, 1, 2, 2, 2, 2, 4, 33, 1, 12, 46, 20.00, 16.00, 0.00, 10, 6, 16, 16, 0.00, 0.00, 0.00, NULL, 2026, 1, '2f4ef897d064e88e5cb3466e4c4bfa15f26b6140af6bc7227c95ef764c5691ee', 1, '2026-01-22 21:42:09', '2026-01-22 21:42:09'),
(547, 1, 1, 2, 2, 2, 2, 4, 33, 1, 10, 188, 25.00, 22.00, 0.00, 20, 2, 22, 22, 0.00, 0.00, 0.00, NULL, 2026, 1, 'dceeeac3ff1d084cbf52e365dadecaedb80ae5f1e870786c6a0cb3ed8e72c6a0', 1, '2026-01-22 21:42:09', '2026-01-22 21:42:09'),
(548, 1, 1, 2, 2, 2, 2, 4, 33, 1, 13, 47, 26.00, 26.00, 0.00, 11, 15, 26, 26, 0.00, 0.00, 0.00, NULL, 2026, 1, 'c71cc97f57a8534eef920e4678bbb9becf6103b8a7169898f66dff06dcc7d33a', 1, '2026-01-22 21:42:09', '2026-01-22 21:42:09'),
(549, 1, 1, 2, 2, 2, 2, 4, 33, 1, 22, 121, 9.00, 9.00, 0.00, 9, 0, 9, 9, 0.00, 0.00, 0.00, NULL, 2026, 1, '0af9563deefcff47e49bc35872e9717fb4dbc890df51eda5f36e43198bd7edf5', 1, '2026-01-22 21:42:09', '2026-01-22 21:42:09'),
(550, 1, 1, 2, 2, 2, 2, 4, 34, 1, 2, 205, 3.00, 0.00, 0.00, 0, 0, 0, 0, 22575.00, 0.00, 0.00, NULL, 2026, 1, '41048aab56182e509bf4b23ed15a6ec20da42c3659b6b013dc089c81eee52985', 1, '2026-01-22 21:42:09', '2026-01-22 21:42:09'),
(551, 1, 1, 2, 2, 2, 2, 4, 34, 1, 2, 206, 3.00, 0.00, 0.00, 0, 0, 0, 0, 22575.00, 0.00, 0.00, NULL, 2026, 1, '725cbbfc21ba17ab8082c105ed92adf0998a287c72c5ce150d3575b5e666e0e5', 1, '2026-01-22 21:42:09', '2026-01-22 21:42:09'),
(552, 1, 1, 2, 2, 2, 2, 4, 34, 1, 2, 78, 4.00, 0.00, 0.00, 0, 0, 0, 0, 30101.00, 0.00, 0.00, NULL, 2026, 1, '1817cb1d879beb2e4fffb6c31417745424c2041068167ffd56e77aa09497c7f8', 1, '2026-01-22 21:42:09', '2026-01-22 21:42:09'),
(553, 1, 1, 2, 2, 2, 2, 4, 34, 1, 2, 2, 3.00, 0.00, 0.00, 0, 0, 0, 0, 22576.00, 0.00, 0.00, NULL, 2026, 1, '0d46dd76993536273943f084b5a5a729038de14fec2b68b90c9d71b6ade1ae54', 1, '2026-01-22 21:42:09', '2026-01-22 21:42:09'),
(554, 1, 1, 2, 2, 2, 2, 4, 35, 1, 5, 12, 1.00, 0.00, 0.00, 0, 0, 0, 0, 11761.00, 0.00, 0.00, NULL, 2026, 1, '31e147d7e190c504286dde3cfbd57c2e0594b892a8650576d8888c878239e6ac', 1, '2026-01-22 21:42:09', '2026-01-22 21:42:09'),
(555, 1, 1, 2, 2, 2, 2, 4, 35, 1, 5, 51, 1.00, 0.00, 0.00, 0, 0, 0, 0, 11761.00, 0.00, 0.00, NULL, 2026, 1, '0e18fab5551b2d3d8ccc0e44463416cdcdc7ae6bd7841984a0646322aa51897c', 1, '2026-01-22 21:42:09', '2026-01-22 21:42:09'),
(556, 1, 1, 2, 2, 2, 2, 4, 35, 1, 12, 207, 1.00, 0.00, 0.00, 0, 0, 0, 0, 11761.00, 0.00, 0.00, NULL, 2026, 1, '41bee9563742612196415504d0a9a8bb46f73302a137cc31986bcf2c43ac6729', 1, '2026-01-22 21:42:09', '2026-01-22 21:42:09'),
(557, 1, 1, 2, 2, 2, 2, 4, 35, 1, 12, 192, 1.00, 0.00, 0.00, 0, 0, 0, 0, 11761.00, 0.00, 0.00, NULL, 2026, 1, 'e4712900f4925852d8e3ca088c849424e4ac3e4f858c22e1fdae5661bedf0e5a', 1, '2026-01-22 21:42:09', '2026-01-22 21:42:09'),
(558, 1, 1, 2, 2, 2, 2, 4, 35, 1, 12, 125, 1.00, 0.00, 0.00, 0, 0, 0, 0, 11761.00, 0.00, 0.00, NULL, 2026, 1, '23b74676a9b06d221da14c20590d2a5a090bca8c88da8bd3ef6ab66c77fb4c88', 1, '2026-01-22 21:42:09', '2026-01-22 21:42:09'),
(559, 1, 1, 2, 2, 2, 2, 4, 35, 1, 15, 49, 1.00, 0.00, 0.00, 0, 0, 0, 0, 11761.00, 0.00, 0.00, NULL, 2026, 1, 'd809e1683e79bd25357c463a4ecddca3ff81eb69e24dd998fe8e3b108f453164', 1, '2026-01-22 21:42:09', '2026-01-22 21:42:09'),
(560, 1, 1, 2, 2, 2, 2, 4, 35, 1, 15, 74, 1.00, 0.00, 0.00, 0, 0, 0, 0, 11761.00, 0.00, 0.00, NULL, 2026, 1, '640e076c152c6fe59986f50385471f994c4360c67855a6772641bff9182d9bad', 1, '2026-01-22 21:42:09', '2026-01-22 21:42:09'),
(561, 1, 1, 2, 2, 2, 2, 4, 35, 1, 15, 172, 1.00, 0.00, 0.00, 0, 0, 0, 0, 11761.00, 0.00, 0.00, NULL, 2026, 1, '4d03b90c3a74389996678eea1e49616de8dd5d847163286b46a44a281ba9193d', 1, '2026-01-22 21:42:09', '2026-01-22 21:42:09'),
(562, 1, 1, 2, 2, 2, 2, 4, 35, 1, 15, 173, 2.00, 0.00, 0.00, 0, 0, 0, 0, 23522.00, 0.00, 0.00, NULL, 2026, 1, '997b486335afde2a9273da18dcdda516f112616d404480cd4da917dccfceecac', 1, '2026-01-22 21:42:09', '2026-01-22 21:42:09'),
(563, 1, 1, 2, 2, 2, 2, 4, 35, 1, 14, 48, 1.00, 0.00, 0.00, 0, 0, 0, 0, 11761.00, 0.00, 0.00, NULL, 2026, 1, '7b4a1d791ecb1db60e21372d114ca8e47d5c0f0d813b46f3440e9d3dbaedd554', 1, '2026-01-22 21:42:09', '2026-01-22 21:42:09'),
(564, 1, 1, 2, 2, 2, 2, 4, 35, 1, 14, 193, 1.00, 0.00, 0.00, 0, 0, 0, 0, 11760.00, 0.00, 0.00, NULL, 2026, 1, '832c48529dea358f929a07bc6f7ed4853e2ec7d274e553b4f4589794e356faa9', 1, '2026-01-22 21:42:09', '2026-01-22 21:42:09'),
(565, 1, 1, 2, 2, 2, 2, 4, 36, 1, 18, 110, 192089.00, 0.00, 0.00, 0, 0, 0, 0, 120000000.00, 0.00, 0.00, NULL, 2026, 1, '9dd8049ceabd898292332e558eae42f222992436a13a59677bbd09de94c7ce91', 1, '2026-01-22 21:42:09', '2026-01-22 21:42:09'),
(566, 1, 2, 2, 2, 2, 2, 4, 37, 1, 10, 94, 30.00, 0.00, 0.00, 0, 0, 0, 0, 150000.00, 0.00, 0.00, NULL, 2026, 1, '5b24a931556a2f70127ab79098b62f8025840482294c0688a2365dad32a9e7ef', 1, '2026-01-22 21:42:09', '2026-01-22 21:42:09'),
(567, 1, 2, 2, 2, 2, 2, 4, 38, 1, 8, 92, 40.00, 40.00, 0.00, 28, 12, 40, 40, 145498.20, 113901.00, 0.78, NULL, 2026, 1, 'a168216dc6634c57622b1ab9c1605ae8437080079dab1307e82c85f9ad846b13', 1, '2026-01-22 21:42:09', '2026-01-22 21:42:09'),
(568, 1, 2, 2, 2, 2, 2, 4, 39, 1, 22, 98, 50.00, 0.00, 0.00, 0, 0, 0, 0, 81612.67, 0.00, 0.00, NULL, 2026, 1, '72eda5fb44718c7133400a6fb6cf98000fc37ac1a90def73e7213e50cddb6b5d', 1, '2026-01-22 21:42:09', '2026-01-22 21:42:09'),
(569, 1, 2, 2, 2, 2, 2, 4, 39, 1, 10, 94, 250.00, 0.00, 0.00, 0, 0, 0, 0, 408063.33, 0.00, 0.00, NULL, 2026, 1, '3cd20bb4fab9d4c6c824a1663b780be27a0689141996746f408069b2341017f6', 1, '2026-01-22 21:42:09', '2026-01-22 21:42:09'),
(570, 1, 2, 2, 2, 2, 2, 4, 40, 1, 22, 98, 20.00, 0.00, 0.00, 0, 0, 0, 0, 95650.00, 0.00, 0.00, NULL, 2026, 1, '8f875271f7f81bd7650934b776c01efe186f02ea6bc96e21e7aa0330b7580553', 1, '2026-01-22 21:42:09', '2026-01-22 21:42:09'),
(571, 1, 2, 2, 2, 2, 2, 4, 41, 1, 6, 208, 25.00, 0.00, 0.00, 0, 0, 0, 0, 64250.78, 0.00, 0.00, NULL, 2026, 1, '9ae086f91dfe2d1e730e854dd0d17a7662013f063ebf46c7226b1e9a38cee527', 1, '2026-01-22 21:42:09', '2026-01-22 21:42:09'),
(572, 1, 2, 2, 2, 2, 2, 4, 42, 1, 17, 69, 250.00, 0.00, 0.00, 0, 0, 0, 0, 360100.00, 0.00, 0.00, NULL, 2026, 1, '86a6c2954c67937d41fcc3f293f9d4889c70999b435f00aaabbfafe4f64b533c', 1, '2026-01-22 21:42:09', '2026-01-22 21:42:09'),
(573, 1, 2, 2, 2, 2, 2, 4, 43, 1, 5, 51, 60.00, 0.00, 0.00, 0, 0, 0, 0, 244385.00, 0.00, 0.00, NULL, 2026, 1, '3703e7cb3d9a00c508a94bb8b5ccf86e2ddec961f33d4e4f2973896046ea9482', 1, '2026-01-22 21:42:09', '2026-01-22 21:42:09'),
(574, 1, 2, 2, 2, 2, 2, 4, 44, 1, 8, 64, 234.00, 0.00, 0.00, 0, 0, 0, 0, 219230.00, 0.00, 0.00, NULL, 2026, 1, '7eb6c9d2565bfea41e478d75b810b827f154ef35c8ccdd97ffc9f20fc7e85472', 1, '2026-01-22 21:42:09', '2026-01-22 21:42:09'),
(575, 1, 2, 2, 2, 2, 2, 4, 45, 1, 2, 209, 20.00, 0.00, 0.00, 0, 0, 0, 0, 90034.00, 0.00, 0.00, NULL, 2026, 1, '638d2a09bf3c12e45ca07b6b56ee43e12fce6bc25625646d1eb15c98eca5dc89', 1, '2026-01-22 21:42:09', '2026-01-22 21:42:09'),
(576, 1, 2, 2, 2, 2, 2, 4, 46, 1, 8, 152, 115.00, 0.00, 0.00, 0, 0, 0, 0, 159433.18, 0.00, 0.00, NULL, 2026, 1, '3fdb0807c9db1085d7fcc999ed7641bc34b77e53dc0a7fd276be119d4e799100', 1, '2026-01-22 21:42:09', '2026-01-22 21:42:09'),
(577, 1, 2, 2, 2, 2, 2, 4, 46, 1, 8, 210, 64.00, 0.00, 0.00, 0, 0, 0, 0, 88728.03, 0.00, 0.00, NULL, 2026, 1, '66680faa10e3af714821ad8f6df9e02f97f965af22c361b78b5dfdac4b7e8653', 1, '2026-01-22 21:42:09', '2026-01-22 21:42:09'),
(578, 1, 2, 2, 2, 2, 2, 4, 46, 1, 8, 100, 19.00, 0.00, 0.00, 0, 0, 0, 0, 26341.13, 0.00, 0.00, NULL, 2026, 1, '5a6da7fc0df3836d573bb73eef790bc27cac2d3dfa47a8ca5fd132a6d19c41f6', 1, '2026-01-22 21:42:09', '2026-01-22 21:42:09'),
(579, 1, 2, 2, 2, 2, 2, 4, 46, 1, 8, 169, 63.00, 0.00, 0.00, 0, 0, 0, 0, 87341.66, 0.00, 0.00, NULL, 2026, 1, '2d92aa0ff74698e87b31034a265e5bde592ffcb58b2411a399bbf78a67de868b', 1, '2026-01-22 21:42:09', '2026-01-22 21:42:09'),
(580, 1, 2, 2, 2, 2, 2, 4, 47, 1, 8, 25, 33.00, 0.00, 0.00, 0, 0, 0, 0, 21244.32, 0.00, 0.00, NULL, 2026, 1, '30999fea5beb295529c4c6f466591419f6e045349b0edb3080f10612c415e2ad', 1, '2026-01-22 21:42:09', '2026-01-22 21:42:09'),
(581, 1, 2, 2, 2, 2, 2, 4, 47, 1, 8, 153, 50.00, 0.00, 0.00, 0, 0, 0, 0, 32188.36, 0.00, 0.00, NULL, 2026, 1, 'f4ee8534a21169581f67c2019fcb65b942be5345e9a42b4139f5308ca3191306', 1, '2026-01-22 21:42:09', '2026-01-22 21:42:09'),
(582, 1, 2, 2, 2, 2, 2, 4, 47, 1, 8, 101, 45.00, 0.00, 0.00, 0, 0, 0, 0, 28969.53, 0.00, 0.00, NULL, 2026, 1, '4f1eec636a410c5b2fb63f2a51ca05a17d6333c26c43a46ae273dc73c64496b6', 1, '2026-01-22 21:42:09', '2026-01-22 21:42:09'),
(583, 1, 2, 2, 2, 2, 2, 4, 47, 1, 6, 17, 20.00, 0.00, 0.00, 0, 0, 0, 0, 12875.35, 0.00, 0.00, NULL, 2026, 1, '27398dd1126adef2ca76483b6f479800d2ccdfdfb9e5db6e360f70aead1122da', 1, '2026-01-22 21:42:09', '2026-01-22 21:42:09'),
(584, 1, 2, 2, 2, 2, 2, 4, 47, 1, 6, 211, 39.00, 0.00, 0.00, 0, 0, 0, 0, 25106.92, 0.00, 0.00, NULL, 2026, 1, '6ebe4ce9d5cd592e31382bb36877a178a3db77711c1e946056658e92a1308373', 1, '2026-01-22 21:42:09', '2026-01-22 21:42:09'),
(585, 1, 2, 2, 2, 2, 2, 4, 47, 1, 6, 212, 200.00, 0.00, 0.00, 0, 0, 0, 0, 128753.45, 0.00, 0.00, NULL, 2026, 1, 'b11ae5efbca5d05630387b10fac4f2e6bc67d09a21c09e594ac6b322e4f9edec', 1, '2026-01-22 21:42:09', '2026-01-22 21:42:09'),
(586, 1, 2, 2, 2, 2, 2, 4, 47, 1, 6, 18, 45.00, 0.00, 0.00, 0, 0, 0, 0, 28969.53, 0.00, 0.00, NULL, 2026, 1, 'ee6df430282c400608f52fb4a280e63c92234bc3adcf6c9676f1883709309b34', 1, '2026-01-22 21:42:09', '2026-01-22 21:42:09'),
(587, 1, 2, 2, 2, 2, 2, 4, 47, 1, 6, 19, 25.00, 0.00, 0.00, 0, 0, 0, 0, 16094.18, 0.00, 0.00, NULL, 2026, 1, '031d296e4e0b1bb32cfb08635ef8c50b23f44c1abd215cd30a00bc1a0c42fc52', 1, '2026-01-22 21:42:09', '2026-01-22 21:42:09'),
(588, 1, 2, 2, 2, 2, 2, 4, 47, 1, 6, 84, 23.00, 0.00, 0.00, 0, 0, 0, 0, 14806.65, 0.00, 0.00, NULL, 2026, 1, 'e4a8d46322cc2810ea99c6c2cafcc2848c7956f5d9d1f6b33b1c151d187b6db9', 1, '2026-01-22 21:42:09', '2026-01-22 21:42:09'),
(589, 1, 2, 2, 2, 2, 2, 4, 48, 1, 22, 98, 40.00, 0.00, 0.00, 0, 0, 0, 0, 215000.00, 0.00, 0.00, NULL, 2026, 1, '46075a7fe3f91dbd48d7e820cdfa7c0ba06e917e1b6cf5dd3e1381297f072e89', 1, '2026-01-22 21:42:09', '2026-01-22 21:42:09'),
(590, 1, 2, 2, 2, 2, 2, 4, 49, 1, 8, 29, 16.00, 0.00, 0.00, 0, 0, 0, 0, 342323.73, 0.00, 0.00, NULL, 2026, 1, '9f4187eec2fb20471eb8f767275ef79ee7502e35af7dfd5de951090cdb2276b2', 1, '2026-01-22 21:42:09', '2026-01-22 21:42:09'),
(591, 1, 2, 2, 2, 2, 2, 4, 50, 1, 8, 152, 70.00, 0.00, 0.00, 0, 0, 0, 0, 413000.00, 0.00, 0.00, NULL, 2026, 1, 'b9b2dd31018d8a7268ba28c51dab2929584cfb7973871bec5339204943bba2d1', 1, '2026-01-22 21:42:09', '2026-01-22 21:42:09'),
(592, 1, 2, 2, 2, 2, 2, 4, 51, 1, 5, 51, 14.00, 14.00, 0.00, 14, 0, 14, 14, 13405.66, 13405.66, 1.00, NULL, 2026, 1, 'de116f9283156994d186fdb533eaeefe3deead6ddcf4cf525d73442f3a7643d3', 1, '2026-01-22 21:42:09', '2026-01-22 21:42:09'),
(593, 1, 2, 2, 2, 2, 2, 4, 51, 1, 22, 98, 20.00, 20.00, 0.00, 10, 10, 20, 20, 19150.94, 19150.94, 1.00, NULL, 2026, 1, 'da603ee571a9b2e5aec067e2e7b33afef75ab46967e81f8126315c0fb67ba327', 1, '2026-01-22 21:42:09', '2026-01-22 21:42:09'),
(594, 1, 2, 2, 2, 2, 2, 4, 51, 1, 8, 24, 31.00, 31.00, 0.00, 22, 9, 31, 31, 64538.68, 64538.68, 1.00, NULL, 2026, 1, '1374b7179b70eece49ad426663f8ee54c98b8d8cf5ca163f83b74523f7a5a83d', 1, '2026-01-22 21:42:09', '2026-01-22 21:42:09'),
(595, 1, 2, 2, 2, 2, 2, 4, 51, 1, 8, 92, 9.00, 9.00, 0.00, 9, 0, 9, 9, 8617.92, 8617.92, 1.00, NULL, 2026, 1, 'a8851e1be78369017845a8116b76abebf0632e8671234484ce14f7faf64f79a6', 1, '2026-01-22 21:42:09', '2026-01-22 21:42:09'),
(596, 1, 2, 2, 2, 2, 2, 4, 51, 1, 22, 121, 47.00, 47.00, 0.00, 35, 12, 47, 47, 97286.80, 97286.80, 1.00, NULL, 2026, 1, 'd53357d4f417b0984dd7fbfe6a8cf8de2a7f2925f366c8978c7a285cb386dcea', 1, '2026-01-22 21:42:09', '2026-01-22 21:42:09'),
(597, 1, 2, 2, 2, 2, 2, 4, 51, 1, 18, 110, 221.00, 0.00, 0.00, 0, 0, 0, 0, 0.00, 0.00, 0.00, NULL, 2026, 1, 'e2285d343266af51299207d77192baee80dc8684cd44f991584dacb001ff89fa', 1, '2026-01-22 21:42:09', '2026-01-22 21:42:09'),
(598, 1, 2, 2, 2, 3, 3, 5, 52, 1, 18, 110, 63.00, 63.00, 0.00, 31, 32, 63, 63, 34572.67, 34572.67, 1.00, NULL, 2026, 1, '689d6327f2cf1be88c8f79698d7734534228042ca81739b9ba43c601ac049d5d', 1, '2026-01-22 21:42:09', '2026-01-22 21:42:09'),
(599, 1, 2, 2, 2, 3, 3, 5, 52, 1, 18, 213, 137.00, 137.00, 0.00, 20, 117, 137, 137, 75181.85, 75181.85, 1.00, NULL, 2026, 1, '8f1db000d319a278eea6c857b75393294bc4cf850d57c96e5d97cbb911ff337b', 1, '2026-01-22 21:42:09', '2026-01-22 21:42:09'),
(600, 1, 2, 2, 2, 3, 3, 5, 52, 1, 18, 183, 2.00, 2.00, 0.00, 1, 1, 2, 2, 1097.54, 1097.54, 1.00, NULL, 2026, 1, '2f8c08aa12bc5f1f0279cdb7cae968d7e9ce4d57d2928e7f470d471ff969b3cf', 1, '2026-01-22 21:42:09', '2026-01-22 21:42:09'),
(601, 1, 2, 2, 2, 3, 3, 5, 52, 1, 18, 214, 15.00, 15.00, 0.00, 2, 13, 15, 15, 8231.59, 8231.59, 1.00, NULL, 2026, 1, '0c6cffb6fbdecad2396d37ae0bd9ad98650b313a7172b4bf22f7e9e5ae2dfa3c', 1, '2026-01-22 21:42:09', '2026-01-22 21:42:09'),
(602, 1, 2, 2, 2, 3, 3, 5, 52, 1, 18, 215, 84.00, 84.00, 0.00, 28, 56, 84, 84, 46096.89, 46096.89, 1.00, NULL, 2026, 1, 'c6a6538e8e1d34d296abac3258ceca18cb29c22cae65179d907cb6f7d183c3d8', 1, '2026-01-22 21:42:09', '2026-01-22 21:42:09'),
(603, 1, 2, 2, 2, 3, 3, 5, 52, 1, 18, 216, 73.00, 73.00, 0.00, 51, 22, 73, 73, 40060.39, 40060.39, 1.00, NULL, 2026, 1, '1e7597ff29a430c6eed37f161f23cf9ed11c8ab8a836cf44d032512769b89a37', 1, '2026-01-22 21:42:09', '2026-01-22 21:42:09'),
(604, 1, 2, 2, 2, 3, 3, 5, 52, 1, 18, 217, 129.00, 129.00, 0.00, 37, 92, 129, 129, 70791.65, 70791.65, 1.00, NULL, 2026, 1, 'd3c226e84151f11db244878f5618fb253c272afab16ded404d98dbb123fb1279', 1, '2026-01-22 21:42:09', '2026-01-22 21:42:09'),
(605, 1, 2, 2, 2, 3, 3, 5, 52, 1, 18, 218, 56.00, 56.00, 0.00, 55, 1, 56, 56, 30731.26, 30731.26, 1.00, NULL, 2026, 1, '064ef9ba6d2faf129c33baa52dac4b95816f2e8997aa6c76d60259c1c94263fc', 1, '2026-01-22 21:42:09', '2026-01-22 21:42:09'),
(606, 1, 2, 2, 2, 3, 3, 5, 52, 1, 18, 219, 83.00, 83.00, 0.00, 48, 35, 83, 83, 45548.12, 45548.12, 1.00, NULL, 2026, 1, '924735b45b87960dacce86c4ed662797a67ecb124281e4c3d570bc93cc433c56', 1, '2026-01-22 21:42:09', '2026-01-22 21:42:09'),
(607, 1, 2, 2, 2, 3, 3, 5, 52, 1, 18, 220, 20.00, 20.00, 0.00, 13, 7, 20, 20, 10975.45, 10975.45, 1.00, NULL, 2026, 1, '2123b0fb611698b90700364c068463f454a321a448e23b0edbc773b9519c0170', 1, '2026-01-22 21:42:09', '2026-01-22 21:42:09'),
(608, 1, 2, 2, 2, 3, 3, 5, 52, 1, 18, 221, 263.00, 263.00, 0.00, 11, 252, 263, 263, 144327.16, 144327.16, 1.00, NULL, 2026, 1, 'e157965d1c8004c9ff1c01f814a70a2147ca7eaf1ef9c577dee9644759012f1f', 1, '2026-01-22 21:42:09', '2026-01-22 21:42:09'),
(609, 1, 2, 2, 2, 3, 3, 5, 52, 1, 18, 222, 103.00, 103.00, 0.00, 84, 19, 103, 103, 56523.56, 56523.56, 1.00, NULL, 2026, 1, 'f7b3caf9a5da3976a4f2292e03c39d09e712c07cb6e1df88e340d0fc539d1354', 1, '2026-01-22 21:42:09', '2026-01-22 21:42:09'),
(610, 1, 2, 2, 2, 3, 3, 5, 52, 1, 18, 223, 42.00, 42.00, 0.00, 11, 31, 42, 42, 23048.44, 23048.44, 1.00, NULL, 2026, 1, 'e6cdb80ffa684b7a33fca8a44d4abea35a01ccaab5bfdc4fe4b9e21bfcc0fcf4', 1, '2026-01-22 21:42:09', '2026-01-22 21:42:09'),
(611, 1, 2, 2, 2, 3, 3, 5, 52, 1, 18, 224, 44.00, 44.00, 0.00, 15, 29, 44, 44, 24145.99, 24145.99, 1.00, NULL, 2026, 1, '02244c5cec27618939b1e01abc4f758edeb8914762a9563a08803ea0bfc942cb', 1, '2026-01-22 21:42:09', '2026-01-22 21:42:09'),
(612, 1, 2, 2, 2, 3, 3, 5, 52, 1, 18, 76, 168.00, 168.00, 0.00, 33, 135, 168, 168, 92193.78, 92193.78, 1.00, NULL, 2026, 1, 'aa07a2348165b919fb8189a6d8173eadb8edb6b592c41ac657c84920de9be451', 1, '2026-01-22 21:42:09', '2026-01-22 21:42:09'),
(613, 1, 2, 2, 2, 3, 3, 5, 52, 1, 18, 225, 15.00, 15.00, 0.00, 15, 0, 15, 15, 8231.59, 8231.59, 1.00, NULL, 2026, 1, '70d8b89db26c81eb4e18e81a05e39d06621e8d1e7afec7b5e07aa54adea16cf0', 1, '2026-01-22 21:42:09', '2026-01-22 21:42:09'),
(614, 1, 2, 2, 2, 3, 3, 5, 52, 1, 1, 1, 180.00, 180.00, 0.00, 61, 119, 180, 180, 98779.04, 98779.04, 1.00, NULL, 2026, 1, '76a7fb8683e95d552a5b88822967922adfeb36636cddcd9e7cdd830308fea1b0', 1, '2026-01-22 21:42:09', '2026-01-22 21:42:09'),
(615, 1, 2, 2, 2, 3, 3, 5, 52, 1, 1, 45, 129.00, 129.00, 0.00, 23, 106, 129, 129, 70791.65, 70791.65, 1.00, NULL, 2026, 1, '6581a80d422b012ad6b3f24449fa418b2e72e34070c7478760a8a77f517646f9', 1, '2026-01-22 21:42:09', '2026-01-22 21:42:09'),
(616, 1, 2, 2, 2, 3, 3, 5, 52, 1, 1, 54, 234.00, 234.00, 0.00, 163, 71, 234, 234, 128412.76, 128412.76, 1.00, NULL, 2026, 1, '2870ef09a916bbb7a85da478c90376e2a53ae61a8cae648037eb96120c42bebb', 1, '2026-01-22 21:42:09', '2026-01-22 21:42:09'),
(617, 1, 2, 2, 2, 3, 3, 5, 52, 1, 1, 55, 481.00, 481.00, 0.00, 156, 325, 481, 1, 263959.56, 263959.56, 1.00, NULL, 2026, 1, 'd2b9a06a814c4683238e2381c4fc0a7387a79c11f8387364ec5ac70115202740', 1, '2026-01-22 21:42:09', '2026-01-22 21:42:09'),
(618, 1, 2, 2, 2, 3, 3, 5, 52, 1, 1, 226, 197.00, 197.00, 0.00, 95, 102, 197, 197, 108108.18, 108108.18, 1.00, NULL, 2026, 1, '149f5e188ea015e9cf0fc8f2c3a0b7a579dc5c32f2fddea7f82e4f1a5554133c', 1, '2026-01-22 21:42:09', '2026-01-22 21:42:09'),
(619, 1, 2, 2, 2, 3, 3, 5, 52, 1, 1, 56, 77.00, 77.00, 0.00, 46, 31, 77, 77, 42255.48, 42255.48, 1.00, NULL, 2026, 1, '704c14b7fb74b3b2c29c81c172f9ae14f9a81fa770a256cd385a20851e112eeb', 1, '2026-01-22 21:42:09', '2026-01-22 21:42:09'),
(620, 1, 2, 2, 2, 3, 3, 5, 52, 1, 1, 227, 303.00, 303.00, 0.00, 89, 214, 303, 2, 166278.06, 166278.06, 1.00, NULL, 2026, 1, 'ec668420da399484463957bb77b7f23cf8951b35b8fc1ee873f8a05b44d6d1ee', 1, '2026-01-22 21:42:09', '2026-01-22 21:42:09'),
(621, 1, 2, 2, 2, 3, 3, 5, 52, 1, 1, 57, 120.00, 120.00, 0.00, 24, 96, 120, 120, 65852.70, 65852.70, 1.00, NULL, 2026, 1, '96d0310626cd85298042cedd4e52c4ff95608f99a4bc22dccb60b092418e9bf3', 1, '2026-01-22 21:42:09', '2026-01-22 21:42:09'),
(622, 1, 2, 2, 2, 3, 3, 5, 52, 1, 2, 228, 141.00, 141.00, 0.00, 5, 136, 141, 141, 77376.92, 77376.92, 1.00, NULL, 2026, 1, '4c1546dfb936b6b8a6ea4c82ce7ad159ca7315c07282456254af2834128055e8', 1, '2026-01-22 21:42:09', '2026-01-22 21:42:09'),
(623, 1, 2, 2, 2, 3, 3, 5, 52, 1, 2, 185, 50.00, 50.00, 0.00, 31, 19, 50, 50, 27438.62, 27438.62, 1.00, NULL, 2026, 1, 'fe9a90934a61c10040ffa2fca199728b1bc729c36168563fac199aecacf3e9a5', 1, '2026-01-22 21:42:09', '2026-01-22 21:42:09'),
(624, 1, 2, 2, 2, 3, 3, 5, 52, 1, 2, 78, 99.00, 99.00, 0.00, 24, 75, 99, 99, 54328.47, 54328.47, 1.00, NULL, 2026, 1, 'ac1b406bfbc89f8b1fd7ce849b9e334540b3b5121ad1205e5ad03d74847c730f', 1, '2026-01-22 21:42:09', '2026-01-22 21:42:09'),
(625, 1, 2, 2, 2, 3, 3, 5, 52, 1, 2, 229, 25.00, 25.00, 0.00, 9, 16, 25, 25, 13719.31, 13719.31, 1.00, NULL, 2026, 1, 'a9ce774956216fd6efadeebc6941ec71f196c50ad05ac0d62171ad80e6419e07', 1, '2026-01-22 21:42:09', '2026-01-22 21:42:09'),
(626, 1, 2, 2, 2, 3, 3, 5, 52, 1, 2, 230, 50.00, 50.00, 0.00, 37, 13, 50, 50, 27438.62, 27438.62, 1.00, NULL, 2026, 1, '07a79dd6f74b0e1dbf8d9d8cf2b889f59771bf6696ae05ff6385dce8b4e21f13', 1, '2026-01-22 21:42:09', '2026-01-22 21:42:09'),
(627, 1, 2, 2, 2, 3, 3, 5, 52, 1, 2, 58, 60.00, 60.00, 0.00, 36, 24, 60, 60, 32926.35, 32926.35, 1.00, NULL, 2026, 1, '2aeb634b2e1e7f7a76222d453057ab05a4f938e08b6c3834b9bc74c2ae16f5f7', 1, '2026-01-22 21:42:09', '2026-01-22 21:42:09'),
(628, 1, 2, 2, 2, 3, 3, 5, 52, 1, 2, 2, 38.00, 38.00, 0.00, 18, 20, 38, 38, 20853.35, 20853.35, 1.00, NULL, 2026, 1, '377bf8c720cf7e214abaf32dddcfc96f2eafd77355a5ee061053c2289e4b5059', 1, '2026-01-22 21:42:09', '2026-01-22 21:42:09'),
(629, 1, 2, 2, 2, 3, 3, 5, 52, 1, 2, 209, 50.00, 50.00, 0.00, 7, 43, 50, 50, 27438.62, 27438.62, 1.00, NULL, 2026, 1, 'aca1869e24c0e690513e540271ec693f8845d4962aa8c32f15777f2a700f59c3', 1, '2026-01-22 21:42:09', '2026-01-22 21:42:09'),
(630, 1, 2, 2, 2, 3, 3, 5, 52, 1, 2, 231, 34.00, 34.00, 0.00, 17, 17, 34, 34, 18658.26, 18658.26, 1.00, NULL, 2026, 1, '0f7e33688e3a806d1db64404ba5ae620f0c08fd22cf5143c5e815fe7feed4e7c', 1, '2026-01-22 21:42:09', '2026-01-22 21:42:09'),
(631, 1, 2, 2, 2, 3, 3, 5, 52, 1, 2, 79, 72.00, 72.00, 0.00, 34, 38, 72, 72, 39511.62, 39511.62, 1.00, NULL, 2026, 1, '5634339b6a2c5f5d51d65c1222f9b33188a8d16c0ef8a1dbdaf8cb0849af266b', 1, '2026-01-22 21:42:09', '2026-01-22 21:42:09'),
(632, 1, 2, 2, 2, 3, 3, 5, 52, 1, 2, 232, 26.00, 26.00, 0.00, 10, 16, 26, 26, 14268.08, 14268.08, 1.00, NULL, 2026, 1, '15788f58240580680ec145e26cf6e9171ac904b4dfac89760ffe58e71b871961', 1, '2026-01-22 21:42:09', '2026-01-22 21:42:09'),
(633, 1, 2, 2, 2, 3, 3, 5, 52, 1, 2, 77, 45.00, 45.00, 0.00, 15, 30, 45, 45, 24694.76, 24694.76, 1.00, NULL, 2026, 1, '97f8537320459485daedb51b7f09b1b472901097e9cafe82c9bf6465d2604ea3', 1, '2026-01-22 21:42:09', '2026-01-22 21:42:09'),
(634, 1, 2, 2, 2, 3, 3, 5, 52, 1, 2, 206, 165.00, 165.00, 0.00, 49, 116, 165, 165, 90547.46, 90547.46, 1.00, NULL, 2026, 1, '87132b94bc94c6ec429976de2942a7e8203f33467749275f331d9b4dfc16fb9a', 1, '2026-01-22 21:42:09', '2026-01-22 21:42:09'),
(635, 1, 2, 2, 2, 3, 3, 5, 52, 1, 2, 233, 149.00, 149.00, 0.00, 69, 80, 149, 149, 81767.10, 81767.10, 1.00, NULL, 2026, 1, '710c926b078d6478904bb9d7ff3c87c83cc0528bd28fe800311dc80d28df0f3d', 1, '2026-01-22 21:42:09', '2026-01-22 21:42:09'),
(636, 1, 2, 2, 2, 3, 3, 5, 52, 1, 2, 234, 50.00, 50.00, 0.00, 13, 37, 50, 50, 27438.62, 27438.62, 1.00, NULL, 2026, 1, '8a583560179d75495d1c81b2acaea957943decd3a36908181bb32617faf70fbc', 1, '2026-01-22 21:42:09', '2026-01-22 21:42:09'),
(637, 1, 2, 2, 2, 3, 3, 5, 52, 1, 2, 205, 192.00, 192.00, 0.00, 25, 167, 192, 192, 105364.31, 105364.31, 1.00, NULL, 2026, 1, '44d4b07c389d1ed1d70da18389d22df7466766af70938a104431b3d63fb54813', 1, '2026-01-22 21:42:09', '2026-01-22 21:42:09'),
(638, 1, 2, 2, 2, 3, 3, 5, 52, 1, 3, 9, 133.00, 133.00, 0.00, 34, 99, 133, 133, 72986.74, 72986.74, 1.00, NULL, 2026, 1, '4ec62c231abc2c56b20636040fcbe9a25d71b5727cb0a21370303e62b3a3634e', 1, '2026-01-22 21:42:09', '2026-01-22 21:42:09'),
(639, 1, 2, 2, 2, 3, 3, 5, 52, 1, 3, 3, 148.00, 148.00, 0.00, 12, 136, 148, 148, 81218.33, 81218.33, 1.00, NULL, 2026, 1, 'fa0c0385f868a3886b0567aededb878345ba1616eb5e748cec6e8e55f0a4ec85', 1, '2026-01-22 21:42:09', '2026-01-22 21:42:09'),
(640, 1, 2, 2, 2, 3, 3, 5, 52, 1, 3, 4, 218.00, 218.00, 0.00, 14, 204, 218, 218, 119632.40, 119632.40, 1.00, NULL, 2026, 1, '24119dde5be8d0be95db75670d4cf93ba31576dadbedb319992f1c5df54c59f3', 1, '2026-01-22 21:42:09', '2026-01-22 21:42:09'),
(641, 1, 2, 2, 2, 3, 3, 5, 52, 1, 3, 235, 36.00, 36.00, 0.00, 5, 31, 36, 36, 19755.81, 19755.81, 1.00, NULL, 2026, 1, '659166a8b97e95f0630a9cf87a936813812461580dcc0fdede7705eb96bde35e', 1, '2026-01-22 21:42:09', '2026-01-22 21:42:09'),
(642, 1, 2, 2, 2, 3, 3, 5, 52, 1, 3, 82, 64.00, 64.00, 0.00, 33, 31, 64, 64, 35121.44, 35121.44, 1.00, NULL, 2026, 1, '745458a1784c3359064e03b38c26d3fb4c47ca93d9dce1edb107aa1198dd9209', 1, '2026-01-22 21:42:09', '2026-01-22 21:42:09'),
(643, 1, 2, 2, 2, 3, 3, 5, 52, 1, 3, 8, 168.00, 168.00, 0.00, 67, 101, 168, 1, 92193.78, 92193.78, 1.00, NULL, 2026, 1, 'b17efe9eac208ad81cc2da7642a5d6f0469a3819f42162a9b66decf80e042c62', 1, '2026-01-22 21:42:09', '2026-01-22 21:42:09'),
(644, 1, 2, 2, 2, 3, 3, 5, 52, 1, 3, 7, 306.00, 306.00, 0.00, 96, 210, 306, 306, 167924.38, 167924.38, 1.00, NULL, 2026, 1, '89a90a5f7c3041a8c2af532d4a5603388d676138335993ee4a58dd4922d53622', 1, '2026-01-22 21:42:09', '2026-01-22 21:42:09'),
(645, 1, 2, 2, 2, 3, 3, 5, 52, 1, 3, 236, 30.00, 30.00, 0.00, 15, 15, 30, 30, 16463.17, 16463.17, 1.00, NULL, 2026, 1, '96c3996d41abacac3adcf4164c9219f71da52aaaa0ee4b1289482214341f2514', 1, '2026-01-22 21:42:09', '2026-01-22 21:42:09'),
(646, 1, 2, 2, 2, 3, 3, 5, 52, 1, 3, 99, 135.00, 135.00, 0.00, 27, 108, 135, 135, 74084.28, 74084.28, 1.00, NULL, 2026, 1, 'c18a33171d6cb97138948ad0b2229cdd108a28d475c885f71e95b2fa31c8b819', 1, '2026-01-22 21:42:09', '2026-01-22 21:42:09'),
(647, 1, 2, 2, 2, 3, 3, 5, 52, 1, 3, 80, 136.00, 136.00, 0.00, 15, 121, 136, 136, 74633.06, 74633.06, 1.00, NULL, 2026, 1, 'fd46c25d5ee220116ad10abcdd158672ff267842f1433852704696230dc67eed', 1, '2026-01-22 21:42:09', '2026-01-22 21:42:09'),
(648, 1, 2, 2, 2, 3, 3, 5, 52, 1, 3, 81, 236.00, 236.00, 0.00, 4, 232, 236, 236, 129510.30, 129510.30, 1.00, NULL, 2026, 1, 'c001146f32396360c58e2becdf7f0ba589fdaf9748493743eb9be8c6f20864e8', 1, '2026-01-22 21:42:09', '2026-01-22 21:42:09'),
(649, 1, 2, 2, 2, 3, 3, 5, 52, 1, 3, 237, 180.00, 180.00, 0.00, 75, 105, 180, 180, 98779.04, 98779.04, 1.00, NULL, 2026, 1, '8a2adf8e0c10f04d50750c27719afe9cd78d78bdad194e146b3b93c01651e800', 1, '2026-01-22 21:42:09', '2026-01-22 21:42:09'),
(650, 1, 2, 2, 2, 3, 3, 5, 52, 1, 3, 5, 76.00, 76.00, 0.00, 51, 25, 76, 76, 41706.71, 41706.71, 1.00, NULL, 2026, 1, 'e0af1f805fa82d5fc043537a6d0c1a4dd898444ad93eb39438f75e71b1402897', 1, '2026-01-22 21:42:09', '2026-01-22 21:42:09'),
(651, 1, 2, 2, 2, 3, 3, 5, 52, 1, 3, 140, 83.00, 83.00, 0.00, 21, 62, 83, 83, 45548.12, 45548.12, 1.00, NULL, 2026, 1, 'd13246f1fe954835569744c2c4560e4c6738f4e6ac8e670f4a7d77274335524a', 1, '2026-01-22 21:42:09', '2026-01-22 21:42:09'),
(652, 1, 2, 2, 2, 3, 3, 5, 52, 1, 3, 6, 366.00, 366.00, 0.00, 27, 339, 366, 366, 200850.72, 200850.72, 1.00, NULL, 2026, 1, 'ab96413520a2e4f420429a4027bbe97ba794e6285d37fd0d25b1ee8d1491e874', 1, '2026-01-22 21:42:09', '2026-01-22 21:42:09'),
(653, 1, 2, 2, 2, 3, 3, 5, 52, 1, 3, 10, 60.00, 60.00, 0.00, 15, 45, 60, 60, 32926.35, 32926.35, 1.00, NULL, 2026, 1, '11415ff97fef0ad94b4588d53fe1bc82589365d8ad3eaeae638653486ddfc4db', 1, '2026-01-22 21:42:09', '2026-01-22 21:42:09'),
(654, 1, 2, 2, 2, 3, 3, 5, 52, 1, 4, 204, 173.00, 173.00, 0.00, 72, 101, 173, 173, 94937.64, 94937.64, 1.00, NULL, 2026, 1, 'd532f7163e3eed16be995abc93a66934b95f78a7f87db23a6cf91811701d8615', 1, '2026-01-22 21:42:09', '2026-01-22 21:42:09'),
(655, 1, 2, 2, 2, 3, 3, 5, 52, 1, 4, 238, 183.00, 183.00, 0.00, 83, 100, 183, 183, 100425.36, 100425.36, 1.00, NULL, 2026, 1, '4523b7fadca977319b629374655b8a3a086804af5eafc80a1a6f0ab4fbf867ed', 1, '2026-01-22 21:42:09', '2026-01-22 21:42:09'),
(656, 1, 2, 2, 2, 3, 3, 5, 52, 1, 4, 239, 159.00, 159.00, 0.00, 97, 62, 159, 1, 87254.82, 87254.82, 1.00, NULL, 2026, 1, '82a2d39b9d7dc7df142189b3210043e870b634b6451072100ff537753a98959f', 1, '2026-01-22 21:42:09', '2026-01-22 21:42:09');
INSERT INTO `datos_vider` (`id`, `unidad_ejecutora_id`, `dependencia_id`, `programa_id`, `subprograma_id`, `actividad_id`, `producto_id`, `subproducto_id`, `intervencion_id`, `medida_id`, `departamento_id`, `municipio_id`, `programado`, `ejecutado`, `porcentaje_ejecucion`, `hombres`, `mujeres`, `total_personas`, `beneficiarios`, `vigente_financiera`, `financiera_ejecutado`, `financiera_porcentaje`, `periodo`, `anio`, `mes`, `hash_registro`, `importacion_id`, `created_at`, `updated_at`) VALUES
(657, 1, 2, 2, 2, 3, 3, 5, 52, 1, 4, 240, 226.00, 226.00, 0.00, 93, 133, 226, 226, 124022.58, 124022.58, 1.00, NULL, 2026, 1, 'f96f1ac0ce0a5f0562b66f73acee860015fc4d2cb04c0b17093825e2b70ee15a', 1, '2026-01-22 21:42:09', '2026-01-22 21:42:09'),
(658, 1, 2, 2, 2, 3, 3, 5, 52, 1, 4, 241, 98.00, 98.00, 0.00, 76, 22, 98, 98, 53779.70, 53779.70, 1.00, NULL, 2026, 1, '1c4a9d53a6acf780c9963107a01d4973f8639b18de962e711e6872d941dbac7c', 1, '2026-01-22 21:42:09', '2026-01-22 21:42:09'),
(659, 1, 2, 2, 2, 3, 3, 5, 52, 1, 4, 11, 192.00, 192.00, 0.00, 120, 72, 192, 192, 105364.31, 105364.31, 1.00, NULL, 2026, 1, '18833ecdea344984fe4c493f3198e9d03534f915f803f89427f541feec03157e', 1, '2026-01-22 21:42:09', '2026-01-22 21:42:09'),
(660, 1, 2, 2, 2, 3, 3, 5, 52, 1, 4, 111, 168.00, 168.00, 0.00, 112, 56, 168, 168, 92193.78, 92193.78, 1.00, NULL, 2026, 1, '7d5235887193a4f1a93ecc6eeb3a11f26bea350a4ad6570813718a6ac8709cc2', 1, '2026-01-22 21:42:09', '2026-01-22 21:42:09'),
(661, 1, 2, 2, 2, 3, 3, 5, 52, 1, 4, 242, 252.00, 252.00, 0.00, 128, 124, 252, 252, 138290.66, 138290.66, 1.00, NULL, 2026, 1, 'f2214b634367c83dc1234f5d5f6a6bcde27bfd4965748173d1dc4ff11c63c915', 1, '2026-01-22 21:42:09', '2026-01-22 21:42:09'),
(662, 1, 2, 2, 2, 3, 3, 5, 52, 1, 4, 243, 197.00, 197.00, 0.00, 85, 112, 197, 197, 108108.18, 108108.18, 1.00, NULL, 2026, 1, 'bf7e4796ff02a5840706819e689456464750bbfeb198de4b3654bf386cad41c4', 1, '2026-01-22 21:42:09', '2026-01-22 21:42:09'),
(663, 1, 2, 2, 2, 3, 3, 5, 52, 1, 4, 244, 167.00, 167.00, 0.00, 114, 53, 167, 167, 91645.00, 91645.00, 1.00, NULL, 2026, 1, '549d30832e6dcc927a256c8da828b511e48aa7b920d56c3965ab36fb3f2051f3', 1, '2026-01-22 21:42:09', '2026-01-22 21:42:09'),
(664, 1, 2, 2, 2, 3, 3, 5, 52, 1, 4, 245, 235.00, 235.00, 0.00, 142, 93, 235, 1, 128961.53, 128961.53, 1.00, NULL, 2026, 1, '29f7e444e9e66ecfbeb54aa6fb462915c5bf5b4bccede47317c6e3eae7104722', 1, '2026-01-22 21:42:09', '2026-01-22 21:42:09'),
(665, 1, 2, 2, 2, 3, 3, 5, 52, 1, 4, 246, 22.00, 22.00, 0.00, 19, 3, 22, 22, 12072.99, 12072.99, 1.00, NULL, 2026, 1, '624364220881788b0b20080e8c7ceeda79d67defbccd3b29ce49e72e17ca411a', 1, '2026-01-22 21:42:09', '2026-01-22 21:42:09'),
(666, 1, 2, 2, 2, 3, 3, 5, 52, 1, 4, 247, 205.00, 205.00, 0.00, 157, 48, 205, 205, 112498.36, 112498.36, 1.00, NULL, 2026, 1, '6a6aab2214f39d6bb4c02bc0315767fa017507f44c70be107a55136ceca9ccef', 1, '2026-01-22 21:42:09', '2026-01-22 21:42:09'),
(667, 1, 2, 2, 2, 3, 3, 5, 52, 1, 4, 248, 230.00, 230.00, 0.00, 71, 159, 230, 230, 126217.67, 126217.67, 1.00, NULL, 2026, 1, 'be41fd8997503e4ba1dcd5825fabb56401e356f3f4faee88e41a71700ee8f627', 1, '2026-01-22 21:42:09', '2026-01-22 21:42:09'),
(668, 1, 2, 2, 2, 3, 3, 5, 52, 1, 5, 159, 245.00, 245.00, 0.00, 83, 162, 245, 245, 134449.26, 134449.26, 1.00, NULL, 2026, 1, '3396cc6119cfc99ae3d4a81ec99c89856285556e9ce4b05b84a4a055257d4b97', 1, '2026-01-22 21:42:09', '2026-01-22 21:42:09'),
(669, 1, 2, 2, 2, 3, 3, 5, 52, 1, 5, 51, 247.00, 247.00, 0.00, 37, 210, 247, 247, 135546.80, 135546.80, 1.00, NULL, 2026, 1, '9e588b57ae0f63a0eb865000552cc0b129d60ecb94456a7bf1edfa047892860f', 1, '2026-01-22 21:42:09', '2026-01-22 21:42:09'),
(670, 1, 2, 2, 2, 3, 3, 5, 52, 1, 5, 249, 344.00, 344.00, 0.00, 79, 265, 344, 344, 188777.73, 188777.73, 1.00, NULL, 2026, 1, '00128ce34d6f98789aff0c598780ae6c435e8852f774639ae30dd88123e992ae', 1, '2026-01-22 21:42:09', '2026-01-22 21:42:09'),
(671, 1, 2, 2, 2, 3, 3, 5, 52, 1, 5, 184, 304.00, 304.00, 0.00, 45, 259, 304, 304, 166826.83, 166826.83, 1.00, NULL, 2026, 1, '061094a2269b72e0da7562767ae7f1880956428c0b5d1dff2edf73c532742e5d', 1, '2026-01-22 21:42:10', '2026-01-22 21:42:10'),
(672, 1, 2, 2, 2, 3, 3, 5, 52, 1, 5, 250, 250.00, 250.00, 0.00, 25, 225, 250, 250, 137193.12, 137193.12, 1.00, NULL, 2026, 1, '6464ddc7fb5c298917acf99dba22f2cf95db0a08237cb14b2d520c5e48d2db1e', 1, '2026-01-22 21:42:10', '2026-01-22 21:42:10'),
(673, 1, 2, 2, 2, 3, 3, 5, 52, 1, 5, 14, 252.00, 252.00, 0.00, 216, 36, 252, 252, 138290.66, 138290.66, 1.00, NULL, 2026, 1, '12850b69b0146d3404bff32b6b7279b6282e090dd2657105767a89526bc40686', 1, '2026-01-22 21:42:10', '2026-01-22 21:42:10'),
(674, 1, 2, 2, 2, 3, 3, 5, 52, 1, 5, 251, 298.00, 298.00, 0.00, 135, 163, 298, 298, 163534.20, 163534.20, 1.00, NULL, 2026, 1, '9fca38314d568f3a8ab6ed20800d6021ff2c99529ef4abebbf8f800bdbd3f39e', 1, '2026-01-22 21:42:10', '2026-01-22 21:42:10'),
(675, 1, 2, 2, 2, 3, 3, 5, 52, 1, 5, 191, 185.00, 185.00, 0.00, 33, 152, 185, 185, 101522.91, 101522.91, 1.00, NULL, 2026, 1, 'd4e0cb4d1083e173c63e9136ba77a27df2649920750a177ce4d6a000d8c800a3', 1, '2026-01-22 21:42:10', '2026-01-22 21:42:10'),
(676, 1, 2, 2, 2, 3, 3, 5, 52, 1, 5, 13, 353.00, 353.00, 0.00, 98, 255, 353, 353, 193716.68, 193716.68, 1.00, NULL, 2026, 1, 'acab94eeaaba402c172994108d101caf9593b6ea2c56bee26a12db5f8a315c4e', 1, '2026-01-22 21:42:10', '2026-01-22 21:42:10'),
(677, 1, 2, 2, 2, 3, 3, 5, 52, 1, 5, 190, 248.00, 248.00, 0.00, 18, 230, 248, 248, 136095.57, 136095.57, 1.00, NULL, 2026, 1, '68f17a375ebe686fe030aff1325eb4928cbecd8b07719341e64061bc525b902d', 1, '2026-01-22 21:42:10', '2026-01-22 21:42:10'),
(678, 1, 2, 2, 2, 3, 3, 5, 52, 1, 5, 189, 239.00, 239.00, 0.00, 135, 104, 239, 239, 131156.62, 131156.62, 1.00, NULL, 2026, 1, 'd2339a04088b6d25188abad0faf78888425e575e3548de92e15dd1e597e47a1f', 1, '2026-01-22 21:42:10', '2026-01-22 21:42:10'),
(679, 1, 2, 2, 2, 3, 3, 5, 52, 1, 5, 12, 306.00, 306.00, 0.00, 79, 227, 306, 306, 167924.38, 167924.38, 1.00, NULL, 2026, 1, '142d4d9d40c1703e507b93ede949dc43bd1578cce161d8aacff2f56282332344', 1, '2026-01-22 21:42:10', '2026-01-22 21:42:10'),
(680, 1, 2, 2, 2, 3, 3, 5, 52, 1, 5, 252, 323.00, 323.00, 0.00, 184, 139, 323, 1, 177253.51, 177253.51, 1.00, NULL, 2026, 1, '9ffcf6d6b3791a912a35b71a1c406c4aa08ac2af7149f47c9026bf198fac9bdc', 1, '2026-01-22 21:42:10', '2026-01-22 21:42:10'),
(681, 1, 2, 2, 2, 3, 3, 5, 52, 1, 6, 18, 39.00, 39.00, 0.00, 4, 35, 39, 39, 21402.13, 21402.13, 1.00, NULL, 2026, 1, '5d3edcef64f929a01fc91fa0b2b192191f167944e391ea55425bc66b2c9b058e', 1, '2026-01-22 21:42:10', '2026-01-22 21:42:10'),
(682, 1, 2, 2, 2, 3, 3, 5, 52, 1, 6, 253, 412.00, 412.00, 0.00, 138, 274, 412, 1, 226094.26, 226094.26, 1.00, NULL, 2026, 1, '6744927deaaa0e26f2e1c605fb48a142b3f47c496f09ba6728c7b2a71d7a6d9a', 1, '2026-01-22 21:42:10', '2026-01-22 21:42:10'),
(683, 1, 2, 2, 2, 3, 3, 5, 52, 1, 6, 19, 6.00, 6.00, 0.00, 5, 1, 6, 6, 3292.63, 3292.63, 1.00, NULL, 2026, 1, '48f367bf7a8c7bdc9adc68bdfe0fabc68dea51f021b8cdc201a18bec61f74b2e', 1, '2026-01-22 21:42:10', '2026-01-22 21:42:10'),
(684, 1, 2, 2, 2, 3, 3, 5, 52, 1, 6, 20, 70.00, 70.00, 0.00, 15, 55, 70, 70, 38414.07, 38414.07, 1.00, NULL, 2026, 1, 'a843078f60cad7ff4ec85af3c17d9d03b637f97047e5db35bede66f718832c6e', 1, '2026-01-22 21:42:10', '2026-01-22 21:42:10'),
(685, 1, 2, 2, 2, 3, 3, 5, 52, 1, 6, 254, 61.00, 61.00, 0.00, 37, 24, 61, 61, 33475.12, 33475.12, 1.00, NULL, 2026, 1, 'dd048b3f3cbebe16b86a895ea1f8e3b54f1b87a4271d5fa8ab21e23e71e8d602', 1, '2026-01-22 21:42:10', '2026-01-22 21:42:10'),
(686, 1, 2, 2, 2, 3, 3, 5, 52, 1, 6, 16, 13.00, 13.00, 0.00, 2, 11, 13, 13, 7134.04, 7134.04, 1.00, NULL, 2026, 1, 'dc10f5aecab71fae529cb7a05c97864a887ecff5b9e4c4e38142a6fdc7475b8b', 1, '2026-01-22 21:42:10', '2026-01-22 21:42:10'),
(687, 1, 2, 2, 2, 3, 3, 5, 52, 1, 6, 255, 64.00, 64.00, 0.00, 23, 41, 64, 2, 35121.44, 35121.44, 1.00, NULL, 2026, 1, '648d76107fd18f75b2518d2b8b4432f6c768fe818bfc097141f5920ab276ed33', 1, '2026-01-22 21:42:10', '2026-01-22 21:42:10'),
(688, 1, 2, 2, 2, 3, 3, 5, 52, 1, 6, 83, 151.00, 151.00, 0.00, 90, 61, 151, 151, 82864.64, 82864.64, 1.00, NULL, 2026, 1, '4ab66980efe4952be327ec49e71150dc5444843ba97818bdf805ce6e3983e8a6', 1, '2026-01-22 21:42:10', '2026-01-22 21:42:10'),
(689, 1, 2, 2, 2, 3, 3, 5, 52, 1, 6, 256, 4.00, 4.00, 0.00, 4, 0, 4, 4, 2195.09, 2195.09, 1.00, NULL, 2026, 1, '293aad510d76753dfa0d061c7f8b8347560544d4a1e694fb8cab63eb9a276ea2', 1, '2026-01-22 21:42:10', '2026-01-22 21:42:10'),
(690, 1, 2, 2, 2, 3, 3, 5, 52, 1, 6, 208, 31.00, 31.00, 0.00, 25, 6, 31, 31, 17011.95, 17011.95, 1.00, NULL, 2026, 1, '28933ef9cbc220bee784f4709e0973d62a309ded76baa97e0635ee3db0254ace', 1, '2026-01-22 21:42:10', '2026-01-22 21:42:10'),
(691, 1, 2, 2, 2, 3, 3, 5, 52, 1, 6, 257, 34.00, 34.00, 0.00, 13, 21, 34, 34, 18658.26, 18658.26, 1.00, NULL, 2026, 1, '5b38f2e95c979ff06ef38eb6d3b6952aff4794f8915444fed33068b4c43080f9', 1, '2026-01-22 21:42:10', '2026-01-22 21:42:10'),
(692, 1, 2, 2, 2, 3, 3, 5, 52, 1, 6, 211, 259.00, 259.00, 0.00, 125, 134, 259, 2, 142132.07, 142132.07, 1.00, NULL, 2026, 1, '23a70bd94e2a49ffd503965ee192dfb0c95fa7b23124c9b3eebc715284056849', 1, '2026-01-22 21:42:10', '2026-01-22 21:42:10'),
(693, 1, 2, 2, 2, 3, 3, 5, 52, 1, 6, 258, 8.00, 8.00, 0.00, 3, 5, 8, 1, 4390.18, 4390.18, 1.00, NULL, 2026, 1, 'c67f78bd9a21e8a4759bb015d786fa07190eaee28715a168d14d0d9499a4d74d', 1, '2026-01-22 21:42:10', '2026-01-22 21:42:10'),
(694, 1, 2, 2, 2, 3, 3, 5, 52, 1, 6, 212, 33.00, 33.00, 0.00, 4, 29, 33, 33, 18109.49, 18109.49, 1.00, NULL, 2026, 1, '9fa303d106e6807f34e024c02cb69f18c45f98313c9f91dd5253e650ed4642e9', 1, '2026-01-22 21:42:10', '2026-01-22 21:42:10'),
(695, 1, 2, 2, 2, 3, 3, 5, 52, 1, 6, 259, 23.00, 23.00, 0.00, 16, 7, 23, 23, 12621.77, 12621.77, 1.00, NULL, 2026, 1, '87a6576c3d12de419193fc978dde5f974855294af7ad9be6735353f600ae36e2', 1, '2026-01-22 21:42:10', '2026-01-22 21:42:10'),
(696, 1, 2, 2, 2, 3, 3, 5, 52, 1, 6, 17, 62.00, 62.00, 0.00, 34, 28, 62, 62, 34023.89, 34023.89, 1.00, NULL, 2026, 1, '1499ba1b736776f8949209521cc19bbb4baffde266a8be487099cc07ac1a01b1', 1, '2026-01-22 21:42:10', '2026-01-22 21:42:10'),
(697, 1, 2, 2, 2, 3, 3, 5, 52, 1, 6, 260, 8.00, 8.00, 0.00, 6, 2, 8, 8, 4390.18, 4390.18, 1.00, NULL, 2026, 1, 'dec1937548a1ed861d70c3c2b20d7e774a6ffa705162535b299774ceef4431e9', 1, '2026-01-22 21:42:10', '2026-01-22 21:42:10'),
(698, 1, 2, 2, 2, 3, 3, 5, 52, 1, 6, 84, 195.00, 195.00, 0.00, 36, 159, 195, 195, 107010.63, 107010.63, 1.00, NULL, 2026, 1, '66b2319a5ae14a4f0fffcec1e2820ca81cbedd67a18427e97b68bc7d2af6a52d', 1, '2026-01-22 21:42:10', '2026-01-22 21:42:10'),
(699, 1, 2, 2, 2, 3, 3, 5, 52, 1, 6, 15, 248.00, 248.00, 0.00, 91, 157, 248, 248, 136095.57, 136095.57, 1.00, NULL, 2026, 1, 'de1509afc82196ed27c76486a60037e60280c43121031199cd52cacb4f08b945', 1, '2026-01-22 21:42:10', '2026-01-22 21:42:10'),
(700, 1, 2, 2, 2, 3, 3, 5, 52, 1, 16, 143, 215.00, 215.00, 0.00, 14, 201, 215, 215, 117986.08, 117986.08, 1.00, NULL, 2026, 1, 'fa4af89dc5672cabe6e34290208520a3f37327a6e7840b498cdafb54e4e77097', 1, '2026-01-22 21:42:10', '2026-01-22 21:42:10'),
(701, 1, 2, 2, 2, 3, 3, 5, 52, 1, 16, 261, 43.00, 43.00, 0.00, 1, 42, 43, 43, 23597.22, 23597.22, 1.00, NULL, 2026, 1, 'caf0181a737e7f2a4093a41950b5e3090a93f9a5bf79c809f21de47457216087', 1, '2026-01-22 21:42:10', '2026-01-22 21:42:10'),
(702, 1, 2, 2, 2, 3, 3, 5, 52, 1, 16, 145, 14.00, 14.00, 0.00, 0, 14, 14, 14, 7682.81, 7682.81, 1.00, NULL, 2026, 1, '390f3003367cbff4155ccaba952033cae64ea6a4b605afd9c66bab14f4b9c8d8', 1, '2026-01-22 21:42:10', '2026-01-22 21:42:10'),
(703, 1, 2, 2, 2, 3, 3, 5, 52, 1, 16, 141, 76.00, 76.00, 0.00, 10, 66, 76, 76, 41706.71, 41706.71, 1.00, NULL, 2026, 1, '592a81c5837c8db0d271ef46c370ff7b111bf4e2b8e928209fea77b3b0bd98cf', 1, '2026-01-22 21:42:10', '2026-01-22 21:42:10'),
(704, 1, 2, 2, 2, 3, 3, 5, 52, 1, 16, 142, 58.00, 58.00, 0.00, 2, 56, 58, 58, 31828.80, 31828.80, 1.00, NULL, 2026, 1, '57bf7dc107fc3164078da91236ac86536ed47a845cd27eba9ae7080bc1d3e1dd', 1, '2026-01-22 21:42:10', '2026-01-22 21:42:10'),
(705, 1, 2, 2, 2, 3, 3, 5, 52, 1, 16, 262, 93.00, 93.00, 0.00, 4, 89, 93, 93, 51035.84, 51035.84, 1.00, NULL, 2026, 1, '64512d4a2d4615d34055ce443787bbe919ff3a5cf6913a7402176ef079e3a577', 1, '2026-01-22 21:42:10', '2026-01-22 21:42:10'),
(706, 1, 2, 2, 2, 3, 3, 5, 52, 1, 16, 144, 126.00, 126.00, 0.00, 5, 121, 126, 126, 69145.33, 69145.33, 1.00, NULL, 2026, 1, '0a1b3d24825396f9654f8758eb9ac2a574529cda4c6ae4706b979a8eb30802c1', 1, '2026-01-22 21:42:10', '2026-01-22 21:42:10'),
(707, 1, 2, 2, 2, 3, 3, 5, 52, 1, 16, 59, 185.00, 185.00, 0.00, 12, 173, 185, 1, 101522.91, 101522.91, 1.00, NULL, 2026, 1, 'ec4b06aff12e78cab6d881439ec72b88ae025552565eb28864be5ab1dc0e8586', 1, '2026-01-22 21:42:10', '2026-01-22 21:42:10'),
(708, 1, 2, 2, 2, 3, 3, 5, 52, 1, 7, 263, 53.00, 53.00, 0.00, 20, 33, 53, 53, 29084.94, 29084.94, 1.00, NULL, 2026, 1, '5e56ab680c4a30008bf007020c3128c9e77cf738085c5c0c6f21b515fc267008', 1, '2026-01-22 21:42:10', '2026-01-22 21:42:10'),
(709, 1, 2, 2, 2, 3, 3, 5, 52, 1, 7, 264, 125.00, 125.00, 0.00, 9, 116, 125, 125, 68596.56, 68596.56, 1.00, NULL, 2026, 1, 'b465413e1607f325ff2e45bf39b3f7ac71649eac7f4405594f710e55818efa2f', 1, '2026-01-22 21:42:10', '2026-01-22 21:42:10'),
(710, 1, 2, 2, 2, 3, 3, 5, 52, 1, 7, 147, 149.00, 149.00, 0.00, 5, 144, 149, 149, 81767.10, 81767.10, 1.00, NULL, 2026, 1, '3c0c46cc030eddb5a37a9712c5ba197859dd6a4bf07e313285eb7aa1e9dcd302', 1, '2026-01-22 21:42:10', '2026-01-22 21:42:10'),
(711, 1, 2, 2, 2, 3, 3, 5, 52, 1, 7, 23, 124.00, 124.00, 0.00, 5, 119, 124, 124, 68047.79, 68047.79, 1.00, NULL, 2026, 1, 'fb12093f29eb3475dec04a3d86c96a4ec0395f3d941f4b10c59a075478e0b08c', 1, '2026-01-22 21:42:10', '2026-01-22 21:42:10'),
(712, 1, 2, 2, 2, 3, 3, 5, 52, 1, 7, 112, 222.00, 222.00, 0.00, 53, 169, 222, 1, 121827.49, 121827.49, 1.00, NULL, 2026, 1, '9ea1a5226f8cdb3a27d123faad10a89bf8d41df501d55dbd43aa3ffde8ae6b5f', 1, '2026-01-22 21:42:10', '2026-01-22 21:42:10'),
(713, 1, 2, 2, 2, 3, 3, 5, 52, 1, 7, 85, 110.00, 110.00, 0.00, 4, 106, 110, 110, 60364.97, 60364.97, 1.00, NULL, 2026, 1, 'ebdd02a2a749553cf53d078f81ca558f85b74cebb0cf1be47c0628f958d0fd5f', 1, '2026-01-22 21:42:10', '2026-01-22 21:42:10'),
(714, 1, 2, 2, 2, 3, 3, 5, 52, 1, 7, 22, 102.00, 102.00, 0.00, 3, 99, 102, 102, 55974.79, 55974.79, 1.00, NULL, 2026, 1, '0d85af4fe94798287876b6c86f06a17e84d0308ecc9a550e7d74fc101336aaf3', 1, '2026-01-22 21:42:10', '2026-01-22 21:42:10'),
(715, 1, 2, 2, 2, 3, 3, 5, 52, 1, 7, 86, 133.00, 133.00, 0.00, 21, 112, 133, 133, 72986.74, 72986.74, 1.00, NULL, 2026, 1, 'ae254190a54549512380dcdd5a41c743e9e4fcdb59cda7333b1073ac3e620138', 1, '2026-01-22 21:42:10', '2026-01-22 21:42:10'),
(716, 1, 2, 2, 2, 3, 3, 5, 52, 1, 7, 194, 64.00, 64.00, 0.00, 11, 53, 64, 1, 35121.44, 35121.44, 1.00, NULL, 2026, 1, '82ae65086bec48b8b45ffc14cdad06a68d47dd7f3d7aea58053d8c3642d4da84', 1, '2026-01-22 21:42:10', '2026-01-22 21:42:10'),
(717, 1, 2, 2, 2, 3, 3, 5, 52, 1, 7, 60, 218.00, 218.00, 0.00, 69, 149, 218, 218, 119632.40, 119632.40, 1.00, NULL, 2026, 1, '0522b19bf8eb44a9bed861b3fe3c1f558155093cde29026bd348506c71dcce98', 1, '2026-01-22 21:42:10', '2026-01-22 21:42:10'),
(718, 1, 2, 2, 2, 3, 3, 5, 52, 1, 7, 265, 59.00, 59.00, 0.00, 2, 57, 59, 59, 32377.58, 32377.58, 1.00, NULL, 2026, 1, '351bac7e324dd30697d907b311e7f084a80a6a28da53b7c55fc29d84dd7ab7a6', 1, '2026-01-22 21:42:10', '2026-01-22 21:42:10'),
(719, 1, 2, 2, 2, 3, 3, 5, 52, 1, 7, 266, 51.00, 51.00, 0.00, 21, 30, 51, 51, 27987.40, 27987.40, 1.00, NULL, 2026, 1, 'adaabb3c46ae9589e2862ecc4d0dbeb4764b7a4392ad3e5b315e02a73e0bf793', 1, '2026-01-22 21:42:10', '2026-01-22 21:42:10'),
(720, 1, 2, 2, 2, 3, 3, 5, 52, 1, 7, 21, 87.00, 87.00, 0.00, 1, 86, 87, 87, 47743.20, 47743.20, 1.00, NULL, 2026, 1, '678069e5cc3f3dfee3c0570aa9d42943c315d80df79f6350bbe2cad7a5327a5c', 1, '2026-01-22 21:42:10', '2026-01-22 21:42:10'),
(721, 1, 2, 2, 2, 3, 3, 5, 52, 1, 7, 151, 91.00, 91.00, 0.00, 33, 58, 91, 91, 49938.29, 49938.29, 1.00, NULL, 2026, 1, 'baa1b40772f50fd0b309a16a7c6ea8d28454e9bcbb5f39f780ffdff4a6dccc9d', 1, '2026-01-22 21:42:10', '2026-01-22 21:42:10'),
(722, 1, 2, 2, 2, 3, 3, 5, 52, 1, 7, 61, 78.00, 78.00, 0.00, 15, 63, 78, 1, 42804.25, 42804.25, 1.00, NULL, 2026, 1, 'f9e172a258680288f0480863742d8df7ead86716417f3910537b42997b963a81', 1, '2026-01-22 21:42:10', '2026-01-22 21:42:10'),
(723, 1, 2, 2, 2, 3, 3, 5, 52, 1, 7, 267, 57.00, 57.00, 0.00, 14, 43, 57, 57, 31280.03, 31280.03, 1.00, NULL, 2026, 1, 'd88d401d3ecaa0c89bd74ec4eff0a62b8609a2623a82a880263d0d9a5bb007a7', 1, '2026-01-22 21:42:10', '2026-01-22 21:42:10'),
(724, 1, 2, 2, 2, 3, 3, 5, 52, 1, 7, 268, 102.00, 102.00, 0.00, 22, 80, 102, 102, 55974.79, 55974.79, 1.00, NULL, 2026, 1, '8059f1f569ba98aa59b975a1520c2c51ccdc69c7d36ab48f4ba888480c163512', 1, '2026-01-22 21:42:10', '2026-01-22 21:42:10'),
(725, 1, 2, 2, 2, 3, 3, 5, 52, 1, 7, 269, 70.00, 70.00, 0.00, 3, 67, 70, 70, 38414.07, 38414.07, 1.00, NULL, 2026, 1, '97ad51f15468de1c830ca686f66d369435f778417683450f73bfb029b98d86ae', 1, '2026-01-22 21:42:10', '2026-01-22 21:42:10'),
(726, 1, 2, 2, 2, 3, 3, 5, 52, 1, 7, 149, 146.00, 146.00, 0.00, 8, 138, 146, 1, 80120.78, 80120.78, 1.00, NULL, 2026, 1, '43a65e70106a73dd4883461786b898a08cfe2f885432922657cd0d76e3a2c1f8', 1, '2026-01-22 21:42:10', '2026-01-22 21:42:10'),
(727, 1, 2, 2, 2, 3, 3, 5, 52, 1, 7, 150, 98.00, 98.00, 0.00, 13, 85, 98, 98, 53779.70, 53779.70, 1.00, NULL, 2026, 1, 'bdf8bacef2564219d9cc27e72d426f69dedc6bc0d5391fca9b62cdd1518322c2', 1, '2026-01-22 21:42:10', '2026-01-22 21:42:10'),
(728, 1, 2, 2, 2, 3, 3, 5, 52, 1, 7, 270, 41.00, 41.00, 0.00, 19, 22, 41, 41, 22499.67, 22499.67, 1.00, NULL, 2026, 1, 'a6c2e447a7bcd9d964227960dc2bdcf843393cda37eb7a3a24011cf73f8ccc3c', 1, '2026-01-22 21:42:10', '2026-01-22 21:42:10'),
(729, 1, 2, 2, 2, 3, 3, 5, 52, 1, 7, 148, 82.00, 82.00, 0.00, 0, 82, 82, 82, 44999.34, 44999.34, 1.00, NULL, 2026, 1, '76b3abee2462f3387e9f3b91dcca3b34263a142a24178c594a62c71ab47f574c', 1, '2026-01-22 21:42:10', '2026-01-22 21:42:10'),
(730, 1, 2, 2, 2, 3, 3, 5, 52, 1, 7, 146, 81.00, 81.00, 0.00, 14, 67, 81, 81, 44450.57, 44450.57, 1.00, NULL, 2026, 1, '6fa58bf0623195fa05ff531d0acb33abcf4c4aaf3cfad6c6c5d46cdf6cc90b30', 1, '2026-01-22 21:42:10', '2026-01-22 21:42:10'),
(731, 1, 2, 2, 2, 3, 3, 5, 52, 1, 7, 62, 43.00, 43.00, 0.00, 9, 34, 43, 43, 23597.22, 23597.22, 1.00, NULL, 2026, 1, '71c1152902b351e300dc1be5018c3d28ef937ca14e0040ab39a1e6e07ab92f04', 1, '2026-01-22 21:42:10', '2026-01-22 21:42:10'),
(732, 1, 2, 2, 2, 3, 3, 5, 52, 1, 19, 271, 177.00, 177.00, 0.00, 14, 163, 177, 177, 97132.73, 97132.73, 1.00, NULL, 2026, 1, 'd23fc027abbacb047cb3ef56d64bae08f06e5690b10bb15d3084f64e2c3e7b9b', 1, '2026-01-22 21:42:10', '2026-01-22 21:42:10'),
(733, 1, 2, 2, 2, 3, 3, 5, 52, 1, 19, 272, 241.00, 241.00, 0.00, 10, 231, 241, 241, 132254.17, 132254.17, 1.00, NULL, 2026, 1, 'd8c0eff47751af6877b96cc04fbc3bcd7d3cac671f542dd85dcbfe3f9293e6af', 1, '2026-01-22 21:42:10', '2026-01-22 21:42:10'),
(734, 1, 2, 2, 2, 3, 3, 5, 52, 1, 19, 187, 205.00, 205.00, 0.00, 93, 112, 205, 205, 112498.36, 112498.36, 1.00, NULL, 2026, 1, '5f99d6fb57b9d71d2dd28bb0e09c68cd4e4922b03c478916530b587219d50c89', 1, '2026-01-22 21:42:10', '2026-01-22 21:42:10'),
(735, 1, 2, 2, 2, 3, 3, 5, 52, 1, 19, 273, 228.00, 228.00, 0.00, 32, 196, 228, 228, 125120.12, 125120.12, 1.00, NULL, 2026, 1, '92e5083c0272da393d39a934f5a7d474bcfddec56aff236c24c5801aad3c715d', 1, '2026-01-22 21:42:10', '2026-01-22 21:42:10'),
(736, 1, 2, 2, 2, 3, 3, 5, 52, 1, 19, 88, 121.00, 121.00, 0.00, 13, 108, 121, 121, 66401.47, 66401.47, 1.00, NULL, 2026, 1, 'b6b80742c9180566e9479c3732558295aa342f6ce6c78eb99b9fda84db26d9c1', 1, '2026-01-22 21:42:10', '2026-01-22 21:42:10'),
(737, 1, 2, 2, 2, 3, 3, 5, 52, 1, 19, 197, 204.00, 204.00, 0.00, 9, 195, 204, 204, 111949.58, 111949.58, 1.00, NULL, 2026, 1, '88fbe837b86738259f9f7d46ebded17aee7f4e33a5970032440c972cb211f3e7', 1, '2026-01-22 21:42:10', '2026-01-22 21:42:10'),
(738, 1, 2, 2, 2, 3, 3, 5, 52, 1, 19, 274, 104.00, 104.00, 0.00, 64, 40, 104, 104, 57072.34, 57072.34, 1.00, NULL, 2026, 1, '2232db9a503818553b403d4aaa80a06d83c19da301fd20f747cdaecacac2b0a9', 1, '2026-01-22 21:42:10', '2026-01-22 21:42:10'),
(739, 1, 2, 2, 2, 3, 3, 5, 52, 1, 19, 275, 82.00, 82.00, 0.00, 34, 48, 82, 82, 44999.34, 44999.34, 1.00, NULL, 2026, 1, 'ac39c3b5727196531ca114998ba932222ca51bc5a8097f4cdbe90d0f12ad033d', 1, '2026-01-22 21:42:10', '2026-01-22 21:42:10'),
(740, 1, 2, 2, 2, 3, 3, 5, 52, 1, 19, 276, 81.00, 81.00, 0.00, 29, 52, 81, 81, 44450.57, 44450.57, 1.00, NULL, 2026, 1, '2147d08df134c138c64f01243c888603349b0daf4e50ec8c90b02da7bb526e42', 1, '2026-01-22 21:42:10', '2026-01-22 21:42:10'),
(741, 1, 2, 2, 2, 3, 3, 5, 52, 1, 19, 277, 95.00, 95.00, 0.00, 23, 72, 95, 1, 52133.38, 52133.38, 1.00, NULL, 2026, 1, 'ccf3d87274ec0e10641c67e2ba955d9bf4077bec6d72f1068b95f4d7d9bd3541', 1, '2026-01-22 21:42:10', '2026-01-22 21:42:10'),
(742, 1, 2, 2, 2, 3, 3, 5, 52, 1, 19, 278, 25.00, 25.00, 0.00, 11, 14, 25, 25, 13719.31, 13719.31, 1.00, NULL, 2026, 1, '3c5da39600a5cf6aa0432ff9afc6b9e64cfea594e9e55197726890553b7c0a33', 1, '2026-01-22 21:42:10', '2026-01-22 21:42:10'),
(743, 1, 2, 2, 2, 3, 3, 5, 52, 1, 19, 195, 76.00, 76.00, 0.00, 14, 62, 76, 76, 41706.71, 41706.71, 1.00, NULL, 2026, 1, '3ba1cc790c63ed3ea21b9e7fe5ade80cde6430f0e307e0c987e6af4575f24b78', 1, '2026-01-22 21:42:10', '2026-01-22 21:42:10'),
(744, 1, 2, 2, 2, 3, 3, 5, 52, 1, 19, 279, 467.00, 467.00, 0.00, 86, 381, 467, 467, 256276.74, 256276.74, 1.00, NULL, 2026, 1, '05f9ae1eaeb59c915ffd349c848d38f8f58127265ea8a839b1ce71215c3a4374', 1, '2026-01-22 21:42:10', '2026-01-22 21:42:10'),
(745, 1, 2, 2, 2, 3, 3, 5, 52, 1, 19, 280, 40.00, 40.00, 0.00, 6, 34, 40, 40, 21950.90, 21950.90, 1.00, NULL, 2026, 1, '972f1cabf7652b2aed7c95624d195061053c169a01f64568bdf6d23c572067d2', 1, '2026-01-22 21:42:10', '2026-01-22 21:42:10'),
(746, 1, 2, 2, 2, 3, 3, 5, 52, 1, 19, 281, 249.00, 249.00, 0.00, 39, 210, 249, 1, 136644.35, 136644.35, 1.00, NULL, 2026, 1, 'fbdc03a4162bda487e716c927d8e3a243634e68ff0eb4e460c52fea9dab2310b', 1, '2026-01-22 21:42:10', '2026-01-22 21:42:10'),
(747, 1, 2, 2, 2, 3, 3, 5, 52, 1, 19, 87, 108.00, 108.00, 0.00, 46, 62, 108, 108, 59267.43, 59267.43, 1.00, NULL, 2026, 1, '5eec78fd307443080fc30adf4c975ec8e789890bbccb8944b2a38d6c0e495f41', 1, '2026-01-22 21:42:10', '2026-01-22 21:42:10'),
(748, 1, 2, 2, 2, 3, 3, 5, 52, 1, 19, 196, 88.00, 88.00, 0.00, 10, 78, 88, 88, 48291.98, 48291.98, 1.00, NULL, 2026, 1, '701d43d66595b0545ffbf85434ee5a160c398a69830cc5ad980e15139cc4a06f', 1, '2026-01-22 21:42:10', '2026-01-22 21:42:10'),
(749, 1, 2, 2, 2, 3, 3, 5, 52, 1, 19, 282, 195.00, 195.00, 0.00, 58, 137, 195, 195, 107010.63, 107010.63, 1.00, NULL, 2026, 1, 'b157f102af533eb4beb170bd44f62587ffbe6c16ca150a14e9013942eddf87d9', 1, '2026-01-22 21:42:10', '2026-01-22 21:42:10'),
(750, 1, 2, 2, 2, 3, 3, 5, 52, 1, 19, 113, 396.00, 396.00, 0.00, 73, 323, 396, 396, 217313.90, 217313.90, 1.00, NULL, 2026, 1, '7292845a4d938972e3f42bc6ddc04cd6e172e8bc8525fd0da5ffd1e7646b0ec9', 1, '2026-01-22 21:42:10', '2026-01-22 21:42:10'),
(751, 1, 2, 2, 2, 3, 3, 5, 52, 1, 19, 283, 99.00, 99.00, 0.00, 12, 87, 99, 99, 54328.47, 54328.47, 1.00, NULL, 2026, 1, 'db65430c3fa4ee1d6d7dad0e9566ee7cdbc4e94c0b4fbcf1f2ff6bdb704a100c', 1, '2026-01-22 21:42:10', '2026-01-22 21:42:10'),
(752, 1, 2, 2, 2, 3, 3, 5, 52, 1, 19, 284, 19.00, 19.00, 0.00, 5, 14, 19, 19, 10426.68, 10426.68, 1.00, NULL, 2026, 1, '1072a3b56ba73f443ceedcb212546750306c73e3afd88109831643883db5044a', 1, '2026-01-22 21:42:10', '2026-01-22 21:42:10'),
(753, 1, 2, 2, 2, 3, 3, 5, 52, 1, 20, 116, 935.00, 935.00, 0.00, 457, 478, 935, 2, 513102.26, 513102.26, 1.00, NULL, 2026, 1, '5568a5c353b687a331f018c36dd59b449c8deb41272d436a2830ee31b5364ec9', 1, '2026-01-22 21:42:10', '2026-01-22 21:42:10'),
(754, 1, 2, 2, 2, 3, 3, 5, 52, 1, 20, 90, 923.00, 923.00, 0.00, 199, 724, 923, 1, 506516.99, 506516.99, 1.00, NULL, 2026, 1, 'fef4483adbd6476e6a2da33732a5ae7e72944699e5c6dae5fae7975d0e5bec03', 1, '2026-01-22 21:42:10', '2026-01-22 21:42:10'),
(755, 1, 2, 2, 2, 3, 3, 5, 52, 1, 20, 89, 237.00, 237.00, 0.00, 184, 53, 237, 237, 130059.08, 130059.08, 1.00, NULL, 2026, 1, 'abbf72d92f2564d4313d394586e422b88e0dac9ede248d6361016aae5ebe658d', 1, '2026-01-22 21:42:10', '2026-01-22 21:42:10'),
(756, 1, 2, 2, 2, 3, 3, 5, 52, 1, 20, 114, 1600.00, 1600.00, 0.00, 427, 1173, 1600, 4, 878035.95, 878035.95, 1.00, NULL, 2026, 1, 'f42279defde6c6f4280155e1a26446bdf79f672bddc9ef26ce00c5202dd18952', 1, '2026-01-22 21:42:10', '2026-01-22 21:42:10'),
(757, 1, 2, 2, 2, 3, 3, 5, 52, 1, 20, 115, 955.00, 955.00, 0.00, 322, 633, 955, 3, 524077.71, 524077.71, 1.00, NULL, 2026, 1, '897ef8a67620c4a1864a84b8762ce5185ab1df8150a5be1f25c98b281bc47a15', 1, '2026-01-22 21:42:10', '2026-01-22 21:42:10'),
(758, 1, 2, 2, 2, 3, 3, 5, 52, 1, 20, 200, 358.00, 358.00, 0.00, 142, 216, 358, 1, 196460.54, 196460.54, 1.00, NULL, 2026, 1, 'f2d8b51b7b823b15f55045a92afe5b7d17da2dfaae9dc0399c89eb4870985f10', 1, '2026-01-22 21:42:10', '2026-01-22 21:42:10'),
(759, 1, 2, 2, 2, 3, 3, 5, 52, 1, 20, 285, 44.00, 44.00, 0.00, 19, 25, 44, 44, 24145.99, 24145.99, 1.00, NULL, 2026, 1, '7e0ab7341518426446ae8e1451b3450ff85d192e1e9816308b0f3df60b13535e', 1, '2026-01-22 21:42:10', '2026-01-22 21:42:10'),
(760, 1, 2, 2, 2, 3, 3, 5, 52, 1, 20, 198, 201.00, 201.00, 0.00, 72, 129, 201, 1, 110303.27, 110303.27, 1.00, NULL, 2026, 1, '288870dc001cd007fa8ec792a318837563491df62bdf12b570388fb1699c976e', 1, '2026-01-22 21:42:10', '2026-01-22 21:42:10'),
(761, 1, 2, 2, 2, 3, 3, 5, 52, 1, 20, 199, 121.00, 121.00, 0.00, 63, 58, 121, 121, 66401.47, 66401.47, 1.00, NULL, 2026, 1, 'f00876cb17f37d435dfbf80b9e11bf25a2b9cb22c952d7d71b1908a8403e7dc6', 1, '2026-01-22 21:42:10', '2026-01-22 21:42:10'),
(762, 1, 2, 2, 2, 3, 3, 5, 52, 1, 8, 63, 159.00, 159.00, 0.00, 7, 152, 159, 159, 87254.82, 87254.82, 1.00, NULL, 2026, 1, '3cd07cc8e7a129a5dbb42b57a6fce226e3322cf3216ba492fd75dda680e7a915', 1, '2026-01-22 21:42:10', '2026-01-22 21:42:10'),
(763, 1, 2, 2, 2, 3, 3, 5, 52, 1, 8, 153, 105.00, 105.00, 0.00, 17, 88, 105, 105, 57621.11, 57621.11, 1.00, NULL, 2026, 1, 'adfb87f3301903a31a6e1c44049246ce4d9aead1fe4c373273917dd574266c34', 1, '2026-01-22 21:42:10', '2026-01-22 21:42:10'),
(764, 1, 2, 2, 2, 3, 3, 5, 52, 1, 8, 91, 1.00, 1.00, 0.00, 1, 0, 1, 1, 548.77, 548.77, 1.00, NULL, 2026, 1, 'f9208ec837013635d1484ccb046a87244a491a97036de820ea57365410d75dd2', 1, '2026-01-22 21:42:10', '2026-01-22 21:42:10'),
(765, 1, 2, 2, 2, 3, 3, 5, 52, 1, 8, 286, 25.00, 25.00, 0.00, 8, 17, 25, 25, 13719.31, 13719.31, 1.00, NULL, 2026, 1, 'd3c70dd74860ae69f52fe785b3f5a42f8365ccc4e6ea910c266a6f5acd85944e', 1, '2026-01-22 21:42:10', '2026-01-22 21:42:10'),
(766, 1, 2, 2, 2, 3, 3, 5, 52, 1, 8, 118, 1.00, 1.00, 0.00, 1, 0, 1, 1, 548.77, 548.77, 1.00, NULL, 2026, 1, 'aee6b6f1046f24dc0199f41fc4e229a783628eab0b82a80fba0b012ebbd46b24', 1, '2026-01-22 21:42:10', '2026-01-22 21:42:10'),
(767, 1, 2, 2, 2, 3, 3, 5, 52, 1, 8, 103, 68.00, 68.00, 0.00, 30, 38, 68, 68, 37316.53, 37316.53, 1.00, NULL, 2026, 1, 'ea9ee8344e43ec3d344869bf6c9038c142e2c32cdf2a7b7d058dfacaac24f336', 1, '2026-01-22 21:42:10', '2026-01-22 21:42:10'),
(768, 1, 2, 2, 2, 3, 3, 5, 52, 1, 8, 287, 64.00, 64.00, 0.00, 64, 0, 64, 64, 35121.44, 35121.44, 1.00, NULL, 2026, 1, 'd8b7a23e52b7f99cc7ad27589647e7b278c25bf0cbef883c5fc03dd8bce953a6', 1, '2026-01-22 21:42:10', '2026-01-22 21:42:10'),
(769, 1, 2, 2, 2, 3, 3, 5, 52, 1, 8, 210, 100.00, 100.00, 0.00, 50, 50, 100, 100, 54877.25, 54877.25, 1.00, NULL, 2026, 1, '14ab9269b0dec2c55e2264f3281017de9be1be75d91c5c37c611c1522e69b073', 1, '2026-01-22 21:42:10', '2026-01-22 21:42:10'),
(770, 1, 2, 2, 2, 3, 3, 5, 52, 1, 8, 25, 72.00, 72.00, 0.00, 40, 32, 72, 72, 39511.62, 39511.62, 1.00, NULL, 2026, 1, 'eaa8d161e742f532a1834a6a09cc77a4a16071c77ce549cae123296af8f4e116', 1, '2026-01-22 21:42:10', '2026-01-22 21:42:10'),
(771, 1, 2, 2, 2, 3, 3, 5, 52, 1, 8, 102, 134.00, 134.00, 0.00, 39, 95, 134, 134, 73535.51, 73535.51, 1.00, NULL, 2026, 1, '13f447d5b3857a7fc802ec216240e308a91870a21f599d6474acdc75ccb95fb2', 1, '2026-01-22 21:42:10', '2026-01-22 21:42:10'),
(772, 1, 2, 2, 2, 3, 3, 5, 52, 1, 9, 67, 154.00, 154.00, 0.00, 27, 127, 154, 154, 84510.96, 84510.96, 1.00, NULL, 2026, 1, 'f8aa702cb83bf78840aca67665aefe47868f28e13a08eafea8ab86be47ea610e', 1, '2026-01-22 21:42:10', '2026-01-22 21:42:10'),
(773, 1, 2, 2, 2, 3, 3, 5, 52, 1, 9, 288, 363.00, 363.00, 0.00, 7, 356, 363, 363, 199204.41, 199204.41, 1.00, NULL, 2026, 1, 'e23b178f2600d76c9eab1e35fcfb55c0d60015edb9b750ee3742cd17bd1f0f31', 1, '2026-01-22 21:42:10', '2026-01-22 21:42:10'),
(774, 1, 2, 2, 2, 3, 3, 5, 52, 1, 9, 31, 300.00, 300.00, 0.00, 13, 287, 300, 300, 164631.74, 164631.74, 1.00, NULL, 2026, 1, '8cebb68357d16351503fc01c2c7c8688e8c341b2ca96bce0e1f705ca2c1c63e5', 1, '2026-01-22 21:42:10', '2026-01-22 21:42:10'),
(775, 1, 2, 2, 2, 3, 3, 5, 52, 1, 9, 289, 142.00, 142.00, 0.00, 50, 92, 142, 2, 77925.69, 77925.69, 1.00, NULL, 2026, 1, 'af7cdf45d0d51c4997f24d24afb97631b3c9a311149f9ca6896bbce7ef2ac08f', 1, '2026-01-22 21:42:10', '2026-01-22 21:42:10'),
(776, 1, 2, 2, 2, 3, 3, 5, 52, 1, 9, 38, 70.00, 70.00, 0.00, 1, 69, 70, 70, 38414.07, 38414.07, 1.00, NULL, 2026, 1, 'f782577ad8c7925211235c549ba9d694c3abb7e1546e2dc8c8349512e1d0bec1', 1, '2026-01-22 21:42:10', '2026-01-22 21:42:10'),
(777, 1, 2, 2, 2, 3, 3, 5, 52, 1, 9, 290, 172.00, 172.00, 0.00, 60, 112, 172, 172, 94388.86, 94388.86, 1.00, NULL, 2026, 1, 'f58302e6ce59b7945a66dac6fdb40087640037aac27acd948d123c2990b8002c', 1, '2026-01-22 21:42:10', '2026-01-22 21:42:10'),
(778, 1, 2, 2, 2, 3, 3, 5, 52, 1, 9, 65, 95.00, 95.00, 0.00, 17, 78, 95, 95, 52133.38, 52133.38, 1.00, NULL, 2026, 1, 'ef29fdc60a5c3dafdf7caee9428a69b018b09f2345eeb29854b361dc2b43a479', 1, '2026-01-22 21:42:10', '2026-01-22 21:42:10'),
(779, 1, 2, 2, 2, 3, 3, 5, 52, 1, 9, 34, 132.00, 132.00, 0.00, 15, 117, 132, 132, 72437.97, 72437.97, 1.00, NULL, 2026, 1, '3bd97397f4c4c6ce13cdec07eb0ebdbf58bc1ec67326a0d4f004b68f809860e3', 1, '2026-01-22 21:42:10', '2026-01-22 21:42:10'),
(780, 1, 2, 2, 2, 3, 3, 5, 52, 1, 9, 291, 144.00, 144.00, 0.00, 3, 141, 144, 144, 79023.24, 79023.24, 1.00, NULL, 2026, 1, 'c7f420e5fa26cf05c620f7ae5a9c38b8513a2762cab928fe95ec66d8270ff07b', 1, '2026-01-22 21:42:10', '2026-01-22 21:42:10'),
(781, 1, 2, 2, 2, 3, 3, 5, 52, 1, 9, 104, 138.00, 138.00, 0.00, 13, 125, 138, 138, 75730.60, 75730.60, 1.00, NULL, 2026, 1, '0c0f23867efc633e01f3fc9da2b61becbe6afb38cee7c18783f82fd7435c4004', 1, '2026-01-22 21:42:10', '2026-01-22 21:42:10'),
(782, 1, 2, 2, 2, 3, 3, 5, 52, 1, 9, 32, 74.00, 74.00, 0.00, 5, 69, 74, 74, 40609.16, 40609.16, 1.00, NULL, 2026, 1, '186ca88dc8e4291287574de90af6ed105e1fea88ab46b13432c2d09a966e82c3', 1, '2026-01-22 21:42:10', '2026-01-22 21:42:10'),
(783, 1, 2, 2, 2, 3, 3, 5, 52, 1, 9, 33, 178.00, 178.00, 0.00, 1, 177, 178, 178, 97681.50, 97681.50, 1.00, NULL, 2026, 1, '614102509e9bba17b952a2a06425f0489cb12c04e182f678b5483c43b7f127c2', 1, '2026-01-22 21:42:10', '2026-01-22 21:42:10'),
(784, 1, 2, 2, 2, 3, 3, 5, 52, 1, 9, 292, 38.00, 38.00, 0.00, 0, 38, 38, 38, 20853.35, 20853.35, 1.00, NULL, 2026, 1, 'c464cbdd98d1d5d2e41613547a024a8d1ad38e9d11a601d40890bb1cf0f07a53', 1, '2026-01-22 21:42:10', '2026-01-22 21:42:10'),
(785, 1, 2, 2, 2, 3, 3, 5, 52, 1, 9, 293, 47.00, 47.00, 0.00, 2, 45, 47, 47, 25792.31, 25792.31, 1.00, NULL, 2026, 1, '892ffb67910613cdfae76a2ccb7f8e3a142621b6e956bfcecc75d2d9b917a4f1', 1, '2026-01-22 21:42:10', '2026-01-22 21:42:10'),
(786, 1, 2, 2, 2, 3, 3, 5, 52, 1, 9, 294, 110.00, 110.00, 0.00, 6, 104, 110, 110, 60364.97, 60364.97, 1.00, NULL, 2026, 1, 'f1e3e2a25abe3be3cdd14014903ff1e2be8dbeddbef868511bcacf972d18ad71', 1, '2026-01-22 21:42:10', '2026-01-22 21:42:10'),
(787, 1, 2, 2, 2, 3, 3, 5, 52, 1, 9, 295, 168.00, 168.00, 0.00, 6, 162, 168, 168, 92193.78, 92193.78, 1.00, NULL, 2026, 1, 'deecd08fd9caded02764c9f76cd781dc8b44b949deb66dfe2ad8eea289c6af4a', 1, '2026-01-22 21:42:10', '2026-01-22 21:42:10'),
(788, 1, 2, 2, 2, 3, 3, 5, 52, 1, 9, 158, 67.00, 67.00, 0.00, 1, 66, 67, 67, 36767.76, 36767.76, 1.00, NULL, 2026, 1, '6cb754a3f94e61927a19f40842ef3d55fa8cea7585c39c00dbc4a378b3185c50', 1, '2026-01-22 21:42:10', '2026-01-22 21:42:10'),
(789, 1, 2, 2, 2, 3, 3, 5, 52, 1, 9, 66, 50.00, 50.00, 0.00, 4, 46, 50, 50, 27438.62, 27438.62, 1.00, NULL, 2026, 1, '83918fdd6bd726a7a9e80d5829b52936a0bb9054dc55e841aec47f2d6694a05f', 1, '2026-01-22 21:42:10', '2026-01-22 21:42:10'),
(790, 1, 2, 2, 2, 3, 3, 5, 52, 1, 9, 37, 152.00, 152.00, 0.00, 21, 131, 152, 152, 83413.42, 83413.42, 1.00, NULL, 2026, 1, '15b103a8cb6ee9e2583f7ac0d1cc3a2b09ba063687b242abe3f181d605f24766', 1, '2026-01-22 21:42:10', '2026-01-22 21:42:10'),
(791, 1, 2, 2, 2, 3, 3, 5, 52, 1, 9, 296, 69.00, 69.00, 0.00, 1, 68, 69, 69, 37865.30, 37865.30, 1.00, NULL, 2026, 1, '9966045bde009eb29c52ebd9c3462a5e9f6326df23cf2f86cbe08138971db20a', 1, '2026-01-22 21:42:10', '2026-01-22 21:42:10'),
(792, 1, 2, 2, 2, 3, 3, 5, 52, 1, 9, 297, 134.00, 134.00, 0.00, 1, 133, 134, 134, 73535.51, 73535.51, 1.00, NULL, 2026, 1, '7d52ed8663a3d6a4cd72c4c7dfd6753ad163e45e9de9573ab17e2808afcd0309', 1, '2026-01-22 21:42:10', '2026-01-22 21:42:10'),
(793, 1, 2, 2, 2, 3, 3, 5, 52, 1, 9, 298, 59.00, 59.00, 0.00, 2, 57, 59, 59, 32377.58, 32377.58, 1.00, NULL, 2026, 1, '3f3126d64b2fb39c3b407cf39c30ccef87270214e91f9454a98f0bc6282578fa', 1, '2026-01-22 21:42:10', '2026-01-22 21:42:10'),
(794, 1, 2, 2, 2, 3, 3, 5, 52, 1, 9, 299, 24.00, 24.00, 0.00, 0, 24, 24, 24, 13170.54, 13170.54, 1.00, NULL, 2026, 1, 'b2de2c4949f202cfe1c92d26a227170825b984a9611fad4d77be9927f409db16', 1, '2026-01-22 21:42:10', '2026-01-22 21:42:10'),
(795, 1, 2, 2, 2, 3, 3, 5, 52, 1, 9, 300, 39.00, 39.00, 0.00, 0, 39, 39, 39, 21402.13, 21402.13, 1.00, NULL, 2026, 1, '964b4a4258898259157bacb51d1bb39dada2d8446e2744ed59a70e5fe18c3104', 1, '2026-01-22 21:42:10', '2026-01-22 21:42:10'),
(796, 1, 2, 2, 2, 3, 3, 5, 52, 1, 9, 301, 125.00, 125.00, 0.00, 15, 110, 125, 125, 68596.56, 68596.56, 1.00, NULL, 2026, 1, 'e6d41635f9c6ca56eee07784cd748979486278746b80afca04b624a358e98773', 1, '2026-01-22 21:42:10', '2026-01-22 21:42:10'),
(797, 1, 2, 2, 2, 3, 3, 5, 52, 1, 9, 302, 54.00, 54.00, 0.00, 1, 53, 54, 54, 29633.71, 29633.71, 1.00, NULL, 2026, 1, '02806099a7357658fe690c86914c9d1104bfbdb8dec5958722c5f8482e7aca5a', 1, '2026-01-22 21:42:10', '2026-01-22 21:42:10'),
(798, 1, 2, 2, 2, 3, 3, 5, 52, 1, 9, 52, 100.00, 100.00, 0.00, 0, 100, 100, 100, 54877.25, 54877.25, 1.00, NULL, 2026, 1, '7ae0b453a111775f5bc9c461237a60458b65443526632a731ddee77fd3632953', 1, '2026-01-22 21:42:10', '2026-01-22 21:42:10'),
(799, 1, 2, 2, 2, 3, 3, 5, 52, 1, 9, 36, 94.00, 94.00, 0.00, 3, 91, 94, 94, 51584.61, 51584.61, 1.00, NULL, 2026, 1, '215f40a500388806baabf08611cb0d87a6a95b2dc658cc9352b45f63ecad303b', 1, '2026-01-22 21:42:10', '2026-01-22 21:42:10'),
(800, 1, 2, 2, 2, 3, 3, 5, 52, 1, 9, 303, 110.00, 110.00, 0.00, 1, 109, 110, 110, 60364.97, 60364.97, 1.00, NULL, 2026, 1, '8c2b5cf8e2000db4cabc63cf2d5cd71a47a78e1cdf13f90a1a2fe9985070853f', 1, '2026-01-22 21:42:10', '2026-01-22 21:42:10'),
(801, 1, 2, 2, 2, 3, 3, 5, 52, 1, 9, 304, 64.00, 64.00, 0.00, 2, 62, 64, 64, 35121.44, 35121.44, 1.00, NULL, 2026, 1, '32b84b5a97197c61f34eb8942b76ada24310aa58115e00936546a9cb87336879', 1, '2026-01-22 21:42:10', '2026-01-22 21:42:10'),
(802, 1, 2, 2, 2, 3, 3, 5, 52, 1, 9, 305, 64.00, 64.00, 0.00, 55, 9, 64, 64, 35121.44, 35121.44, 1.00, NULL, 2026, 1, '723667263ecad75576a80e78c60d271afd1cda3bc88e4260c7edab7b6a726bd8', 1, '2026-01-22 21:42:10', '2026-01-22 21:42:10'),
(803, 1, 2, 2, 2, 3, 3, 5, 52, 1, 9, 35, 79.00, 79.00, 0.00, 0, 79, 79, 79, 43353.03, 43353.03, 1.00, NULL, 2026, 1, 'c5f5d26608ec0c983843b8552bc8cc241dd3fe64748b1fdaed3fff3190a6d4d0', 1, '2026-01-22 21:42:10', '2026-01-22 21:42:10'),
(804, 1, 2, 2, 2, 3, 3, 5, 52, 1, 9, 306, 36.00, 36.00, 0.00, 0, 36, 36, 36, 19755.81, 19755.81, 1.00, NULL, 2026, 1, 'f2381edbf7cac99e17725fe6173681c97d740cf9efff42d2d336b4d15836a71d', 1, '2026-01-22 21:42:10', '2026-01-22 21:42:10'),
(805, 1, 2, 2, 2, 3, 3, 5, 52, 1, 10, 179, 43.00, 43.00, 0.00, 5, 38, 43, 43, 23597.22, 23597.22, 1.00, NULL, 2026, 1, '6d0a0f655a1176aef897bc38d00815efa97dca4d5c5c9910119fd8fa9e4d16a4', 1, '2026-01-22 21:42:10', '2026-01-22 21:42:10'),
(806, 1, 2, 2, 2, 3, 3, 5, 52, 1, 10, 105, 289.00, 289.00, 0.00, 2, 287, 289, 289, 158595.24, 158595.24, 1.00, NULL, 2026, 1, 'a596fc4969bb67875f45a2f4a7fad359ee8d08ee5b5e6b6e72399249aabf051d', 1, '2026-01-22 21:42:10', '2026-01-22 21:42:10'),
(807, 1, 2, 2, 2, 3, 3, 5, 52, 1, 10, 180, 80.00, 80.00, 0.00, 16, 64, 80, 80, 43901.80, 43901.80, 1.00, NULL, 2026, 1, 'ac48dc9fcfc4697dcb65662be709ca06d8b6452b76bb990c4a44af20b4382cc4', 1, '2026-01-22 21:42:10', '2026-01-22 21:42:10'),
(808, 1, 2, 2, 2, 3, 3, 5, 52, 1, 10, 307, 95.00, 95.00, 0.00, 5, 90, 95, 95, 52133.38, 52133.38, 1.00, NULL, 2026, 1, '77f564718651e0c66505c7be2f84eced4167605e6a157212c29b1d928e68dc4e', 1, '2026-01-22 21:42:10', '2026-01-22 21:42:10'),
(809, 1, 2, 2, 2, 3, 3, 5, 52, 1, 10, 308, 570.00, 570.00, 0.00, 89, 481, 570, 570, 312800.31, 312800.31, 1.00, NULL, 2026, 1, '1739ddfdd1cd8bb504b974db42f5e73eded6043f024060aa0d51ef7a3b2dbd75', 1, '2026-01-22 21:42:10', '2026-01-22 21:42:10'),
(810, 1, 2, 2, 2, 3, 3, 5, 52, 1, 10, 309, 37.00, 37.00, 0.00, 0, 37, 37, 37, 20304.58, 20304.58, 1.00, NULL, 2026, 1, 'dc6d80e44e2450349c1c859911e012ea029f26b2a083d9df588307dcd4aa7598', 1, '2026-01-22 21:42:10', '2026-01-22 21:42:10'),
(811, 1, 2, 2, 2, 3, 3, 5, 52, 1, 10, 41, 167.00, 167.00, 0.00, 21, 146, 167, 167, 91645.00, 91645.00, 1.00, NULL, 2026, 1, '09e0e211b38dae6ef745d08ace01c5714922cffe281087d04d50c81dd87ea510', 1, '2026-01-22 21:42:10', '2026-01-22 21:42:10'),
(812, 1, 2, 2, 2, 3, 3, 5, 52, 1, 10, 94, 523.00, 523.00, 0.00, 147, 376, 523, 1, 287008.00, 287008.00, 1.00, NULL, 2026, 1, '991d3bcfa492ec999bafbf21d1bcb014096962c2a1ef177e0fc18fa921015264', 1, '2026-01-22 21:42:10', '2026-01-22 21:42:10'),
(813, 1, 2, 2, 2, 3, 3, 5, 52, 1, 10, 107, 299.00, 299.00, 0.00, 63, 236, 299, 299, 164082.97, 164082.97, 1.00, NULL, 2026, 1, 'dad148e15da1d58fa622e241036a9ca92fa3380df567c844e941fd474ca3a7bf', 1, '2026-01-22 21:42:10', '2026-01-22 21:42:10'),
(814, 1, 2, 2, 2, 3, 3, 5, 52, 1, 10, 310, 297.00, 297.00, 0.00, 20, 277, 297, 297, 162985.42, 162985.42, 1.00, NULL, 2026, 1, '04c6cfc285f986fbf87425a07ec86c1106e74bec4b202b890ed62eaed67d2bc6', 1, '2026-01-22 21:42:10', '2026-01-22 21:42:10'),
(815, 1, 2, 2, 2, 3, 3, 5, 52, 1, 10, 181, 23.00, 23.00, 0.00, 4, 19, 23, 23, 12621.77, 12621.77, 1.00, NULL, 2026, 1, '755e085dc88a39d885a186a1fa99a553ac926ea4168a519057f2971b4ced587a', 1, '2026-01-22 21:42:10', '2026-01-22 21:42:10'),
(816, 1, 2, 2, 2, 3, 3, 5, 52, 1, 10, 40, 17.00, 17.00, 0.00, 1, 16, 17, 17, 9329.13, 9329.13, 1.00, NULL, 2026, 1, 'b3a55977b39a37f0125502c67d95cf99cf0edd673c44666ecd8ed6feb52d4395', 1, '2026-01-22 21:42:10', '2026-01-22 21:42:10'),
(817, 1, 2, 2, 2, 3, 3, 5, 52, 1, 10, 43, 323.00, 323.00, 0.00, 26, 297, 323, 323, 177253.51, 177253.51, 1.00, NULL, 2026, 1, 'b9d63670c613635cab26e969396dbb5f769b0f5172989610816d3e567e5c7d10', 1, '2026-01-22 21:42:10', '2026-01-22 21:42:10'),
(818, 1, 2, 2, 2, 3, 3, 5, 52, 1, 10, 178, 79.00, 79.00, 0.00, 9, 70, 79, 79, 43353.03, 43353.03, 1.00, NULL, 2026, 1, '3d0f6c48ae0746a850b8ab199e5a53df0e651371b6f0c47c87273282b6882736', 1, '2026-01-22 21:42:10', '2026-01-22 21:42:10'),
(819, 1, 2, 2, 2, 3, 3, 5, 52, 1, 10, 106, 63.00, 63.00, 0.00, 1, 62, 63, 63, 34572.67, 34572.67, 1.00, NULL, 2026, 1, '2afc9945fb71fc211c108cc897d9b708ede5fe3dcd4487accdba4f0513b141eb', 1, '2026-01-22 21:42:10', '2026-01-22 21:42:10'),
(820, 1, 2, 2, 2, 3, 3, 5, 52, 1, 10, 311, 31.00, 31.00, 0.00, 0, 31, 31, 31, 17011.95, 17011.95, 1.00, NULL, 2026, 1, '362c88f13f2e9c3c8a17b7ea39620b10f96f309b952f04a4f31f640d0e10c098', 1, '2026-01-22 21:42:10', '2026-01-22 21:42:10'),
(821, 1, 2, 2, 2, 3, 3, 5, 52, 1, 10, 75, 151.00, 151.00, 0.00, 38, 113, 151, 1, 82864.64, 82864.64, 1.00, NULL, 2026, 1, '016b929f7aac04d1dbc05c15889da31dfdd7a93ac344f301900e9bd02259fd8f', 1, '2026-01-22 21:42:10', '2026-01-22 21:42:10'),
(822, 1, 2, 2, 2, 3, 3, 5, 52, 1, 10, 312, 78.00, 78.00, 0.00, 5, 73, 78, 78, 42804.25, 42804.25, 1.00, NULL, 2026, 1, '3be878a15432c93a97fa7ff8b86259a4176406771e3e161c37183a05d607760c', 1, '2026-01-22 21:42:10', '2026-01-22 21:42:10'),
(823, 1, 2, 2, 2, 3, 3, 5, 52, 1, 10, 188, 163.00, 163.00, 0.00, 1, 162, 163, 163, 89449.91, 89449.91, 1.00, NULL, 2026, 1, '48e97f4b5b73d7ac6956d4a409a4a94e1f641ed8d068a237211d99f4bbc6b68e', 1, '2026-01-22 21:42:10', '2026-01-22 21:42:10'),
(824, 1, 2, 2, 2, 3, 3, 5, 52, 1, 10, 42, 298.00, 298.00, 0.00, 96, 202, 298, 298, 163534.20, 163534.20, 1.00, NULL, 2026, 1, '2e6531b0daa0e0fd8a26946aa832eb43d037d4a8a6560b2d0b4f7c3ea6b21ff3', 1, '2026-01-22 21:42:10', '2026-01-22 21:42:10'),
(825, 1, 2, 2, 2, 3, 3, 5, 52, 1, 10, 39, 160.00, 160.00, 0.00, 59, 101, 160, 160, 87803.60, 87803.60, 1.00, NULL, 2026, 1, '09d47d65156dd3b71420edff8e4c1e8687040edc815c555b0dc511f405dc3c0f', 1, '2026-01-22 21:42:10', '2026-01-22 21:42:10'),
(826, 1, 2, 2, 2, 3, 3, 5, 52, 1, 17, 68, 580.00, 580.00, 0.00, 114, 466, 580, 580, 318288.03, 318288.03, 1.00, NULL, 2026, 1, '36791f35a29bfdccd7175e5270e38fca4561c867028c45294b916fa8739c2383', 1, '2026-01-22 21:42:10', '2026-01-22 21:42:10'),
(827, 1, 2, 2, 2, 3, 3, 5, 52, 1, 17, 313, 139.00, 139.00, 0.00, 13, 126, 139, 139, 76279.37, 76279.37, 1.00, NULL, 2026, 1, '7ffda922efea30417e699996f0f2e723018601155ff64ed9e5ce7043e401cc3c', 1, '2026-01-22 21:42:10', '2026-01-22 21:42:10'),
(828, 1, 2, 2, 2, 3, 3, 5, 52, 1, 17, 70, 607.00, 607.00, 0.00, 227, 380, 607, 607, 333104.89, 333104.89, 1.00, NULL, 2026, 1, 'ef0a80f793f8386c18abc4314bab7b712eac7d68e80e5699764aa9a02f46e50c', 1, '2026-01-22 21:42:10', '2026-01-22 21:42:10'),
(829, 1, 2, 2, 2, 3, 3, 5, 52, 1, 17, 69, 313.00, 313.00, 0.00, 29, 284, 313, 313, 171765.78, 171765.78, 1.00, NULL, 2026, 1, '2929477a749534e907a4fb328c78c1d0525a625b586ffce8ee34ad5c45fdde26', 1, '2026-01-22 21:42:10', '2026-01-22 21:42:10'),
(830, 1, 2, 2, 2, 3, 3, 5, 52, 1, 17, 186, 645.00, 645.00, 0.00, 243, 402, 645, 645, 353958.24, 353958.24, 1.00, NULL, 2026, 1, 'bbfc51a4d3eccffcb9a11b3b411b188e1087159fe634b7ee0a5e51a7993359b7', 1, '2026-01-22 21:42:10', '2026-01-22 21:42:10'),
(831, 1, 2, 2, 2, 3, 3, 5, 52, 1, 17, 314, 330.00, 330.00, 0.00, 73, 257, 330, 1, 181094.92, 181094.92, 1.00, NULL, 2026, 1, '6dd573fbd77b3ad5af8fec50d49f8d771e99e80773d6000d0557035504dfe854', 1, '2026-01-22 21:42:10', '2026-01-22 21:42:10'),
(832, 1, 2, 2, 2, 3, 3, 5, 52, 1, 17, 201, 260.00, 260.00, 0.00, 19, 241, 260, 260, 142680.84, 142680.84, 1.00, NULL, 2026, 1, 'c05da66d8ac83225a742a86a2f7ed430470d2f678ce1db2961a7c385788ca16b', 1, '2026-01-22 21:42:10', '2026-01-22 21:42:10'),
(833, 1, 2, 2, 2, 3, 3, 5, 52, 1, 17, 315, 97.00, 97.00, 0.00, 32, 65, 97, 97, 53230.93, 53230.93, 1.00, NULL, 2026, 1, 'd133ab1f6c0bafda2b78d419488ccab66abb9481c80427c8742c4b8b595c8a2a', 1, '2026-01-22 21:42:10', '2026-01-22 21:42:10'),
(834, 1, 2, 2, 2, 3, 3, 5, 52, 1, 11, 134, 354.00, 354.00, 0.00, 168, 186, 354, 1, 194265.45, 194265.45, 1.00, NULL, 2026, 1, '7b33c563cfecf7c45fd349624404af20b185059b2f3bbcd123f3873e3172ccc6', 1, '2026-01-22 21:42:10', '2026-01-22 21:42:10'),
(835, 1, 2, 2, 2, 3, 3, 5, 52, 1, 11, 136, 251.00, 251.00, 0.00, 36, 215, 251, 251, 137741.89, 137741.89, 1.00, NULL, 2026, 1, '4c9912826a536874bb12f989e77ca3041521ba3b9263c8a97bb122dc6706e4fa', 1, '2026-01-22 21:42:10', '2026-01-22 21:42:10'),
(836, 1, 2, 2, 2, 3, 3, 5, 52, 1, 11, 135, 808.00, 808.00, 0.00, 344, 464, 808, 7, 443408.16, 443408.16, 1.00, NULL, 2026, 1, 'd35646df18007cff454e73927f6e8a7e6d2bcfbd78e8b346bca73ba60c7b264a', 1, '2026-01-22 21:42:10', '2026-01-22 21:42:10'),
(837, 1, 2, 2, 2, 3, 3, 5, 52, 1, 11, 128, 1420.00, 1420.00, 0.00, 280, 1140, 1420, 1, 779256.91, 779256.91, 1.00, NULL, 2026, 1, '521187e730ec0cd63d2984def962d5b5caa42e75fadc0454f86f0d198a499195', 1, '2026-01-22 21:42:10', '2026-01-22 21:42:10'),
(838, 1, 2, 2, 2, 3, 3, 5, 52, 1, 11, 137, 507.00, 507.00, 0.00, 137, 370, 507, 507, 278227.64, 278227.64, 1.00, NULL, 2026, 1, 'a2dae459e71dd95278783151d0f67b834afa618e078a05d2e07d3f3a98e1bd74', 1, '2026-01-22 21:42:10', '2026-01-22 21:42:10'),
(839, 1, 2, 2, 2, 3, 3, 5, 52, 1, 11, 133, 265.00, 265.00, 0.00, 10, 255, 265, 265, 145424.70, 145424.70, 1.00, NULL, 2026, 1, '81687841071f5dc61dadcefc5ac6f50e217955016b8b94c6e2175fda4d87c3ea', 1, '2026-01-22 21:42:10', '2026-01-22 21:42:10'),
(840, 1, 2, 2, 2, 3, 3, 5, 52, 1, 11, 131, 725.00, 725.00, 0.00, 87, 638, 725, 725, 397860.04, 397860.04, 1.00, NULL, 2026, 1, '4ef896addd7e00588d0b40c393322d61983e16c9a01f85c00740e34ca51b8742', 1, '2026-01-22 21:42:10', '2026-01-22 21:42:10'),
(841, 1, 2, 2, 2, 3, 3, 5, 52, 1, 11, 139, 350.00, 350.00, 0.00, 99, 251, 350, 350, 192070.36, 192070.36, 1.00, NULL, 2026, 1, '5f8bb49c1ceb0c2d44793a830755e93b5bbcb81972a0151f6317fd1849b0efb5', 1, '2026-01-22 21:42:10', '2026-01-22 21:42:10'),
(842, 1, 2, 2, 2, 3, 3, 5, 52, 1, 11, 44, 489.00, 489.00, 0.00, 21, 468, 489, 489, 268349.74, 268349.74, 1.00, NULL, 2026, 1, '967675ddbdda49b8c8430256a92615df8c6804819c6df0981cc8c44e6434c9c2', 1, '2026-01-22 21:42:10', '2026-01-22 21:42:10'),
(843, 1, 2, 2, 2, 3, 3, 5, 52, 1, 11, 156, 394.00, 394.00, 0.00, 95, 299, 394, 394, 216216.35, 216216.35, 1.00, NULL, 2026, 1, '6df6866e356a8a331e8c5ff1826d3d5d99572d4fe1e0160f24401b20e4924cd0', 1, '2026-01-22 21:42:10', '2026-01-22 21:42:10'),
(844, 1, 2, 2, 2, 3, 3, 5, 52, 1, 11, 132, 1109.00, 1109.00, 0.00, 92, 1017, 1109, 1109, 608588.67, 608588.67, 1.00, NULL, 2026, 1, '157c4ac60978fc7fae1c43c92c4da2e7edc185d69836b68f515c9c1b9eb2f6ce', 1, '2026-01-22 21:42:10', '2026-01-22 21:42:10'),
(845, 1, 2, 2, 2, 3, 3, 5, 52, 1, 11, 138, 258.00, 258.00, 0.00, 144, 114, 258, 258, 141583.30, 141583.30, 1.00, NULL, 2026, 1, '4a24f7d42e5bf28c9b45cc772141981486b8d1114bd7d34e370b9429a393e1a2', 1, '2026-01-22 21:42:10', '2026-01-22 21:42:10'),
(846, 1, 2, 2, 2, 3, 3, 5, 52, 1, 11, 108, 201.00, 201.00, 0.00, 23, 178, 201, 201, 110303.27, 110303.27, 1.00, NULL, 2026, 1, '8887f0a625e077b1d96af7cebefb543761643b3ec6f67af5d311895b04bb3a72', 1, '2026-01-22 21:42:10', '2026-01-22 21:42:10'),
(847, 1, 2, 2, 2, 3, 3, 5, 52, 1, 11, 155, 1414.00, 1414.00, 0.00, 377, 1037, 1414, 1, 775964.27, 775964.27, 1.00, NULL, 2026, 1, '34cf99d9754425099fac38e012410f3d85cce67e2106e15a15eb99288ca1aa4d', 1, '2026-01-22 21:42:10', '2026-01-22 21:42:10'),
(848, 1, 2, 2, 2, 3, 3, 5, 52, 1, 11, 154, 177.00, 177.00, 0.00, 28, 149, 177, 177, 97132.73, 97132.73, 1.00, NULL, 2026, 1, 'bcd862f05393e1e05b8c253b2688f03587777834c637457b36d4ffe99e03cf9a', 1, '2026-01-22 21:42:10', '2026-01-22 21:42:10'),
(849, 1, 2, 2, 2, 3, 3, 5, 52, 1, 11, 129, 258.00, 258.00, 0.00, 72, 186, 258, 258, 141583.30, 141583.30, 1.00, NULL, 2026, 1, '537054f2ccf7eb2b158c4fb2ddee5b43025311de268103144fca7c642e67b607', 1, '2026-01-22 21:42:10', '2026-01-22 21:42:10'),
(850, 1, 2, 2, 2, 3, 3, 5, 52, 1, 11, 130, 589.00, 589.00, 0.00, 178, 411, 589, 2, 323226.99, 323226.99, 1.00, NULL, 2026, 1, 'd0d5dc63f5eea7286c404eb12b853b5844626bdee61c51306d62d180e2693c35', 1, '2026-01-22 21:42:10', '2026-01-22 21:42:10'),
(851, 1, 2, 2, 2, 3, 3, 5, 52, 1, 21, 165, 267.00, 267.00, 0.00, 79, 188, 267, 267, 146522.25, 146522.25, 1.00, NULL, 2026, 1, '5b5344c7d0bdf5893db74498b2bcc57414ff4ec2c3e588107945438dc0412899', 1, '2026-01-22 21:42:10', '2026-01-22 21:42:10'),
(852, 1, 2, 2, 2, 3, 3, 5, 52, 1, 21, 120, 123.00, 123.00, 0.00, 7, 116, 123, 123, 67499.01, 67499.01, 1.00, NULL, 2026, 1, '54ca6bcc412f5285189d2af5e0534e278876b34e97a215d316751c2a07b1b1d1', 1, '2026-01-22 21:42:10', '2026-01-22 21:42:10'),
(853, 1, 2, 2, 2, 3, 3, 5, 52, 1, 21, 160, 262.00, 262.00, 0.00, 78, 184, 262, 1, 143778.39, 143778.39, 1.00, NULL, 2026, 1, '470ebd5f265366785e3afc072b100c5120f0a4c6e1e4c2c0f8cdb1eae684a5bf', 1, '2026-01-22 21:42:10', '2026-01-22 21:42:10'),
(854, 1, 2, 2, 2, 3, 3, 5, 52, 1, 21, 164, 637.00, 637.00, 0.00, 400, 237, 637, 3, 349568.06, 349568.06, 1.00, NULL, 2026, 1, '010d70f47ac928e2993503e5c7b364c56b82b05706c554d58c6312dbbd4f766d', 1, '2026-01-22 21:42:10', '2026-01-22 21:42:10'),
(855, 1, 2, 2, 2, 3, 3, 5, 52, 1, 21, 119, 321.00, 321.00, 0.00, 37, 284, 321, 321, 176155.96, 176155.96, 1.00, NULL, 2026, 1, '230ee1210d65aad5862455224be5e1db26f4cfc9a0524c6005181879e6604429', 1, '2026-01-22 21:42:10', '2026-01-22 21:42:10'),
(856, 1, 2, 2, 2, 3, 3, 5, 52, 1, 21, 167, 186.00, 186.00, 0.00, 46, 140, 186, 186, 102071.68, 102071.68, 1.00, NULL, 2026, 1, '4d1dceb1fc1458ab2ebe1802dd0ee7f5d5693b02df29997d7b1ca79c9cf18844', 1, '2026-01-22 21:42:10', '2026-01-22 21:42:10'),
(857, 1, 2, 2, 2, 3, 3, 5, 52, 1, 21, 168, 318.00, 318.00, 0.00, 30, 288, 318, 318, 174509.65, 174509.65, 1.00, NULL, 2026, 1, 'f6f6a93958f6a5da421577a3993fefd4168b7d15329f6bac0509af29e5508125', 1, '2026-01-22 21:42:10', '2026-01-22 21:42:10'),
(858, 1, 2, 2, 2, 3, 3, 5, 52, 1, 21, 163, 361.00, 361.00, 0.00, 80, 281, 361, 361, 198106.86, 198106.86, 1.00, NULL, 2026, 1, '93ab7fc7ed9ff13d93197ac0f11c3bd846df2e916594e4b5d170ac00972250dc', 1, '2026-01-22 21:42:10', '2026-01-22 21:42:10'),
(859, 1, 2, 2, 2, 3, 3, 5, 52, 1, 21, 162, 74.00, 74.00, 0.00, 2, 72, 74, 74, 40609.16, 40609.16, 1.00, NULL, 2026, 1, '8cbf7ef248886a02528e7386aa7a286f91f349b4e6f3f00d9e350a188cae2384', 1, '2026-01-22 21:42:10', '2026-01-22 21:42:10'),
(860, 1, 2, 2, 2, 3, 3, 5, 52, 1, 21, 95, 136.00, 136.00, 0.00, 7, 129, 136, 136, 74633.06, 74633.06, 1.00, NULL, 2026, 1, 'cd84c251d0d799c38ee379d0f110e308f76253579194524432feb9763f46f4f1', 1, '2026-01-22 21:42:10', '2026-01-22 21:42:10'),
(861, 1, 2, 2, 2, 3, 3, 5, 52, 1, 21, 96, 600.00, 600.00, 0.00, 236, 364, 600, 600, 329263.48, 329263.48, 1.00, NULL, 2026, 1, 'cd120b51a1edefe1f71dba232ae28599d47824e6c43245e668d1e17efe772bd5', 1, '2026-01-22 21:42:10', '2026-01-22 21:42:10'),
(862, 1, 2, 2, 2, 3, 3, 5, 52, 1, 21, 97, 247.00, 247.00, 0.00, 86, 161, 247, 247, 135546.80, 135546.80, 1.00, NULL, 2026, 1, '747db51a74488e8f7ea66240745346fd7804ec8418518cfcf263e88b8488257b', 1, '2026-01-22 21:42:10', '2026-01-22 21:42:10'),
(863, 1, 2, 2, 2, 3, 3, 5, 52, 1, 21, 166, 331.00, 331.00, 0.00, 17, 314, 331, 331, 181643.69, 181643.69, 1.00, NULL, 2026, 1, '08c2c40bf86cd48003efd3833840afced9dab899b75a2ade31d5a303a257bdfd', 1, '2026-01-22 21:42:10', '2026-01-22 21:42:10');
INSERT INTO `datos_vider` (`id`, `unidad_ejecutora_id`, `dependencia_id`, `programa_id`, `subprograma_id`, `actividad_id`, `producto_id`, `subproducto_id`, `intervencion_id`, `medida_id`, `departamento_id`, `municipio_id`, `programado`, `ejecutado`, `porcentaje_ejecucion`, `hombres`, `mujeres`, `total_personas`, `beneficiarios`, `vigente_financiera`, `financiera_ejecutado`, `financiera_porcentaje`, `periodo`, `anio`, `mes`, `hash_registro`, `importacion_id`, `created_at`, `updated_at`) VALUES
(864, 1, 2, 2, 2, 3, 3, 5, 52, 1, 22, 316, 1272.00, 1272.00, 0.00, 545, 727, 1272, 2, 698038.58, 698038.58, 1.00, NULL, 2026, 1, 'c4094953cc144599db57dc5d5e948ffe32ce19c5dc6ae9f4ce6db247db72875f', 1, '2026-01-22 21:42:10', '2026-01-22 21:42:10'),
(865, 1, 2, 2, 2, 3, 3, 5, 52, 1, 22, 98, 1331.00, 1331.00, 0.00, 616, 715, 1331, 6, 730416.16, 730416.16, 1.00, NULL, 2026, 1, '53da0e44256c0b7599ace10ac833ce1a619e4672b03d3b8d29ce4e38607a51c7', 1, '2026-01-22 21:42:10', '2026-01-22 21:42:10'),
(866, 1, 2, 2, 2, 3, 3, 5, 52, 1, 22, 182, 1421.00, 1421.00, 0.00, 723, 698, 1421, 3, 779805.68, 779805.68, 1.00, NULL, 2026, 1, '10f3be6d5e3d490a5218f7af4d1b0ec2ad51e1bf4b9b37144816de53cdb1e956', 1, '2026-01-22 21:42:10', '2026-01-22 21:42:10'),
(867, 1, 2, 2, 2, 3, 3, 5, 52, 1, 22, 122, 1687.00, 1687.00, 0.00, 1039, 648, 1687, 3, 925779.16, 925779.16, 1.00, NULL, 2026, 1, '3081dbc767494c4e4612b59ba690c7c9ec2d2eee84f94f5c1468600532453978', 1, '2026-01-22 21:42:10', '2026-01-22 21:42:10'),
(868, 1, 2, 2, 2, 3, 3, 5, 52, 1, 22, 121, 710.00, 710.00, 0.00, 362, 348, 710, 1, 389628.45, 389628.45, 1.00, NULL, 2026, 1, '4d726c619feae937554d876103e925640ffd9bcd55091c975f2056e80c808509', 1, '2026-01-22 21:42:10', '2026-01-22 21:42:10'),
(869, 1, 2, 2, 2, 3, 3, 5, 52, 1, 12, 124, 386.00, 386.00, 0.00, 307, 79, 386, 386, 211826.17, 211826.17, 1.00, NULL, 2026, 1, '97d9fec47e26b87fc772ea5e1a02f17f7635d55364795de4ad6f1624e9d57164', 1, '2026-01-22 21:42:10', '2026-01-22 21:42:10'),
(870, 1, 2, 2, 2, 3, 3, 5, 52, 1, 12, 123, 156.00, 156.00, 0.00, 103, 53, 156, 1, 85608.51, 85608.51, 1.00, NULL, 2026, 1, '703b94fa83a4c915f4d4cd2b8bd9606813c12e031dcf87af7b067aefc1e1d63c', 1, '2026-01-22 21:42:10', '2026-01-22 21:42:10'),
(871, 1, 2, 2, 2, 3, 3, 5, 52, 1, 12, 207, 1628.00, 1628.00, 0.00, 1006, 622, 1628, 4, 893401.58, 893401.58, 1.00, NULL, 2026, 1, '80267e6f2e18e044680752381219a3b363bcc903e86eef53bdc661e6c5a912d9', 1, '2026-01-22 21:42:10', '2026-01-22 21:42:10'),
(872, 1, 2, 2, 2, 3, 3, 5, 52, 1, 12, 126, 360.00, 360.00, 0.00, 87, 273, 360, 1, 197558.09, 197558.09, 1.00, NULL, 2026, 1, '7575d2e837c88594904b5abd8cbd0d826c251ca7cadddaa435da514ea6ff33c5', 1, '2026-01-22 21:42:10', '2026-01-22 21:42:10'),
(873, 1, 2, 2, 2, 3, 3, 5, 52, 1, 12, 125, 1418.00, 1418.00, 0.00, 531, 887, 1418, 1418, 778159.36, 778159.36, 1.00, NULL, 2026, 1, 'd23b627d3cba9389fcfdf1769a3b2fe0881990d5131faf970827c88d3f229b65', 1, '2026-01-22 21:42:10', '2026-01-22 21:42:10'),
(874, 1, 2, 2, 2, 3, 3, 5, 52, 1, 12, 71, 333.00, 333.00, 0.00, 179, 154, 333, 1, 182741.23, 182741.23, 1.00, NULL, 2026, 1, 'bd1bef91df9f4086699af0304f89ff1e0c05900186915c1a4692c38c05d0175a', 1, '2026-01-22 21:42:10', '2026-01-22 21:42:10'),
(875, 1, 2, 2, 2, 3, 3, 5, 52, 1, 12, 72, 208.00, 208.00, 0.00, 148, 60, 208, 208, 114144.67, 114144.67, 1.00, NULL, 2026, 1, 'a14d88da81a3816ae8f1a95b3a038152783cec1aa5c3d3224e8a5d9a34f3679f', 1, '2026-01-22 21:42:10', '2026-01-22 21:42:10'),
(876, 1, 2, 2, 2, 3, 3, 5, 52, 1, 12, 127, 215.00, 215.00, 0.00, 90, 125, 215, 215, 117986.08, 117986.08, 1.00, NULL, 2026, 1, 'ba2b5277284e00909fceaeab0c87a22341bfdc7cd5fc3df447b62d9150d708cb', 1, '2026-01-22 21:42:10', '2026-01-22 21:42:10'),
(877, 1, 2, 2, 2, 3, 3, 5, 52, 1, 12, 317, 196.00, 196.00, 0.00, 90, 106, 196, 196, 107559.40, 107559.40, 1.00, NULL, 2026, 1, '0237645766b2c4059a261ae8871d58f6293465289e9cec760c2dc9cb8abb2b29', 1, '2026-01-22 21:42:10', '2026-01-22 21:42:10'),
(878, 1, 2, 2, 2, 3, 3, 5, 52, 1, 12, 192, 205.00, 205.00, 0.00, 168, 37, 205, 1, 112498.36, 112498.36, 1.00, NULL, 2026, 1, '4ff9e696e329a039f39424d6e42a5d383d38f0fe162c2fbadb31bee19909fd2c', 1, '2026-01-22 21:42:10', '2026-01-22 21:42:10'),
(879, 1, 2, 2, 2, 3, 3, 5, 52, 1, 12, 46, 951.00, 951.00, 0.00, 407, 544, 951, 2, 521882.62, 521882.62, 1.00, NULL, 2026, 1, '3670ecd429757126df390ffe337300472beb4efd0f549ef2bde14e4992aef8f7', 1, '2026-01-22 21:42:10', '2026-01-22 21:42:10'),
(880, 1, 2, 2, 2, 3, 3, 5, 52, 1, 15, 74, 1143.00, 1143.00, 0.00, 505, 638, 1143, 1143, 627246.93, 627246.93, 1.00, NULL, 2026, 1, '3351b098aceac9bd2be2cd2233cca50f205ecd2573e9357302c4ead30f93b024', 1, '2026-01-22 21:42:10', '2026-01-22 21:42:10'),
(881, 1, 2, 2, 2, 3, 3, 5, 52, 1, 15, 49, 907.00, 907.00, 0.00, 170, 737, 907, 907, 497736.63, 497736.63, 1.00, NULL, 2026, 1, '805677e97d6a3d84e7746f0d48352bf4bde84dfdf21f3a3e6bb8c7d4b4616b5a', 1, '2026-01-22 21:42:10', '2026-01-22 21:42:10'),
(882, 1, 2, 2, 2, 3, 3, 5, 52, 1, 15, 174, 672.00, 672.00, 0.00, 330, 342, 672, 3, 368775.10, 368775.10, 1.00, NULL, 2026, 1, '0b0f94e132a2499dfa469d4c777ca2b15997982589897a99b9c0ef31650d3f2a', 1, '2026-01-22 21:42:10', '2026-01-22 21:42:10'),
(883, 1, 2, 2, 2, 3, 3, 5, 52, 1, 15, 173, 929.00, 929.00, 0.00, 352, 577, 929, 1, 509809.62, 509809.62, 1.00, NULL, 2026, 1, '877ea809a57f9c9a774c54cb19439579060ae5c60832626f1034dd507e276f61', 1, '2026-01-22 21:42:10', '2026-01-22 21:42:10'),
(884, 1, 2, 2, 2, 3, 3, 5, 52, 1, 15, 177, 869.00, 869.00, 0.00, 560, 309, 869, 869, 476883.28, 476883.28, 1.00, NULL, 2026, 1, 'e361f551d9e16ea666cf080ab3ca8623d62533c0b074d628217b04de5b4b1148', 1, '2026-01-22 21:42:10', '2026-01-22 21:42:10'),
(885, 1, 2, 2, 2, 3, 3, 5, 52, 1, 15, 73, 1305.00, 1305.00, 0.00, 148, 1157, 1305, 1, 716148.07, 716148.07, 1.00, NULL, 2026, 1, '6b2847c4bb921b20a22bacf58743662f520aee3c0a94e1fc5f3080335f2e33e6', 1, '2026-01-22 21:42:10', '2026-01-22 21:42:10'),
(886, 1, 2, 2, 2, 3, 3, 5, 52, 1, 15, 172, 753.00, 753.00, 0.00, 131, 622, 753, 753, 413225.67, 413225.67, 1.00, NULL, 2026, 1, 'b65bedf743ecfc04c678534e2a62fa7772223e3e74d2cce9c142eeb616091eed', 1, '2026-01-22 21:42:10', '2026-01-22 21:42:10'),
(887, 1, 2, 2, 2, 3, 3, 5, 52, 1, 15, 175, 1073.00, 1073.00, 0.00, 311, 762, 1073, 3, 588832.86, 588832.86, 1.00, NULL, 2026, 1, '8cc0e97d3025d852dc3efef4121073698eaf1a70c84818db6ab0191c35d43600', 1, '2026-01-22 21:42:10', '2026-01-22 21:42:10'),
(888, 1, 2, 2, 2, 3, 3, 5, 52, 1, 15, 176, 528.00, 528.00, 0.00, 130, 398, 528, 528, 289751.86, 289751.86, 1.00, NULL, 2026, 1, '73c6a84dea6f2aac994237b76f33090c3dfe25d1a965b6d731fa039fe801974e', 1, '2026-01-22 21:42:10', '2026-01-22 21:42:10'),
(889, 1, 2, 2, 2, 3, 3, 5, 52, 1, 15, 170, 577.00, 577.00, 0.00, 164, 413, 577, 577, 316641.72, 316641.72, 1.00, NULL, 2026, 1, '9934267b95c454d57ba13e7a351df0288349a433d671ac00cbcc8f3b56a08a0d', 1, '2026-01-22 21:42:10', '2026-01-22 21:42:10'),
(890, 1, 2, 2, 2, 3, 3, 5, 52, 1, 15, 171, 625.00, 625.00, 0.00, 189, 436, 625, 625, 342982.79, 342982.79, 1.00, NULL, 2026, 1, '5c9ae9ae08456be781d742b0189655e4e3517ff985f310556fb078536f640438', 1, '2026-01-22 21:42:10', '2026-01-22 21:42:10'),
(891, 1, 2, 2, 2, 3, 3, 5, 52, 1, 13, 47, 1835.00, 1835.00, 0.00, 310, 1525, 1835, 4, 1006997.48, 1006997.48, 1.00, NULL, 2026, 1, '4aaeb458e8846762c8be629e949b4cd292d1c515623cbb1fba0353c6d5c415a9', 1, '2026-01-22 21:42:10', '2026-01-22 21:42:10'),
(892, 1, 2, 2, 2, 3, 3, 5, 52, 1, 13, 157, 652.00, 652.00, 0.00, 11, 641, 652, 1, 357799.65, 357799.65, 1.00, NULL, 2026, 1, '5baf8834a6ba6872cfca45e98df3fdb2faae6f3300d3f8d559608928524c9773', 1, '2026-01-22 21:42:10', '2026-01-22 21:42:10'),
(893, 1, 2, 2, 2, 3, 3, 5, 52, 1, 13, 53, 342.00, 342.00, 0.00, 23, 319, 342, 342, 187680.18, 187680.18, 1.00, NULL, 2026, 1, '04f19de393025d799c2230c16adbe1a1d9d404fa65f0a44359a2efdf85508fc8', 1, '2026-01-22 21:42:10', '2026-01-22 21:42:10'),
(894, 1, 2, 2, 2, 3, 3, 5, 52, 1, 13, 318, 320.00, 320.00, 0.00, 27, 293, 320, 320, 175607.19, 175607.19, 1.00, NULL, 2026, 1, '1820278e9ad6d053ca4ad04ac3fe43eb699927647ca7c3c5062d5e579f747a86', 1, '2026-01-22 21:42:10', '2026-01-22 21:42:10'),
(895, 1, 2, 2, 2, 3, 3, 5, 52, 1, 13, 319, 366.00, 366.00, 0.00, 18, 348, 366, 366, 200850.72, 200850.72, 1.00, NULL, 2026, 1, '5b4ac21110a61aa0fcd8a15cf98f96d483501b516ae4cca3643ae930b8c5ad55', 1, '2026-01-22 21:42:10', '2026-01-22 21:42:10'),
(896, 1, 2, 2, 2, 3, 3, 5, 52, 1, 13, 320, 187.00, 187.00, 0.00, 55, 132, 187, 1, 102620.45, 102620.45, 1.00, NULL, 2026, 1, '5d88fbe617a5f4c5ecf6233dddce5273b99bf3fc308c9d7960927f6e78612a17', 1, '2026-01-22 21:42:10', '2026-01-22 21:42:10'),
(897, 1, 2, 2, 2, 3, 3, 5, 52, 1, 13, 321, 891.00, 891.00, 0.00, 165, 726, 891, 1, 488956.27, 488956.27, 1.00, NULL, 2026, 1, '8a209c99720c5c14181ab425d2da85e0c5ba2686fbf8e30a6b6a8bbd69c0be72', 1, '2026-01-22 21:42:10', '2026-01-22 21:42:10'),
(898, 1, 2, 2, 2, 3, 3, 5, 52, 1, 14, 322, 414.00, 414.00, 0.00, 335, 79, 414, 1, 227191.80, 227191.80, 1.00, NULL, 2026, 1, 'c1a61d1df4bb3858175e4237dd12d777442d83af66fe8dc6c71f9371439ee289', 1, '2026-01-22 21:42:10', '2026-01-22 21:42:10'),
(899, 1, 2, 2, 2, 3, 3, 5, 52, 1, 14, 323, 191.00, 191.00, 0.00, 41, 150, 191, 191, 104815.54, 104815.54, 1.00, NULL, 2026, 1, 'b168e795ccb2da8a1225628b923902777b8ab94c19449c7b63d022c4d1cd7fb0', 1, '2026-01-22 21:42:10', '2026-01-22 21:42:10'),
(900, 1, 2, 2, 2, 3, 3, 5, 52, 1, 14, 202, 152.00, 152.00, 0.00, 103, 49, 152, 1, 83413.42, 83413.42, 1.00, NULL, 2026, 1, 'd8f5f08ac3f6a8e7946e08319155a0d959e2d39cac691ca12166f82b877c3a83', 1, '2026-01-22 21:42:10', '2026-01-22 21:42:10'),
(901, 1, 2, 2, 2, 3, 3, 5, 52, 1, 14, 324, 292.00, 292.00, 0.00, 212, 80, 292, 292, 160241.56, 160241.56, 1.00, NULL, 2026, 1, '8458215dc239b3ba2aef197cb94d076acce12925fc84b269748f88a29e86b621', 1, '2026-01-22 21:42:10', '2026-01-22 21:42:10'),
(902, 1, 2, 2, 2, 3, 3, 5, 52, 1, 14, 325, 393.00, 393.00, 0.00, 265, 128, 393, 2, 215667.58, 215667.58, 1.00, NULL, 2026, 1, '6089c3e2cf1a9a17a70a137aa333be9b97ad9864e194693bc2dfa4796ab2c17a', 1, '2026-01-22 21:42:10', '2026-01-22 21:42:10'),
(903, 1, 2, 2, 2, 3, 3, 5, 52, 1, 14, 326, 89.00, 89.00, 0.00, 64, 25, 89, 1, 48840.75, 48840.75, 1.00, NULL, 2026, 1, 'b525a00e22b6d7feef3e32471e8f873ebc238515092285faa2ef2f3eee34cac7', 1, '2026-01-22 21:42:10', '2026-01-22 21:42:10'),
(904, 1, 2, 2, 2, 3, 3, 5, 52, 1, 14, 50, 174.00, 174.00, 0.00, 160, 14, 174, 174, 95486.41, 95486.41, 1.00, NULL, 2026, 1, 'c30d7ad5fc8eadc6883a10d522f8481bed69499c706994174e24946ca498637c', 1, '2026-01-22 21:42:10', '2026-01-22 21:42:10'),
(905, 1, 2, 2, 2, 3, 3, 5, 52, 1, 14, 327, 393.00, 393.00, 0.00, 374, 19, 393, 393, 215667.58, 215667.58, 1.00, NULL, 2026, 1, '321a6bf955c15d8e5445e02398338e93854470ec80d454bff71f575d01494dcb', 1, '2026-01-22 21:42:10', '2026-01-22 21:42:10'),
(906, 1, 2, 2, 2, 3, 3, 5, 52, 1, 14, 328, 105.00, 105.00, 0.00, 75, 30, 105, 1, 57621.11, 57621.11, 1.00, NULL, 2026, 1, 'bb451fc2610183ddbbfc91db17705b923b07d42d972a48a696a05b7718eaaf3f', 1, '2026-01-22 21:42:10', '2026-01-22 21:42:10'),
(907, 1, 2, 2, 2, 3, 3, 5, 52, 1, 14, 48, 1048.00, 1048.00, 0.00, 295, 753, 1048, 4, 575113.55, 575113.55, 1.00, NULL, 2026, 1, 'e117824f3ba5192e24d0af0c2d2c1d91066a7d3d04b6b4d44b3c334d1b7dab05', 1, '2026-01-22 21:42:10', '2026-01-22 21:42:10'),
(908, 1, 2, 2, 2, 3, 3, 5, 52, 1, 14, 203, 152.00, 152.00, 0.00, 61, 91, 152, 152, 83413.42, 83413.42, 1.00, NULL, 2026, 1, 'e0694216d5f5d334951d200a159ef4dd8d005a16951b601630dd1696b3d4b925', 1, '2026-01-22 21:42:10', '2026-01-22 21:42:10'),
(909, 1, 2, 2, 2, 3, 3, 5, 52, 1, 14, 329, 173.00, 173.00, 0.00, 76, 97, 173, 173, 94937.64, 94937.64, 1.00, NULL, 2026, 1, 'd54c4a8589dfaa76d7ae0862cf683434e5283509ee76218623cef52cb229e5cf', 1, '2026-01-22 21:42:10', '2026-01-22 21:42:10'),
(910, 1, 2, 2, 2, 3, 3, 5, 52, 1, 14, 109, 398.00, 398.00, 0.00, 206, 192, 398, 398, 218411.44, 218411.44, 1.00, NULL, 2026, 1, 'cd73510f098d828c240dfaa20bd6a8c1d817703a9edda382daf0950fc0d75bc0', 1, '2026-01-22 21:42:10', '2026-01-22 21:42:10'),
(911, 1, 2, 2, 2, 3, 3, 5, 52, 1, 14, 193, 64.00, 64.00, 0.00, 41, 23, 64, 1, 35121.44, 35121.44, 1.00, NULL, 2026, 1, '67689358b974603aefa46ed7ec41f329c35f335ef28111209f0bc0797dcae253', 1, '2026-01-22 21:42:10', '2026-01-22 21:42:10'),
(912, 1, 2, 2, 2, 3, 3, 5, 52, 1, 14, 330, 279.00, 279.00, 0.00, 239, 40, 279, 2, 153107.52, 153107.52, 1.00, NULL, 2026, 1, '4ade9ad281625e3d444296e34741087e787ae9d9bf7f5ee3780e86a46e378608', 1, '2026-01-22 21:42:10', '2026-01-22 21:42:10'),
(913, 1, 2, 2, 2, 3, 3, 5, 52, 1, 14, 331, 208.00, 208.00, 0.00, 127, 81, 208, 208, 114144.67, 114144.67, 1.00, NULL, 2026, 1, '88bd4f0cc0f503a3dd8a5f90009bf280d950116074888a2f40217b5e0345f63c', 1, '2026-01-22 21:42:10', '2026-01-22 21:42:10'),
(914, 1, 2, 2, 2, 3, 3, 5, 52, 1, 14, 332, 130.00, 130.00, 0.00, 99, 31, 130, 130, 71340.42, 71340.42, 1.00, NULL, 2026, 1, 'de8a5e313a76d977f6178be0f6e72b0a3a7ee8ec06c123b538b631b9d6d1036c', 1, '2026-01-22 21:42:10', '2026-01-22 21:42:10'),
(915, 1, 2, 2, 2, 3, 3, 5, 53, 1, 18, 110, 100.00, 0.00, 0.00, 0, 0, 0, 0, 114000.00, 0.00, 0.00, NULL, 2026, 1, '8614a69b2ce33dd791b077bf67881bf16e60561e0a1facfb60bc1f2600ef4a7e', 1, '2026-01-22 21:42:10', '2026-01-22 21:42:10'),
(916, 1, 3, 2, 3, 4, 4, 6, 54, 1, 5, 184, 119.00, 0.00, 0.00, 0, 0, 0, 0, 87241.00, 0.00, 0.00, NULL, 2026, 1, 'b2d6f57dbd7b828abfe304c6406cfb93a6cd32d7e7d31eb027422d38e92c9673', 1, '2026-01-22 21:42:10', '2026-01-22 21:42:10'),
(917, 1, 3, 2, 3, 4, 4, 6, 54, 1, 13, 47, 73.00, 0.00, 0.00, 0, 0, 0, 0, 53517.00, 0.00, 0.00, NULL, 2026, 1, '8b8844650a3b0d602b8dbf8912e6794865d149e8cd64a151c830140dc75f98ee', 1, '2026-01-22 21:42:10', '2026-01-22 21:42:10'),
(918, 1, 3, 2, 3, 4, 4, 6, 54, 1, 18, 215, 20.00, 0.00, 0.00, 0, 0, 0, 0, 14662.00, 0.00, 0.00, NULL, 2026, 1, '43d61f611915301010cc50c4c04d0da02b77fef5036bbf92fa93558007e0f0fa', 1, '2026-01-22 21:42:10', '2026-01-22 21:42:10'),
(919, 1, 3, 2, 3, 4, 4, 6, 54, 1, 11, 134, 24.00, 0.00, 0.00, 0, 0, 0, 0, 17595.00, 0.00, 0.00, NULL, 2026, 1, '3f92654555bf75518465254bd026a6d15d3ba82bdf2066efddfd855006c6ea66', 1, '2026-01-22 21:42:10', '2026-01-22 21:42:10'),
(920, 1, 3, 2, 3, 4, 4, 6, 54, 1, 7, 23, 40.00, 0.00, 0.00, 0, 0, 0, 0, 29325.00, 0.00, 0.00, NULL, 2026, 1, 'ee26ced3b6c61a0fd2136a2f2cec6ac80eb007107cb09e3aa61d55f59cd68694', 1, '2026-01-22 21:42:10', '2026-01-22 21:42:10'),
(921, 1, 3, 2, 3, 4, 4, 6, 55, 1, 11, 137, 10.00, 10.00, 0.00, 9, 1, 10, 10, 0.00, 0.00, 0.00, NULL, 2026, 1, '35cc38208ea052a2427eaddc02f091075e58a7e5e1c09bc484e47f3d6cfa0b04', 1, '2026-01-22 21:42:10', '2026-01-22 21:42:10'),
(922, 1, 3, 2, 3, 4, 4, 6, 55, 1, 11, 44, 9.00, 9.00, 0.00, 7, 2, 9, 9, 0.00, 0.00, 0.00, NULL, 2026, 1, '9b9e50d25c81aa68c6d2b2b0848cfb63c35ad915793ff327df3538993dab74a4', 1, '2026-01-22 21:42:10', '2026-01-22 21:42:10'),
(923, 1, 3, 2, 3, 4, 4, 6, 55, 1, 11, 129, 5.00, 5.00, 0.00, 4, 1, 5, 5, 0.00, 0.00, 0.00, NULL, 2026, 1, '9496fe29b236120aade4c5288b87cda587fddd77bda34c8384af63be99b578a7', 1, '2026-01-22 21:42:10', '2026-01-22 21:42:10'),
(924, 1, 3, 2, 3, 4, 4, 6, 55, 1, 3, 3, 63.00, 63.00, 0.00, 24, 39, 63, 63, 0.00, 0.00, 0.00, NULL, 2026, 1, '0dc76d1de5d2afbe1c52e521d8e03fcaaca245c39a91892303cd175b85a8ee89', 1, '2026-01-22 21:42:10', '2026-01-22 21:42:10'),
(925, 1, 3, 2, 3, 4, 4, 6, 55, 1, 15, 74, 5.00, 5.00, 0.00, 5, 0, 5, 5, 0.00, 0.00, 0.00, NULL, 2026, 1, 'd23251ad086cc6102c9a79f75be3a948272e5c99d59aab79c2f4e228b23ce94e', 1, '2026-01-22 21:42:10', '2026-01-22 21:42:10'),
(926, 1, 3, 2, 3, 4, 4, 6, 55, 1, 15, 172, 1.00, 1.00, 0.00, 1, 0, 1, 1, 0.00, 0.00, 0.00, NULL, 2026, 1, '3dd4883b6044432b7ccee8edf9a95c9917050c8df7a3f838d0bc2d54f44dbe7c', 1, '2026-01-22 21:42:10', '2026-01-22 21:42:10'),
(927, 1, 3, 2, 3, 4, 4, 6, 55, 1, 15, 175, 4.00, 4.00, 0.00, 1, 3, 4, 4, 0.00, 0.00, 0.00, NULL, 2026, 1, '3ec12a410157e32023b289d16eabc704c6f9ccd0355fc730b6134028ccbcd382', 1, '2026-01-22 21:42:10', '2026-01-22 21:42:10'),
(928, 1, 3, 2, 3, 4, 4, 6, 55, 1, 4, 11, 31.00, 31.00, 0.00, 6, 25, 31, 31, 0.00, 0.00, 0.00, NULL, 2026, 1, 'fc07bacdeaca9d5fc36f7a4c731e71c306f219c68bb53eb7e767cd1764a03aab', 1, '2026-01-22 21:42:10', '2026-01-22 21:42:10'),
(929, 1, 3, 2, 3, 4, 4, 6, 55, 1, 4, 246, 2.00, 2.00, 0.00, 0, 2, 2, 2, 0.00, 0.00, 0.00, NULL, 2026, 1, '3518e89d514f587b196b9c82fcf73b2ec8137a51a92cfba10c045ad60791d587', 1, '2026-01-22 21:42:10', '2026-01-22 21:42:10'),
(930, 1, 3, 2, 3, 4, 4, 6, 55, 1, 18, 110, 10.00, 10.00, 0.00, 4, 6, 10, 10, 0.00, 0.00, 0.00, NULL, 2026, 1, 'e071a85751b5c6af177816b31557f29d4e629a5157c25ad56144783765f75e14', 1, '2026-01-22 21:42:10', '2026-01-22 21:42:10'),
(931, 1, 3, 2, 3, 4, 4, 6, 55, 1, 9, 31, 11.00, 11.00, 0.00, 5, 6, 11, 11, 0.00, 0.00, 0.00, NULL, 2026, 1, 'ea4d103ae462956607d7987ceee89282a89603f48cbc704c8c5a3a53fe24e063', 1, '2026-01-22 21:42:10', '2026-01-22 21:42:10'),
(932, 1, 3, 2, 3, 4, 4, 6, 55, 1, 9, 65, 8.00, 8.00, 0.00, 4, 4, 8, 8, 0.00, 0.00, 0.00, NULL, 2026, 1, '3289e532949792b5ae39288a48759303d1d9f2b6e0d9f1893204afab34414d05', 1, '2026-01-22 21:42:10', '2026-01-22 21:42:10'),
(933, 1, 3, 2, 3, 4, 4, 6, 55, 1, 9, 32, 22.00, 22.00, 0.00, 5, 17, 22, 22, 0.00, 0.00, 0.00, NULL, 2026, 1, '633b861f5bb9720a1f874a8c254398d86b936ade99d5b2151a6ac31734177ddc', 1, '2026-01-22 21:42:10', '2026-01-22 21:42:10'),
(934, 1, 3, 2, 3, 4, 4, 6, 55, 1, 13, 47, 4.00, 4.00, 0.00, 3, 1, 4, 4, 0.00, 0.00, 0.00, NULL, 2026, 1, '50ba9c02ff2230db8c5093f3f0bc357edebeca306fc3d6e718d584704607ade1', 1, '2026-01-22 21:42:10', '2026-01-22 21:42:10'),
(935, 1, 3, 2, 3, 4, 4, 6, 55, 1, 13, 318, 1.00, 1.00, 0.00, 1, 0, 1, 1, 0.00, 0.00, 0.00, NULL, 2026, 1, '84f95cb42dc6ee4ff9b076e3e185ed463b8e64b6f3228ca51d66bf99cfaf2631', 1, '2026-01-22 21:42:10', '2026-01-22 21:42:10'),
(936, 1, 3, 2, 3, 4, 4, 6, 55, 1, 13, 319, 3.00, 3.00, 0.00, 3, 0, 3, 3, 0.00, 0.00, 0.00, NULL, 2026, 1, '95f96df65f4dd2258aef125ebed6fd2bd51242c67c28b4753ce677cefe5beaab', 1, '2026-01-22 21:42:10', '2026-01-22 21:42:10'),
(937, 1, 3, 2, 3, 4, 4, 6, 55, 1, 13, 320, 1.00, 1.00, 0.00, 0, 1, 1, 1, 0.00, 0.00, 0.00, NULL, 2026, 1, '6cc078dfa7d1826a2027f9d5a3a4e4b57d65a8650c9c7f524de25d0ff32fffc3', 1, '2026-01-22 21:42:10', '2026-01-22 21:42:10'),
(938, 1, 3, 2, 3, 4, 4, 6, 55, 1, 13, 321, 1.00, 1.00, 0.00, 1, 0, 1, 1, 0.00, 0.00, 0.00, NULL, 2026, 1, '4cfadb656676607c57d0f61f2a253c40bc7af1e548387cde6bdaef1050eb9594', 1, '2026-01-22 21:42:10', '2026-01-22 21:42:10'),
(939, 1, 3, 2, 3, 4, 4, 6, 55, 1, 7, 267, 7.00, 7.00, 0.00, 5, 2, 7, 7, 0.00, 0.00, 0.00, NULL, 2026, 1, 'bed779787c1ef5a847a33817c4cbe0c1deaa86b1acc4f8035d4f3107149385be', 1, '2026-01-22 21:42:10', '2026-01-22 21:42:10'),
(940, 1, 3, 2, 3, 4, 4, 6, 55, 1, 10, 94, 20.00, 20.00, 0.00, 6, 14, 20, 20, 0.00, 0.00, 0.00, NULL, 2026, 1, '98318720379cf7a0544ffa691f15d1088224b33634ce68f628564b0fc874392a', 1, '2026-01-22 21:42:10', '2026-01-22 21:42:10'),
(941, 1, 3, 2, 3, 4, 4, 6, 55, 1, 5, 249, 13.00, 13.00, 0.00, 4, 9, 13, 13, 0.00, 0.00, 0.00, NULL, 2026, 1, '00244c794f5631ae8e37fee29989f557e3bd7c5601e7696e7783d31a365b6f65', 1, '2026-01-22 21:42:10', '2026-01-22 21:42:10'),
(942, 1, 3, 2, 3, 4, 4, 6, 55, 1, 5, 252, 9.00, 9.00, 0.00, 4, 5, 9, 9, 0.00, 0.00, 0.00, NULL, 2026, 1, '0d0a925780ee9af211a73acbc43aecc6a546bbc58f926a0f1634dcaba7f967a3', 1, '2026-01-22 21:42:10', '2026-01-22 21:42:10'),
(943, 1, 3, 2, 3, 4, 4, 6, 55, 1, 6, 83, 1.00, 1.00, 0.00, 1, 0, 1, 1, 0.00, 0.00, 0.00, NULL, 2026, 1, '2f2a02a0d4c141b6cb1931bf8d1237e2d00afb5f3464f280bf5adea955cf6a94', 1, '2026-01-22 21:42:10', '2026-01-22 21:42:10'),
(944, 1, 3, 2, 3, 4, 4, 6, 55, 1, 12, 207, 1.00, 1.00, 0.00, 1, 0, 1, 1, 0.00, 0.00, 0.00, NULL, 2026, 1, 'f183e21017a67c8104e281c44fc3c5ad330958c8c569d49455a0ea50f95ea00c', 1, '2026-01-22 21:42:10', '2026-01-22 21:42:10'),
(945, 1, 3, 2, 3, 4, 4, 6, 55, 1, 12, 126, 4.00, 4.00, 0.00, 3, 1, 4, 4, 0.00, 0.00, 0.00, NULL, 2026, 1, 'a47c5be44966e8838b97133da96258189baac4f237a2077b86dddf1580fa960a', 1, '2026-01-22 21:42:10', '2026-01-22 21:42:10'),
(946, 1, 3, 2, 3, 4, 4, 6, 55, 1, 12, 71, 9.00, 9.00, 0.00, 8, 1, 9, 9, 0.00, 0.00, 0.00, NULL, 2026, 1, '25afce96138af5a0cc6f9ea064a803808d6cca88f7774726660e0c10c2d1ff09', 1, '2026-01-22 21:42:10', '2026-01-22 21:42:10'),
(947, 1, 3, 2, 3, 4, 4, 6, 55, 1, 12, 72, 1.00, 1.00, 0.00, 1, 0, 1, 1, 0.00, 0.00, 0.00, NULL, 2026, 1, '8d219d82604264a379f92a4f19cea305c44019618e0cad22a3750c195fb3f389', 1, '2026-01-22 21:42:10', '2026-01-22 21:42:10'),
(948, 1, 3, 2, 3, 4, 4, 6, 55, 1, 12, 127, 8.00, 8.00, 0.00, 5, 3, 8, 8, 0.00, 0.00, 0.00, NULL, 2026, 1, '244b01925774fa465dcbeb4fae5d947783a0f52628094ea55d302bb929aab1a5', 1, '2026-01-22 21:42:10', '2026-01-22 21:42:10'),
(949, 1, 3, 2, 3, 4, 4, 6, 55, 1, 12, 317, 6.00, 6.00, 0.00, 4, 2, 6, 6, 0.00, 0.00, 0.00, NULL, 2026, 1, '7a77b04cc5721b47ed7f364d85293b484f0f6413f611bf8417ed38c7f09ae96a', 1, '2026-01-22 21:42:10', '2026-01-22 21:42:10'),
(950, 1, 3, 2, 3, 4, 4, 6, 55, 1, 12, 192, 1.00, 1.00, 0.00, 1, 0, 1, 1, 0.00, 0.00, 0.00, NULL, 2026, 1, '947528d2e87385a0735d61e627ce64777082f91bc6bdc9d889e03991e90bcbe7', 1, '2026-01-22 21:42:10', '2026-01-22 21:42:10'),
(951, 1, 3, 2, 3, 4, 4, 6, 55, 1, 12, 46, 12.00, 12.00, 0.00, 12, 0, 12, 12, 0.00, 0.00, 0.00, NULL, 2026, 1, '1376c6c7448cb654218fda19c04ca4e4f8a72074f4f4f736bc9de97065015790', 1, '2026-01-22 21:42:10', '2026-01-22 21:42:10'),
(952, 1, 3, 2, 3, 4, 4, 6, 55, 1, 18, 183, 1076.00, 0.00, 0.00, 0, 0, 0, 0, 0.00, 0.00, 0.00, NULL, 2026, 1, 'b52ebc41bbe475f1d55517fe04ee918e70957c0471b6a113da944d583b2a9bb9', 1, '2026-01-22 21:42:10', '2026-01-22 21:42:10'),
(953, 1, 3, 2, 3, 4, 4, 6, 55, 1, 11, 135, 7.00, 7.00, 0.00, 4, 3, 7, 7, 0.00, 0.00, 0.00, NULL, 2026, 1, 'a307eeec0b011c8dff470c7d208d66b2b519e3f0544faad5a546ea6e7d3964c2', 1, '2026-01-22 21:42:10', '2026-01-22 21:42:10'),
(954, 1, 3, 2, 3, 4, 4, 6, 55, 1, 11, 128, 3.00, 3.00, 0.00, 3, 0, 3, 3, 0.00, 0.00, 0.00, NULL, 2026, 1, 'e2d6cc9a08608e64c1a28a3dc145b771a286e52827bc4f066f11016146ae221c', 1, '2026-01-22 21:42:10', '2026-01-22 21:42:10'),
(955, 1, 3, 2, 3, 4, 4, 6, 55, 1, 11, 139, 8.00, 8.00, 0.00, 3, 5, 8, 8, 0.00, 0.00, 0.00, NULL, 2026, 1, 'cd4ac84e36c8a0f11e630e34ac8990d4b579c90b93a8ad9ddccf4b343780b670', 1, '2026-01-22 21:42:10', '2026-01-22 21:42:10'),
(956, 1, 3, 2, 3, 4, 4, 6, 55, 1, 11, 132, 12.00, 12.00, 0.00, 9, 3, 12, 1, 0.00, 0.00, 0.00, NULL, 2026, 1, '932b57d4d0f22ebcdd4de627a9370ebc0de05637f485ce290446919ca6576010', 1, '2026-01-22 21:42:10', '2026-01-22 21:42:10'),
(957, 1, 3, 2, 3, 4, 4, 6, 55, 1, 11, 138, 1.00, 1.00, 0.00, 1, 0, 1, 1, 0.00, 0.00, 0.00, NULL, 2026, 1, 'f612264849a1f2c3266d5a570f299b8019643af9c04a448a88cd4a13292d076f', 1, '2026-01-22 21:42:10', '2026-01-22 21:42:10'),
(958, 1, 3, 2, 3, 4, 4, 6, 55, 1, 11, 130, 4.00, 4.00, 0.00, 4, 0, 4, 4, 0.00, 0.00, 0.00, NULL, 2026, 1, '4eec5a01c326eabf1fdde9598810d1ee33ed8a9816883774401bd2fb0e9c0acd', 1, '2026-01-22 21:42:10', '2026-01-22 21:42:10'),
(959, 1, 3, 2, 3, 4, 4, 6, 55, 1, 3, 4, 2.00, 2.00, 0.00, 2, 0, 2, 2, 0.00, 0.00, 0.00, NULL, 2026, 1, 'e25192ce4b36f0a34f8abe0a360fe25025b5bb40b9fe75e6c6eff1a698883ac5', 1, '2026-01-22 21:42:10', '2026-01-22 21:42:10'),
(960, 1, 3, 2, 3, 4, 4, 6, 55, 1, 3, 235, 1.00, 1.00, 0.00, 0, 1, 1, 1, 0.00, 0.00, 0.00, NULL, 2026, 1, 'eb28a31744b74b1853596c97fdb05eed6e1e289480dc891b93a0fced01a93b70', 1, '2026-01-22 21:42:10', '2026-01-22 21:42:10'),
(961, 1, 3, 2, 3, 4, 4, 6, 55, 1, 3, 81, 4.00, 4.00, 0.00, 3, 1, 4, 4, 0.00, 0.00, 0.00, NULL, 2026, 1, 'eaa8ce0d17a918627b0a4a272e2d139856d97a71c31e1dec59b0a58bee7e2d00', 1, '2026-01-22 21:42:10', '2026-01-22 21:42:10'),
(962, 1, 3, 2, 3, 4, 4, 6, 55, 1, 4, 240, 2.00, 2.00, 0.00, 1, 1, 2, 2, 0.00, 0.00, 0.00, NULL, 2026, 1, '3cb2ac7440906a33315c1e1fc60064b80ccdbf59899c7c78fba0886d96a5ca43', 1, '2026-01-22 21:42:10', '2026-01-22 21:42:10'),
(963, 1, 3, 2, 3, 4, 4, 6, 55, 1, 4, 242, 1.00, 1.00, 0.00, 1, 0, 1, 1, 0.00, 0.00, 0.00, NULL, 2026, 1, 'b201d4c332b9eaa1e6abb01da9246c06872417447bf9dcf9605daed7ce54d0b1', 1, '2026-01-22 21:42:10', '2026-01-22 21:42:10'),
(964, 1, 3, 2, 3, 4, 4, 6, 55, 1, 9, 52, 3.00, 3.00, 0.00, 0, 3, 3, 3, 0.00, 0.00, 0.00, NULL, 2026, 1, '5e0b5c1dc7996dbddebc2303d54965d0f17f7ffcf98ae5bc81ae94c17f664b47', 1, '2026-01-22 21:42:10', '2026-01-22 21:42:10'),
(965, 1, 3, 2, 3, 4, 4, 6, 55, 1, 22, 98, 23.00, 23.00, 0.00, 3, 20, 23, 23, 0.00, 0.00, 0.00, NULL, 2026, 1, '7cb3a0d212133e99bcb03ff09fceb2cde4b8a58aca6d0af8ae308a9d50033c1b', 1, '2026-01-22 21:42:10', '2026-01-22 21:42:10'),
(966, 1, 3, 2, 3, 4, 4, 6, 55, 1, 12, 125, 1.00, 1.00, 0.00, 1, 0, 1, 1, 0.00, 0.00, 0.00, NULL, 2026, 1, '2095ed438b9cd575a7b6affc7f4ed2abf7662e5bd29e121ce9a945497e88b07e', 1, '2026-01-22 21:42:10', '2026-01-22 21:42:10'),
(967, 1, 3, 2, 3, 4, 4, 6, 55, 1, 11, 131, 1.00, 1.00, 0.00, 1, 0, 1, 1, 0.00, 0.00, 0.00, NULL, 2026, 1, '52e01249b391a442df8dff781fa32c3fddfcee9bd60df3eb0c2c95d7d8f683d8', 1, '2026-01-22 21:42:10', '2026-01-22 21:42:10'),
(968, 1, 3, 2, 3, 4, 4, 6, 55, 1, 15, 174, 3.00, 3.00, 0.00, 2, 1, 3, 3, 0.00, 0.00, 0.00, NULL, 2026, 1, '75516a33ca04362b5cc046c3ba67948a40bbc43680bd26242863f8a32ab65340', 1, '2026-01-22 21:42:10', '2026-01-22 21:42:10'),
(969, 1, 3, 2, 3, 4, 4, 6, 55, 1, 15, 173, 1.00, 1.00, 0.00, 1, 0, 1, 1, 0.00, 0.00, 0.00, NULL, 2026, 1, '38405ee5ae781fd0d2231bf5aba7663eb63755834d7657e1806ece95bf3ee0b9', 1, '2026-01-22 21:42:10', '2026-01-22 21:42:10'),
(970, 1, 3, 2, 3, 4, 4, 6, 55, 1, 15, 176, 1.00, 1.00, 0.00, 0, 1, 1, 1, 0.00, 0.00, 0.00, NULL, 2026, 1, 'b56486e13a11e21849e56567a307f19424d80435ee6b86e07312fb12105aa04a', 1, '2026-01-22 21:42:10', '2026-01-22 21:42:10'),
(971, 1, 3, 2, 3, 4, 4, 6, 55, 1, 18, 220, 4.00, 4.00, 0.00, 4, 0, 4, 4, 0.00, 0.00, 0.00, NULL, 2026, 1, 'c95035cdeaef0e2df4035b989f2fe3717d784bbc91fd8b03a58bb9831c82551e', 1, '2026-01-22 21:42:10', '2026-01-22 21:42:10'),
(972, 1, 3, 2, 3, 4, 4, 6, 55, 1, 9, 67, 1.00, 1.00, 0.00, 1, 0, 1, 1, 0.00, 0.00, 0.00, NULL, 2026, 1, 'bedd6b40db9d00a48ae076979225f48561ab6f623ad7fe12fb4c55b5c5be2dd6', 1, '2026-01-22 21:42:10', '2026-01-22 21:42:10'),
(973, 1, 3, 2, 3, 4, 4, 6, 55, 1, 9, 295, 15.00, 15.00, 0.00, 10, 5, 15, 15, 0.00, 0.00, 0.00, NULL, 2026, 1, '199a8893b3e162d4e232802ebbc80199db097d52cd8adc39a55243238daaf50c', 1, '2026-01-22 21:42:10', '2026-01-22 21:42:10'),
(974, 1, 3, 2, 3, 4, 4, 6, 55, 1, 9, 66, 2.00, 2.00, 0.00, 1, 1, 2, 2, 0.00, 0.00, 0.00, NULL, 2026, 1, '7bd9bc14f1c2afa53a0abfc47617dd7064ce3b8fd405824a1e4bc1c8f8399827', 1, '2026-01-22 21:42:10', '2026-01-22 21:42:10'),
(975, 1, 3, 2, 3, 4, 4, 6, 55, 1, 9, 35, 5.00, 5.00, 0.00, 0, 5, 5, 5, 0.00, 0.00, 0.00, NULL, 2026, 1, 'e388835dde0e539db916b05a625cde569edf1de132161a2037b06c0c768444a7', 1, '2026-01-22 21:42:10', '2026-01-22 21:42:10'),
(976, 1, 3, 2, 3, 4, 4, 6, 55, 1, 12, 123, 4.00, 4.00, 0.00, 4, 0, 4, 4, 0.00, 0.00, 0.00, NULL, 2026, 1, '0e166a4c6eb96d27f5135f51b8304170e6f3cb79caf9b3f544cb03d839a4b2af', 1, '2026-01-22 21:42:10', '2026-01-22 21:42:10'),
(977, 1, 3, 2, 3, 4, 4, 6, 55, 1, 13, 53, 1.00, 1.00, 0.00, 1, 0, 1, 1, 0.00, 0.00, 0.00, NULL, 2026, 1, '8fdbbcf572a6f3e5fe1d324d94961033caa532a0181e52cb125b9c444b13347d', 1, '2026-01-22 21:42:10', '2026-01-22 21:42:10'),
(978, 1, 3, 2, 3, 4, 4, 6, 55, 1, 7, 264, 1.00, 1.00, 0.00, 1, 0, 1, 1, 0.00, 0.00, 0.00, NULL, 2026, 1, '328240f97898cc73e4fc4966680b8e7c3164df0be145e4d5a6a7ca3a6f2e5571', 1, '2026-01-22 21:42:10', '2026-01-22 21:42:10'),
(979, 1, 3, 2, 3, 4, 4, 6, 55, 1, 7, 23, 1.00, 1.00, 0.00, 1, 0, 1, 1, 0.00, 0.00, 0.00, NULL, 2026, 1, '2b71dc3c4ea050079a120c1a0566d770371280e600820d437552eb7021ea1e47', 1, '2026-01-22 21:42:10', '2026-01-22 21:42:10'),
(980, 1, 3, 2, 3, 4, 4, 6, 55, 1, 7, 266, 2.00, 2.00, 0.00, 1, 1, 2, 2, 0.00, 0.00, 0.00, NULL, 2026, 1, '33ea2ed93eeb9d37de1cb6b13c4b0e12195d3426e32c72e65f779ea2e9b2a403', 1, '2026-01-22 21:42:10', '2026-01-22 21:42:10'),
(981, 1, 3, 2, 3, 4, 4, 6, 55, 1, 5, 250, 1.00, 1.00, 0.00, 1, 0, 1, 1, 0.00, 0.00, 0.00, NULL, 2026, 1, '97238ce632c48f76e156959c47da2a5833195ea4b153600a649010728975627f', 1, '2026-01-22 21:42:10', '2026-01-22 21:42:10'),
(982, 1, 3, 2, 3, 4, 4, 6, 55, 1, 19, 276, 1.00, 1.00, 0.00, 0, 1, 1, 1, 0.00, 0.00, 0.00, NULL, 2026, 1, '939fb726ce59b9cf2df3c8532799f33602addf8cd8fc5d124c2c8a6ad8fd61f2', 1, '2026-01-22 21:42:10', '2026-01-22 21:42:10'),
(983, 1, 3, 2, 3, 4, 4, 6, 55, 1, 16, 59, 3.00, 3.00, 0.00, 0, 3, 3, 3, 0.00, 0.00, 0.00, NULL, 2026, 1, '6ff35e2d96352d956bab189490234ad660f9eec4c896b9a9508dda91ef830ffb', 1, '2026-01-22 21:42:10', '2026-01-22 21:42:10'),
(984, 1, 3, 2, 3, 4, 4, 6, 55, 1, 15, 171, 4.00, 4.00, 0.00, 2, 2, 4, 4, 0.00, 0.00, 0.00, NULL, 2026, 1, '107062c3d79cb995a5a827241d6b707cfd2c2a1efd589770e0ef9ab26c2074b8', 1, '2026-01-22 21:42:10', '2026-01-22 21:42:10'),
(985, 1, 3, 2, 3, 4, 4, 6, 55, 1, 4, 111, 2.00, 2.00, 0.00, 1, 1, 2, 2, 0.00, 0.00, 0.00, NULL, 2026, 1, 'ab7842566abf5dcb8f6cf74a0b63b43efcc85d13ada469521eed614ac93682d0', 1, '2026-01-22 21:42:10', '2026-01-22 21:42:10'),
(986, 1, 3, 2, 3, 4, 4, 6, 56, 1, 11, 134, 17.00, 17.00, 0.00, 12, 5, 17, 17, 0.00, 0.00, 0.00, NULL, 2026, 1, '74e628c49bfd9fb015d0a6a2c6d0bc4557066ab950f383320dbc2d5a9d2ee703', 1, '2026-01-22 21:42:10', '2026-01-22 21:42:10'),
(987, 1, 3, 2, 3, 4, 4, 6, 56, 1, 11, 139, 107.00, 107.00, 0.00, 59, 48, 107, 107, 0.00, 0.00, 0.00, NULL, 2026, 1, '6d9b8c1bbfc4720701762c4d2e5f892ee158acc1ad7811f281ab0cd672b9636a', 1, '2026-01-22 21:42:10', '2026-01-22 21:42:10'),
(988, 1, 3, 2, 3, 4, 4, 6, 56, 1, 11, 129, 48.00, 48.00, 0.00, 1, 47, 48, 48, 0.00, 0.00, 0.00, NULL, 2026, 1, '0407ae25b8f5e14e8005502a9f58444b19d96dd1ce3ad8f53a051761b3c3cf4f', 1, '2026-01-22 21:42:10', '2026-01-22 21:42:10'),
(989, 1, 3, 2, 3, 4, 4, 6, 56, 1, 3, 81, 20.00, 20.00, 0.00, 10, 10, 20, 20, 0.00, 0.00, 0.00, NULL, 2026, 1, '37142a66e9719c7961e1f871085a5d7d9df70ce7611db77730a544bb34d9dc8e', 1, '2026-01-22 21:42:10', '2026-01-22 21:42:10'),
(990, 1, 3, 2, 3, 4, 4, 6, 56, 1, 15, 74, 125.00, 125.00, 0.00, 6, 119, 125, 125, 0.00, 0.00, 0.00, NULL, 2026, 1, '8454491b59f299da50d38176b25ca69e1ddd62f4ffacdd6d94c62d3e275e2ac7', 1, '2026-01-22 21:42:10', '2026-01-22 21:42:10'),
(991, 1, 3, 2, 3, 4, 4, 6, 56, 1, 15, 176, 3.00, 3.00, 0.00, 1, 2, 3, 3, 0.00, 0.00, 0.00, NULL, 2026, 1, '0b7e1c4b2c14586828854bb05cd2c2d3b4a5d1443d2c6d15f25f75fa9972662c', 1, '2026-01-22 21:42:10', '2026-01-22 21:42:10'),
(992, 1, 3, 2, 3, 4, 4, 6, 56, 1, 4, 11, 155.00, 155.00, 0.00, 10, 145, 155, 155, 0.00, 0.00, 0.00, NULL, 2026, 1, 'd351179814d1faa6a4e14471a03260f48c2199011e3439ca21657173847eddec', 1, '2026-01-22 21:42:10', '2026-01-22 21:42:10'),
(993, 1, 3, 2, 3, 4, 4, 6, 56, 1, 9, 65, 123.00, 123.00, 0.00, 0, 123, 123, 123, 0.00, 0.00, 0.00, NULL, 2026, 1, '221b6102e8a1524a07a6892032bf9cc0191949cb668d28e81b3930b44538c72a', 1, '2026-01-22 21:42:10', '2026-01-22 21:42:10'),
(994, 1, 3, 2, 3, 4, 4, 6, 56, 1, 13, 47, 36.00, 36.00, 0.00, 15, 21, 36, 36, 0.00, 0.00, 0.00, NULL, 2026, 1, 'cf00e59fbcd472103ec89b29643a9918a99bf6a886a9e4dfda83d01f86af7845', 1, '2026-01-22 21:42:10', '2026-01-22 21:42:10'),
(995, 1, 3, 2, 3, 4, 4, 6, 56, 1, 21, 96, 22.00, 22.00, 0.00, 21, 1, 22, 22, 0.00, 0.00, 0.00, NULL, 2026, 1, '629e0d7ea13612351900d197ed8aadd4850bc047ee7ef873763c1e89cbe6762a', 1, '2026-01-22 21:42:10', '2026-01-22 21:42:10'),
(996, 1, 3, 2, 3, 4, 4, 6, 56, 1, 10, 94, 115.00, 115.00, 0.00, 43, 72, 115, 115, 0.00, 0.00, 0.00, NULL, 2026, 1, 'f952a9bfccde2e3841defe3c7f9fb275d00a24ee5ec3fec484cd20a00540343c', 1, '2026-01-22 21:42:10', '2026-01-22 21:42:10'),
(997, 1, 3, 2, 3, 4, 4, 6, 56, 1, 5, 189, 131.00, 131.00, 0.00, 85, 46, 131, 131, 0.00, 0.00, 0.00, NULL, 2026, 1, 'fa282a4da6ad4cd5984a3b79a2e4c58c6cfe4524fd89b5d0f5b346235603898d', 1, '2026-01-22 21:42:10', '2026-01-22 21:42:10'),
(998, 1, 3, 2, 3, 4, 4, 6, 56, 1, 6, 83, 5.00, 5.00, 0.00, 3, 2, 5, 5, 0.00, 0.00, 0.00, NULL, 2026, 1, '7182c63c9f4d67d94acadc20d853447c334a41263a39292c6e475aac6b1aedc2', 1, '2026-01-22 21:42:10', '2026-01-22 21:42:10'),
(999, 1, 3, 2, 3, 4, 4, 6, 56, 1, 12, 126, 25.00, 25.00, 0.00, 11, 14, 25, 25, 0.00, 0.00, 0.00, NULL, 2026, 1, 'f5c4f6272c3008a98e993220d266ac664d645b2a96a83319376e0a7b8600c849', 1, '2026-01-22 21:42:10', '2026-01-22 21:42:10'),
(1000, 1, 3, 2, 3, 4, 4, 6, 56, 1, 12, 317, 5.00, 5.00, 0.00, 0, 5, 5, 5, 0.00, 0.00, 0.00, NULL, 2026, 1, '308f09714cedc07e4f8022917fd95131005b7da5506b16ea0ddb77ece08551a1', 1, '2026-01-22 21:42:10', '2026-01-22 21:42:10'),
(1001, 1, 3, 2, 3, 4, 4, 6, 56, 1, 12, 46, 46.00, 46.00, 0.00, 25, 21, 46, 1, 0.00, 0.00, 0.00, NULL, 2026, 1, '34cf91237e46fc4e859e88dcaf16ec79802ef2ad4e34c7fb1e2f20155d41aea5', 1, '2026-01-22 21:42:10', '2026-01-22 21:42:10'),
(1002, 1, 3, 2, 3, 4, 4, 6, 56, 1, 9, 295, 76.00, 76.00, 0.00, 26, 50, 76, 76, 0.00, 0.00, 0.00, NULL, 2026, 1, '86e9c73711baf3d0cd92d9628e08341d9e78cb9661fdec81e0fcc4d503d184c8', 1, '2026-01-22 21:42:10', '2026-01-22 21:42:10'),
(1003, 1, 3, 2, 3, 4, 4, 6, 56, 1, 18, 183, 2020.00, 0.00, 0.00, 0, 0, 0, 0, 0.00, 0.00, 0.00, NULL, 2026, 1, '0e5f9f405711540fa16ea53103e2e10644f71fc265f3a3f234dc9ff90b9848fb', 1, '2026-01-22 21:42:10', '2026-01-22 21:42:10'),
(1004, 1, 3, 2, 3, 4, 4, 6, 56, 1, 11, 131, 21.00, 21.00, 0.00, 11, 10, 21, 21, 0.00, 0.00, 0.00, NULL, 2026, 1, '27e2a8f1edd3d1865cdbcc6ebed2a4c3d5276abbe3fe60d61ada06695789e89c', 1, '2026-01-22 21:42:10', '2026-01-22 21:42:10'),
(1005, 1, 3, 2, 3, 4, 4, 6, 56, 1, 11, 130, 30.00, 30.00, 0.00, 1, 29, 30, 30, 0.00, 0.00, 0.00, NULL, 2026, 1, '3237dc4f7120f063a9f7caa342b91daf6ef36f5456abcf18ca71804ee93181ad', 1, '2026-01-22 21:42:10', '2026-01-22 21:42:10'),
(1006, 1, 3, 2, 3, 4, 4, 6, 56, 1, 3, 80, 60.00, 60.00, 0.00, 0, 60, 60, 60, 0.00, 0.00, 0.00, NULL, 2026, 1, '6e6f1c36f4d56f82c3962aea2a8de55f9ad9675a7a475043db43f290e102e016', 1, '2026-01-22 21:42:10', '2026-01-22 21:42:10'),
(1007, 1, 3, 2, 3, 4, 4, 6, 56, 1, 4, 245, 6.00, 6.00, 0.00, 0, 6, 6, 6, 0.00, 0.00, 0.00, NULL, 2026, 1, 'a3513bfffa74ff57cc5694bed1aa1d1bea3629b1a6a9b353e1e13bf00fa992fd', 1, '2026-01-22 21:42:10', '2026-01-22 21:42:10'),
(1008, 1, 3, 2, 3, 4, 4, 6, 56, 1, 4, 111, 6.00, 6.00, 0.00, 1, 5, 6, 6, 0.00, 0.00, 0.00, NULL, 2026, 1, 'eb2a4a35797e52aaeed6144a8d43ecab72b11286d1c43a5ed2c142b7589f756a', 1, '2026-01-22 21:42:10', '2026-01-22 21:42:10'),
(1009, 1, 3, 2, 3, 4, 4, 6, 56, 1, 22, 98, 25.00, 25.00, 0.00, 10, 15, 25, 25, 0.00, 0.00, 0.00, NULL, 2026, 1, '9a2e2d8cf172f9ae6fd549ff1af1e098b6f057a1dfe0fff3f5c0ea890a63f740', 1, '2026-01-22 21:42:10', '2026-01-22 21:42:10'),
(1010, 1, 3, 2, 3, 4, 4, 6, 56, 1, 10, 311, 20.00, 20.00, 0.00, 0, 20, 20, 20, 0.00, 0.00, 0.00, NULL, 2026, 1, '3fcca2f213fd64c421171a7672e1907f5e15df89e9df0f330376cf4bc0e924ab', 1, '2026-01-22 21:42:10', '2026-01-22 21:42:10'),
(1011, 1, 3, 2, 3, 4, 4, 6, 56, 1, 12, 71, 6.00, 6.00, 0.00, 4, 2, 6, 6, 0.00, 0.00, 0.00, NULL, 2026, 1, '6bb76be55a3245ef4cc0a770499feb6d88bc3db8859eb2c7278ebb848b932e32', 1, '2026-01-22 21:42:10', '2026-01-22 21:42:10'),
(1012, 1, 3, 2, 3, 4, 4, 6, 56, 1, 9, 35, 11.00, 11.00, 0.00, 1, 10, 11, 11, 0.00, 0.00, 0.00, NULL, 2026, 1, 'bd6d88912527834c4a594b72f8a81e6e902ceda3c4c4f08ad8ef5142b6b8c96b', 1, '2026-01-22 21:42:10', '2026-01-22 21:42:10'),
(1013, 1, 3, 2, 3, 4, 4, 6, 56, 1, 11, 136, 95.00, 95.00, 0.00, 85, 10, 95, 95, 0.00, 0.00, 0.00, NULL, 2026, 1, '39de79ff6de3497a57665b2bc5a429c03d3a418dce8770306d9b3a5a15fc8829', 1, '2026-01-22 21:42:11', '2026-01-22 21:42:11'),
(1014, 1, 3, 2, 3, 4, 4, 6, 56, 1, 11, 135, 60.00, 60.00, 0.00, 43, 17, 60, 60, 0.00, 0.00, 0.00, NULL, 2026, 1, 'acbb67b66f6bd7fd864da9fc3e4d68d36d9ac308162949bd324bcb3798d036c6', 1, '2026-01-22 21:42:11', '2026-01-22 21:42:11'),
(1015, 1, 3, 2, 3, 4, 4, 6, 56, 1, 3, 3, 370.00, 370.00, 0.00, 66, 304, 370, 370, 0.00, 0.00, 0.00, NULL, 2026, 1, '392d5d51f05d677ed22390af11be22320088746c920fadbfb2d7e90d72c75b22', 1, '2026-01-22 21:42:11', '2026-01-22 21:42:11'),
(1016, 1, 3, 2, 3, 4, 4, 6, 56, 1, 18, 110, 15.00, 15.00, 0.00, 5, 10, 15, 15, 0.00, 0.00, 0.00, NULL, 2026, 1, 'ce4b29104a15e160ab52eda5fadf52291a3eb12ba922f0cee2547967f16329ee', 1, '2026-01-22 21:42:11', '2026-01-22 21:42:11'),
(1017, 1, 3, 2, 3, 4, 4, 6, 56, 1, 9, 288, 40.00, 40.00, 0.00, 1, 39, 40, 40, 0.00, 0.00, 0.00, NULL, 2026, 1, '618440f5daf1a145506cd6c45237b41965a4a618cd7087f441236eb05654fe5e', 1, '2026-01-22 21:42:11', '2026-01-22 21:42:11'),
(1018, 1, 3, 2, 3, 4, 4, 6, 56, 1, 9, 31, 60.00, 60.00, 0.00, 30, 30, 60, 60, 0.00, 0.00, 0.00, NULL, 2026, 1, '2644711b28c586f1122626405225481cbb742e5bbd1a0a446081ed13ff2ac5d8', 1, '2026-01-22 21:42:11', '2026-01-22 21:42:11'),
(1019, 1, 3, 2, 3, 4, 4, 6, 56, 1, 11, 137, 45.00, 45.00, 0.00, 36, 9, 45, 45, 0.00, 0.00, 0.00, NULL, 2026, 1, 'e3d074e52148cfa64797c35caf2d7fa8f503a3fd851282101d5d68a220b8587d', 1, '2026-01-22 21:42:11', '2026-01-22 21:42:11'),
(1020, 1, 3, 2, 3, 4, 4, 6, 56, 1, 15, 49, 5.00, 5.00, 0.00, 4, 1, 5, 5, 0.00, 0.00, 0.00, NULL, 2026, 1, '177dc1c13e459606483ac01bb5be513622857f2d9a7debc77d3167996a2716bd', 1, '2026-01-22 21:42:11', '2026-01-22 21:42:11'),
(1021, 1, 3, 2, 3, 4, 4, 6, 56, 1, 15, 174, 2.00, 2.00, 0.00, 1, 1, 2, 2, 0.00, 0.00, 0.00, NULL, 2026, 1, '518a2eb774824b3fce424c508cd12d4c6b3981ca150d57767ea94c1eef59e88f', 1, '2026-01-22 21:42:11', '2026-01-22 21:42:11'),
(1022, 1, 3, 2, 3, 4, 4, 6, 56, 1, 15, 173, 3.00, 3.00, 0.00, 3, 0, 3, 3, 0.00, 0.00, 0.00, NULL, 2026, 1, '170754c93fe65de0bc7f77083bbf4b090d009f46d5ac12bbbe016b83d22a9e0a', 1, '2026-01-22 21:42:11', '2026-01-22 21:42:11'),
(1023, 1, 3, 2, 3, 4, 4, 6, 56, 1, 15, 177, 2.00, 2.00, 0.00, 2, 0, 2, 2, 0.00, 0.00, 0.00, NULL, 2026, 1, 'c09d417ff4e6df2dde27649afed8ed67cce8614fa494f44dbc75b5f28ec7a8ec', 1, '2026-01-22 21:42:11', '2026-01-22 21:42:11'),
(1024, 1, 3, 2, 3, 4, 4, 6, 56, 1, 15, 73, 2.00, 2.00, 0.00, 1, 1, 2, 2, 0.00, 0.00, 0.00, NULL, 2026, 1, '74bec53a9cd8e4d30491fd44f3942f0e9a246e73489c89926d6d7ce056741379', 1, '2026-01-22 21:42:11', '2026-01-22 21:42:11'),
(1025, 1, 3, 2, 3, 4, 4, 6, 56, 1, 15, 172, 5.00, 5.00, 0.00, 5, 0, 5, 5, 0.00, 0.00, 0.00, NULL, 2026, 1, '00f7de2aa87e140d4d6098bafa907694c8ff7907d5a19b4624bfae801b2859cb', 1, '2026-01-22 21:42:11', '2026-01-22 21:42:11'),
(1026, 1, 3, 2, 3, 4, 4, 6, 56, 1, 15, 175, 3.00, 3.00, 0.00, 1, 2, 3, 3, 0.00, 0.00, 0.00, NULL, 2026, 1, '4067d66bb7f0865025da4c4316603f9301d54b02c4799edb1554194fd64773e0', 1, '2026-01-22 21:42:11', '2026-01-22 21:42:11'),
(1027, 1, 3, 2, 3, 4, 4, 6, 56, 1, 15, 170, 1.00, 1.00, 0.00, 1, 0, 1, 1, 0.00, 0.00, 0.00, NULL, 2026, 1, 'f93b2dee01f0d4b720acb54fd1f997f5b26894c69e04b99bef64b35882e188c8', 1, '2026-01-22 21:42:11', '2026-01-22 21:42:11'),
(1028, 1, 3, 2, 3, 4, 4, 6, 56, 1, 15, 171, 13.00, 13.00, 0.00, 10, 3, 13, 13, 0.00, 0.00, 0.00, NULL, 2026, 1, '3c78ab131e576363f85ac191feef01a5782305f818e25fc69712231fd19df9fa', 1, '2026-01-22 21:42:11', '2026-01-22 21:42:11'),
(1029, 1, 3, 2, 3, 4, 4, 6, 56, 1, 18, 213, 10.00, 10.00, 0.00, 6, 4, 10, 10, 0.00, 0.00, 0.00, NULL, 2026, 1, '465182c02c8333e9d0db2bb4ea081532329053e231eeec4344c132b51eb40e68', 1, '2026-01-22 21:42:11', '2026-01-22 21:42:11'),
(1030, 1, 3, 2, 3, 4, 4, 6, 56, 1, 18, 220, 10.00, 10.00, 0.00, 8, 2, 10, 10, 0.00, 0.00, 0.00, NULL, 2026, 1, '89709c4f19d54effabddb14f05558ac4ec8b360fb38a710d145141527ae66615', 1, '2026-01-22 21:42:11', '2026-01-22 21:42:11'),
(1031, 1, 3, 2, 3, 4, 4, 6, 56, 1, 18, 76, 10.00, 10.00, 0.00, 8, 2, 10, 10, 0.00, 0.00, 0.00, NULL, 2026, 1, '3b0aa25099200d50b6d12142f382097ca8e668273ca170b2cc10542056966656', 1, '2026-01-22 21:42:11', '2026-01-22 21:42:11'),
(1032, 1, 3, 2, 3, 4, 4, 6, 56, 1, 9, 32, 36.00, 36.00, 0.00, 10, 26, 36, 36, 0.00, 0.00, 0.00, NULL, 2026, 1, 'd5c722b539f53cdd83580fe9d83928605b3d43c2a361b5896dd2ecf1817c6f21', 1, '2026-01-22 21:42:11', '2026-01-22 21:42:11'),
(1033, 1, 3, 2, 3, 4, 4, 6, 56, 1, 9, 36, 28.00, 28.00, 0.00, 2, 26, 28, 28, 0.00, 0.00, 0.00, NULL, 2026, 1, '6370e8a353c78556ac128dc9d134ee84f577f1eb9b0ed73e68b010734b026cf0', 1, '2026-01-22 21:42:11', '2026-01-22 21:42:11'),
(1034, 1, 3, 2, 3, 4, 4, 6, 56, 1, 5, 51, 14.00, 14.00, 0.00, 12, 2, 14, 14, 0.00, 0.00, 0.00, NULL, 2026, 1, '476f52d92e6e549954a4c8bf9ec4dc4e274d99db347364094f56b975dae329b3', 1, '2026-01-22 21:42:11', '2026-01-22 21:42:11'),
(1035, 1, 3, 2, 3, 4, 4, 6, 56, 1, 5, 249, 3.00, 3.00, 0.00, 2, 1, 3, 3, 0.00, 0.00, 0.00, NULL, 2026, 1, 'a9ee8de960c49b7cb6f9ed8c38c6ae12f25e8c75256e8a351d69f85d8db133db', 1, '2026-01-22 21:42:11', '2026-01-22 21:42:11'),
(1036, 1, 3, 2, 3, 4, 4, 6, 56, 1, 5, 250, 3.00, 3.00, 0.00, 1, 2, 3, 3, 0.00, 0.00, 0.00, NULL, 2026, 1, '24478f3ccb9962ea765c8990c79f7206b15c64f69886aaf35eb472c1a65932cc', 1, '2026-01-22 21:42:11', '2026-01-22 21:42:11'),
(1037, 1, 3, 2, 3, 4, 4, 6, 56, 1, 5, 14, 15.00, 15.00, 0.00, 14, 1, 15, 15, 0.00, 0.00, 0.00, NULL, 2026, 1, 'ed64a90ef59bf430494e437a605d336e715cac8cc4322d477e21feb1438d412e', 1, '2026-01-22 21:42:11', '2026-01-22 21:42:11'),
(1038, 1, 3, 2, 3, 4, 4, 6, 56, 1, 5, 251, 14.00, 14.00, 0.00, 14, 0, 14, 14, 0.00, 0.00, 0.00, NULL, 2026, 1, '6487a3e2b90740f84832cff94f608805dca1a026345f3a2e6fad34d92b8f8ecb', 1, '2026-01-22 21:42:11', '2026-01-22 21:42:11'),
(1039, 1, 3, 2, 3, 4, 4, 6, 56, 1, 5, 252, 2.00, 2.00, 0.00, 2, 0, 2, 2, 0.00, 0.00, 0.00, NULL, 2026, 1, 'da85a813feb0573fff83e12bb7c04a1fda403e5a4cb0f62fb9d40577c3de946a', 1, '2026-01-22 21:42:11', '2026-01-22 21:42:11'),
(1040, 1, 3, 2, 3, 4, 4, 6, 56, 1, 16, 59, 7.00, 7.00, 0.00, 0, 7, 7, 7, 0.00, 0.00, 0.00, NULL, 2026, 1, '70058f06216b0f9800fe706ec8a732bf98054c61ad2e285e08b121208a59df40', 1, '2026-01-22 21:42:11', '2026-01-22 21:42:11'),
(1041, 1, 3, 2, 3, 4, 4, 6, 56, 1, 9, 301, 8.00, 8.00, 0.00, 0, 8, 8, 8, 0.00, 0.00, 0.00, NULL, 2026, 1, 'f1287c1a6191d5273074b7f83e9dd5d52108feb108c105663441b100e76d44a8', 1, '2026-01-22 21:42:11', '2026-01-22 21:42:11'),
(1042, 1, 3, 2, 3, 4, 4, 6, 56, 1, 9, 303, 32.00, 32.00, 0.00, 0, 32, 32, 32, 0.00, 0.00, 0.00, NULL, 2026, 1, '0606545371d55d3dade538aeb3bd0df0b9039728036af3a42bd48c890f2b061a', 1, '2026-01-22 21:42:11', '2026-01-22 21:42:11'),
(1043, 1, 3, 2, 3, 4, 4, 6, 56, 1, 13, 53, 16.00, 16.00, 0.00, 13, 3, 16, 16, 0.00, 0.00, 0.00, NULL, 2026, 1, '70c47c6d174f468c0f00a21f322a7757352a562de2eccb0f87e29e8a467b83b1', 1, '2026-01-22 21:42:11', '2026-01-22 21:42:11'),
(1044, 1, 3, 2, 3, 4, 4, 6, 56, 1, 13, 319, 5.00, 5.00, 0.00, 3, 2, 5, 5, 0.00, 0.00, 0.00, NULL, 2026, 1, '0d9859dcd5743bc2f6aba71783d95ebb45f76ac0f12848bb3d9ad9a2ea98959c', 1, '2026-01-22 21:42:11', '2026-01-22 21:42:11'),
(1045, 1, 3, 2, 3, 4, 4, 6, 56, 1, 13, 321, 17.00, 17.00, 0.00, 16, 1, 17, 17, 0.00, 0.00, 0.00, NULL, 2026, 1, 'c7a7e05a7b7edbf84818b724fee914da4dcf140eaa2313ee0e7f097d1101bde5', 1, '2026-01-22 21:42:11', '2026-01-22 21:42:11'),
(1046, 1, 3, 2, 3, 4, 4, 6, 57, 1, 11, 139, 1.00, 1.00, 0.00, 1, 0, 1, 1, 0.00, 0.00, 0.00, NULL, 2026, 1, 'b1b5a167dfff481617dcdb93b9c7476e4adafa4b304508a7b569a9ac5012ab31', 1, '2026-01-22 21:42:11', '2026-01-22 21:42:11'),
(1047, 1, 3, 2, 3, 4, 4, 6, 57, 1, 11, 44, 1.00, 1.00, 0.00, 1, 0, 1, 1, 0.00, 0.00, 0.00, NULL, 2026, 1, '6226569257d0d1a156a04e68215660981ce49fd484435d1a0c3d381ea777c423', 1, '2026-01-22 21:42:11', '2026-01-22 21:42:11'),
(1048, 1, 3, 2, 3, 4, 4, 6, 57, 1, 11, 130, 1.00, 1.00, 0.00, 1, 0, 1, 1, 0.00, 0.00, 0.00, NULL, 2026, 1, '8ac5649f5d07564b2c6e74503649db031aff61c74813026ae27103f934e229be', 1, '2026-01-22 21:42:11', '2026-01-22 21:42:11'),
(1049, 1, 3, 2, 3, 4, 4, 6, 57, 1, 15, 177, 2.00, 2.00, 0.00, 1, 1, 2, 2, 0.00, 0.00, 0.00, NULL, 2026, 1, 'cb8cb087eaa7fc10506cb63ccd847592a3ed0949f5385895f6f4ecef6fac61b7', 1, '2026-01-22 21:42:11', '2026-01-22 21:42:11'),
(1050, 1, 3, 2, 3, 4, 4, 6, 57, 1, 15, 73, 1.00, 1.00, 0.00, 1, 0, 1, 1, 0.00, 0.00, 0.00, NULL, 2026, 1, '15daeeb4d67ad9cfd9850b1595c7cf15cdf97a5ec1f65cd47c9d95dd5f3df419', 1, '2026-01-22 21:42:11', '2026-01-22 21:42:11'),
(1051, 1, 3, 2, 3, 4, 4, 6, 57, 1, 9, 32, 3.00, 3.00, 0.00, 1, 2, 3, 3, 0.00, 0.00, 0.00, NULL, 2026, 1, 'be15565ac2f53f334869f91c7ec22c678616f8dbeaf90cc61fd3efd2f234d68e', 1, '2026-01-22 21:42:11', '2026-01-22 21:42:11'),
(1052, 1, 3, 2, 3, 4, 4, 6, 57, 1, 9, 301, 1.00, 1.00, 0.00, 1, 0, 1, 1, 0.00, 0.00, 0.00, NULL, 2026, 1, 'efbac0259e9f7b55b6a686e6bf5775268603c686fd199868460ea7737c656e35', 1, '2026-01-22 21:42:11', '2026-01-22 21:42:11'),
(1053, 1, 3, 2, 3, 4, 4, 6, 57, 1, 13, 47, 5.00, 5.00, 0.00, 3, 2, 5, 5, 0.00, 0.00, 0.00, NULL, 2026, 1, '00f56e2cdf8e6e6170747cb90eb662e37dba65002fb4cf31c4ac6d8fd31c0a21', 1, '2026-01-22 21:42:11', '2026-01-22 21:42:11'),
(1054, 1, 3, 2, 3, 4, 4, 6, 57, 1, 13, 318, 2.00, 2.00, 0.00, 1, 1, 2, 2, 0.00, 0.00, 0.00, NULL, 2026, 1, '5c928283b5a7c8f66dae9364cfcc7b1aae83f2c52a0aa683b0f9eb7d5b530f59', 1, '2026-01-22 21:42:11', '2026-01-22 21:42:11'),
(1055, 1, 3, 2, 3, 4, 4, 6, 57, 1, 12, 126, 1.00, 1.00, 0.00, 1, 0, 1, 1, 0.00, 0.00, 0.00, NULL, 2026, 1, 'af0116db3b1d45643f068281a450cfbcbeb54758e36d512e89e4c4640d65e484', 1, '2026-01-22 21:42:11', '2026-01-22 21:42:11'),
(1056, 1, 3, 2, 3, 4, 4, 6, 57, 1, 12, 317, 1.00, 1.00, 0.00, 1, 0, 1, 1, 0.00, 0.00, 0.00, NULL, 2026, 1, 'caeb1f7dae9a20cd5ab528efa8079c24dbf3cb4b491cadac5422411bc50d0bed', 1, '2026-01-22 21:42:11', '2026-01-22 21:42:11'),
(1057, 1, 3, 2, 3, 4, 4, 6, 57, 1, 12, 192, 1.00, 1.00, 0.00, 1, 0, 1, 1, 0.00, 0.00, 0.00, NULL, 2026, 1, '73089ba3f48946e68aecd8e07071491fab2da1b12ca0fdf8bae0a80f85d93725', 1, '2026-01-22 21:42:11', '2026-01-22 21:42:11'),
(1058, 1, 3, 2, 3, 4, 4, 6, 57, 1, 11, 134, 3.00, 3.00, 0.00, 3, 0, 3, 3, 0.00, 0.00, 0.00, NULL, 2026, 1, '847591b6d087de2a2f42b655618483746938c71220b1452e47a230b52caa11b8', 1, '2026-01-22 21:42:11', '2026-01-22 21:42:11'),
(1059, 1, 3, 2, 3, 4, 4, 6, 57, 1, 11, 135, 1.00, 1.00, 0.00, 0, 1, 1, 1, 0.00, 0.00, 0.00, NULL, 2026, 1, '41daa2a098b170242d4ae467974822ff03d99cb385fbf341d97d66f203b3cb29', 1, '2026-01-22 21:42:11', '2026-01-22 21:42:11'),
(1060, 1, 3, 2, 3, 4, 4, 6, 57, 1, 11, 132, 2.00, 2.00, 0.00, 1, 1, 2, 2, 0.00, 0.00, 0.00, NULL, 2026, 1, '59a8a929350aee0e7c58098122c73b3b44f6046e3c470c434bf37fa7d5c5d077', 1, '2026-01-22 21:42:11', '2026-01-22 21:42:11'),
(1061, 1, 3, 2, 3, 4, 4, 6, 57, 1, 15, 173, 1.00, 1.00, 0.00, 1, 0, 1, 1, 0.00, 0.00, 0.00, NULL, 2026, 1, 'ead9206623afce92a58b752b44c75a192c522b7d31ee0b8bd921b920f9a1bb2b', 1, '2026-01-22 21:42:11', '2026-01-22 21:42:11'),
(1062, 1, 3, 2, 3, 4, 4, 6, 57, 1, 4, 240, 5.00, 5.00, 0.00, 4, 1, 5, 5, 0.00, 0.00, 0.00, NULL, 2026, 1, '4a430b51bac15d58ac4db5310330b39a1fbd92f81fa3e48957dd61d6a45d4780', 1, '2026-01-22 21:42:11', '2026-01-22 21:42:11'),
(1063, 1, 3, 2, 3, 4, 4, 6, 57, 1, 4, 11, 9.00, 9.00, 0.00, 2, 7, 9, 9, 0.00, 0.00, 0.00, NULL, 2026, 1, 'eb1458befc4384b2af1033b06d5d28f3fd4fa0f0a20cb29caba7584ac564423c', 1, '2026-01-22 21:42:11', '2026-01-22 21:42:11'),
(1064, 1, 3, 2, 3, 4, 4, 6, 57, 1, 11, 129, 1.00, 1.00, 0.00, 1, 0, 1, 1, 0.00, 0.00, 0.00, NULL, 2026, 1, '62f84eb3bd39d42752e6e07fb659591f386fdb798fe169a4eba98c546356a1c6', 1, '2026-01-22 21:42:11', '2026-01-22 21:42:11'),
(1065, 1, 3, 2, 3, 4, 4, 6, 57, 1, 15, 74, 1.00, 1.00, 0.00, 0, 1, 1, 1, 0.00, 0.00, 0.00, NULL, 2026, 1, 'b7e22dc6785f93c042d29a56cfa55c9b514c1d1a5527f607affb41acf4090583', 1, '2026-01-22 21:42:11', '2026-01-22 21:42:11'),
(1066, 1, 3, 2, 3, 4, 4, 6, 57, 1, 4, 204, 2.00, 2.00, 0.00, 1, 1, 2, 2, 0.00, 0.00, 0.00, NULL, 2026, 1, 'c205b71f4c0125a386a5236d49f8af3f7bcde12b7979e79e0f15e68a5346d0a2', 1, '2026-01-22 21:42:11', '2026-01-22 21:42:11'),
(1067, 1, 3, 2, 3, 4, 4, 6, 57, 1, 4, 242, 1.00, 1.00, 0.00, 1, 0, 1, 1, 0.00, 0.00, 0.00, NULL, 2026, 1, 'f91b94ed7bdd48578d8f18ce231a141383d38cb44f16a86a3a422251b56b46b4', 1, '2026-01-22 21:42:11', '2026-01-22 21:42:11'),
(1068, 1, 3, 2, 3, 4, 4, 6, 57, 1, 12, 46, 1.00, 1.00, 0.00, 1, 0, 1, 1, 0.00, 0.00, 0.00, NULL, 2026, 1, '4454ab646289c9c371e980bc373069b8e9f2efab63fefb51f307aed411803ade', 1, '2026-01-22 21:42:11', '2026-01-22 21:42:11'),
(1069, 1, 3, 2, 3, 4, 4, 6, 57, 1, 1, 227, 7.00, 7.00, 0.00, 4, 3, 7, 7, 0.00, 0.00, 0.00, NULL, 2026, 1, 'c3ff76b972464838a81dfa619b63597bc69ec2f6a4f33962eb3fb12c914eadbc', 1, '2026-01-22 21:42:11', '2026-01-22 21:42:11'),
(1070, 1, 3, 2, 3, 4, 4, 6, 57, 1, 13, 319, 1.00, 1.00, 0.00, 1, 0, 1, 1, 0.00, 0.00, 0.00, NULL, 2026, 1, '4644869d754dfb846e0b06dea05a5fa07bc8eb59bfdc25f4d9355fc6662f59b1', 1, '2026-01-22 21:42:11', '2026-01-22 21:42:11'),
(1071, 1, 3, 2, 3, 4, 4, 6, 57, 1, 10, 94, 1.00, 1.00, 0.00, 1, 0, 1, 1, 0.00, 0.00, 0.00, NULL, 2026, 1, 'bf42165f1cc224afa2d0bc784ec5376ad0e9f051a30b7a102b25cf9f2f3e3baf', 1, '2026-01-22 21:42:11', '2026-01-22 21:42:11'),
(1072, 1, 3, 2, 3, 4, 4, 6, 58, 1, 13, 47, 3.00, 3.00, 0.00, 3, 0, 3, 3, 0.00, 0.00, 0.00, NULL, 2026, 1, '63df7706648663aa751e1131f481d77893e4870e67dfe02360bd4d33ea0f0c98', 1, '2026-01-22 21:42:11', '2026-01-22 21:42:11'),
(1073, 1, 3, 2, 3, 4, 4, 6, 58, 1, 15, 49, 3.00, 3.00, 0.00, 1, 2, 3, 3, 0.00, 0.00, 0.00, NULL, 2026, 1, '44d8b48a3c7a1bf58ade690f6276603ddf6f65d7693d187d98b07a394f350416', 1, '2026-01-22 21:42:11', '2026-01-22 21:42:11'),
(1074, 1, 3, 2, 3, 4, 4, 6, 58, 1, 15, 177, 1.00, 1.00, 0.00, 1, 0, 1, 1, 0.00, 0.00, 0.00, NULL, 2026, 1, 'b8365736a5c7eb898e482a8be07234c763bcf08d5d96461773cba76a749351e3', 1, '2026-01-22 21:42:11', '2026-01-22 21:42:11'),
(1075, 1, 3, 2, 3, 4, 4, 6, 58, 1, 15, 176, 1.00, 1.00, 0.00, 1, 0, 1, 1, 0.00, 0.00, 0.00, NULL, 2026, 1, '6a241a2b667cf58fa1c0a6aab69867d2467d593a1f8043934782c245a1757a64', 1, '2026-01-22 21:42:11', '2026-01-22 21:42:11'),
(1076, 1, 3, 2, 3, 4, 4, 6, 58, 1, 4, 246, 1.00, 1.00, 0.00, 0, 1, 1, 1, 0.00, 0.00, 0.00, NULL, 2026, 1, '02eb27bee3df0b331d4b1f60eee94a756b0702eed66ad40125b7e6149444793c', 1, '2026-01-22 21:42:11', '2026-01-22 21:42:11'),
(1077, 1, 3, 2, 3, 4, 4, 6, 58, 1, 7, 266, 2.00, 2.00, 0.00, 1, 1, 2, 2, 0.00, 0.00, 0.00, NULL, 2026, 1, '90f2f3e0a4e3d4fa047354175d35ce1eb015ec7133e7c9b7b8d66a31500bc064', 1, '2026-01-22 21:42:11', '2026-01-22 21:42:11'),
(1078, 1, 3, 2, 3, 4, 4, 6, 58, 1, 7, 149, 1.00, 1.00, 0.00, 0, 1, 1, 1, 0.00, 0.00, 0.00, NULL, 2026, 1, '5d8fae1e602e05deea9e1cd4cd8cf7029244f9099542e9209c4226d71e9392a8', 1, '2026-01-22 21:42:11', '2026-01-22 21:42:11'),
(1079, 1, 3, 2, 3, 4, 4, 6, 59, 1, 11, 135, 3.00, 3.00, 0.00, 2, 1, 3, 3, 0.00, 0.00, 0.00, NULL, 2026, 1, '44c73e9ee25e6120b24336ebf537e12f4e3e2d6e068d21f9c939e2aaa8d62bfe', 1, '2026-01-22 21:42:11', '2026-01-22 21:42:11');
INSERT INTO `datos_vider` (`id`, `unidad_ejecutora_id`, `dependencia_id`, `programa_id`, `subprograma_id`, `actividad_id`, `producto_id`, `subproducto_id`, `intervencion_id`, `medida_id`, `departamento_id`, `municipio_id`, `programado`, `ejecutado`, `porcentaje_ejecucion`, `hombres`, `mujeres`, `total_personas`, `beneficiarios`, `vigente_financiera`, `financiera_ejecutado`, `financiera_porcentaje`, `periodo`, `anio`, `mes`, `hash_registro`, `importacion_id`, `created_at`, `updated_at`) VALUES
(1080, 1, 3, 2, 3, 4, 4, 6, 59, 1, 11, 137, 1.00, 1.00, 0.00, 1, 0, 1, 1, 0.00, 0.00, 0.00, NULL, 2026, 1, '67ccbdac14c04ebf3da824d3b4102f6a526f9907d31403b9ec97695239b4684f', 1, '2026-01-22 21:42:11', '2026-01-22 21:42:11'),
(1081, 1, 3, 2, 3, 4, 4, 6, 59, 1, 18, 220, 13.00, 13.00, 0.00, 9, 4, 13, 13, 0.00, 0.00, 0.00, NULL, 2026, 1, '7b892e203265fe4cb7fbb94564bf948b32661de69d6f6acfec5241b075012742', 1, '2026-01-22 21:42:11', '2026-01-22 21:42:11'),
(1082, 1, 3, 2, 3, 4, 4, 6, 59, 1, 18, 110, 34.00, 34.00, 0.00, 10, 24, 34, 34, 0.00, 0.00, 0.00, NULL, 2026, 1, '07cbcc072b41c54265c2762e8ccdf1908d1a6bc1523a2e76e3a6fd416fa137fd', 1, '2026-01-22 21:42:11', '2026-01-22 21:42:11'),
(1083, 1, 3, 2, 3, 4, 4, 6, 59, 1, 9, 32, 13.00, 13.00, 0.00, 6, 7, 13, 13, 0.00, 0.00, 0.00, NULL, 2026, 1, '04b9ddad35fd4ff0e405b5ec48f9b69bcefa30d82b86656f2bbcf872d091510b', 1, '2026-01-22 21:42:11', '2026-01-22 21:42:11'),
(1084, 1, 3, 2, 3, 4, 4, 6, 59, 1, 9, 301, 2.00, 2.00, 0.00, 1, 1, 2, 2, 0.00, 0.00, 0.00, NULL, 2026, 1, '0a3cb2609133e3907f2b28bd67a3503333bc50f96112f9240e6ab202cf654fcc', 1, '2026-01-22 21:42:11', '2026-01-22 21:42:11'),
(1085, 1, 3, 2, 3, 4, 4, 6, 59, 1, 13, 47, 8.00, 8.00, 0.00, 6, 2, 8, 8, 0.00, 0.00, 0.00, NULL, 2026, 1, 'cca93f00b13b4222d3ecce952e84448f85e6634bb5569893462a2bfc12b14bcb', 1, '2026-01-22 21:42:11', '2026-01-22 21:42:11'),
(1086, 1, 3, 2, 3, 4, 4, 6, 59, 1, 13, 53, 1.00, 1.00, 0.00, 1, 0, 1, 1, 0.00, 0.00, 0.00, NULL, 2026, 1, 'd45225fae3695d9fd1fb00cb92353ec149e89cb35da9fc8fb95c0fdecb7587a9', 1, '2026-01-22 21:42:11', '2026-01-22 21:42:11'),
(1087, 1, 3, 2, 3, 4, 4, 6, 59, 1, 5, 252, 13.00, 13.00, 0.00, 12, 1, 13, 13, 0.00, 0.00, 0.00, NULL, 2026, 1, 'c0f707dc679d9f4c047f7a96f286e5ce387b16903cc111c578a9f088477e1cd8', 1, '2026-01-22 21:42:11', '2026-01-22 21:42:11'),
(1088, 1, 3, 2, 3, 4, 4, 6, 59, 1, 12, 127, 5.00, 5.00, 0.00, 5, 0, 5, 5, 0.00, 0.00, 0.00, NULL, 2026, 1, '6545e3645992c5288b500a25d239996837fa0f0fb17447132e83c1187a2c5c2d', 1, '2026-01-22 21:42:11', '2026-01-22 21:42:11'),
(1089, 1, 3, 2, 3, 4, 4, 6, 59, 1, 12, 317, 4.00, 4.00, 0.00, 4, 0, 4, 4, 0.00, 0.00, 0.00, NULL, 2026, 1, '457475cd5ded9746bfb02a4a75e2b4418a178f980534595a83d6208583e33545', 1, '2026-01-22 21:42:11', '2026-01-22 21:42:11'),
(1090, 1, 3, 2, 3, 4, 4, 6, 59, 1, 12, 46, 1.00, 1.00, 0.00, 1, 0, 1, 1, 0.00, 0.00, 0.00, NULL, 2026, 1, '6befab9621797bc63bdc2d325460547b6dbbac7562c458f1d5d7045d3f7b67b5', 1, '2026-01-22 21:42:11', '2026-01-22 21:42:11'),
(1091, 1, 3, 2, 3, 4, 4, 6, 59, 1, 11, 139, 1.00, 1.00, 0.00, 0, 1, 1, 1, 0.00, 0.00, 0.00, NULL, 2026, 1, 'c37fd2e12b6fd1cf4378800d34c4168bc9c3e0952ad0c2216e708ae1e7607c6e', 1, '2026-01-22 21:42:11', '2026-01-22 21:42:11'),
(1092, 1, 3, 2, 3, 4, 4, 6, 59, 1, 11, 132, 10.00, 10.00, 0.00, 3, 7, 10, 10, 0.00, 0.00, 0.00, NULL, 2026, 1, 'c5defde3fe19b3cc3a596071b6a10d21e59698d717552250f5b20e8040cfd665', 1, '2026-01-22 21:42:11', '2026-01-22 21:42:11'),
(1093, 1, 3, 2, 3, 4, 4, 6, 59, 1, 15, 74, 2.00, 2.00, 0.00, 2, 0, 2, 2, 0.00, 0.00, 0.00, NULL, 2026, 1, '25fbb3abcfa92ae8054eff4c9570768e6c0c4c69bab363cb6b9fa935c205fac3', 1, '2026-01-22 21:42:11', '2026-01-22 21:42:11'),
(1094, 1, 3, 2, 3, 4, 4, 6, 59, 1, 15, 175, 1.00, 1.00, 0.00, 1, 0, 1, 1, 0.00, 0.00, 0.00, NULL, 2026, 1, '12544229c578e80bdbef82c0e3c05308b8d68fd7e938f465e109037e518a2276', 1, '2026-01-22 21:42:11', '2026-01-22 21:42:11'),
(1095, 1, 3, 2, 3, 4, 4, 6, 59, 1, 15, 176, 5.00, 5.00, 0.00, 4, 1, 5, 5, 0.00, 0.00, 0.00, NULL, 2026, 1, '4923ae01c99ca0fdb2fd98c38f2c302cf5ed86844a0cd51794835679be0137b4', 1, '2026-01-22 21:42:11', '2026-01-22 21:42:11'),
(1096, 1, 3, 2, 3, 4, 4, 6, 59, 1, 4, 11, 2.00, 2.00, 0.00, 0, 2, 2, 2, 0.00, 0.00, 0.00, NULL, 2026, 1, '937ecf14ef711a1618838b98e0d4e78990c71453f0df95e076c5ffc3c0e43cde', 1, '2026-01-22 21:42:11', '2026-01-22 21:42:11'),
(1097, 1, 3, 2, 3, 4, 4, 6, 59, 1, 13, 321, 2.00, 2.00, 0.00, 2, 0, 2, 2, 0.00, 0.00, 0.00, NULL, 2026, 1, '7e4f9f1261f8fd034a417ac525fa1da29a3000f41f180643f379dbdf530c9eed', 1, '2026-01-22 21:42:11', '2026-01-22 21:42:11'),
(1098, 1, 3, 2, 3, 4, 4, 6, 59, 1, 10, 94, 10.00, 10.00, 0.00, 4, 6, 10, 10, 0.00, 0.00, 0.00, NULL, 2026, 1, '4d04ddd44c82610e9cd5098181a9b3612699c0368321e93e3493d5affcae8022', 1, '2026-01-22 21:42:11', '2026-01-22 21:42:11'),
(1099, 1, 3, 2, 3, 4, 4, 6, 59, 1, 8, 24, 2.00, 2.00, 0.00, 2, 0, 2, 2, 0.00, 0.00, 0.00, NULL, 2026, 1, 'd4d53c3ced6a1bfcfd8532200be76e57af08656160e2d5705cebf4e9d5354a77', 1, '2026-01-22 21:42:11', '2026-01-22 21:42:11'),
(1100, 1, 3, 2, 3, 4, 4, 6, 59, 1, 12, 207, 1.00, 1.00, 0.00, 1, 0, 1, 1, 0.00, 0.00, 0.00, NULL, 2026, 1, '2b072ddbd19a239363ef6851ab4e6e1366bf91b6e4f2aaf4392a7180b16e3fae', 1, '2026-01-22 21:42:11', '2026-01-22 21:42:11'),
(1101, 1, 3, 2, 3, 4, 4, 6, 59, 1, 11, 131, 2.00, 2.00, 0.00, 0, 2, 2, 2, 0.00, 0.00, 0.00, NULL, 2026, 1, 'a37944b8b55faf46c8fcb9ca20fe4c380e5cc9fdc3e58019ebc89bcc044fd5f4', 1, '2026-01-22 21:42:11', '2026-01-22 21:42:11'),
(1102, 1, 3, 2, 3, 4, 4, 6, 59, 1, 15, 172, 1.00, 1.00, 0.00, 1, 0, 1, 1, 0.00, 0.00, 0.00, NULL, 2026, 1, 'fc8f0a4b5528aae8e27092f2dd352eaf84cd3ff4195832dc8a9daaae7b655f02', 1, '2026-01-22 21:42:11', '2026-01-22 21:42:11'),
(1103, 1, 3, 2, 3, 4, 4, 6, 59, 1, 4, 243, 1.00, 1.00, 0.00, 0, 1, 1, 1, 0.00, 0.00, 0.00, NULL, 2026, 1, '268f9abbc65a4fa3808343e55af068c611c623d724d6c4cb4cfab1cddb19f7bb', 1, '2026-01-22 21:42:11', '2026-01-22 21:42:11'),
(1104, 1, 3, 2, 3, 4, 4, 6, 59, 1, 6, 83, 1.00, 1.00, 0.00, 1, 0, 1, 1, 0.00, 0.00, 0.00, NULL, 2026, 1, 'eb92906d01f2f008829047cdf82f50c1850c6c3f36a7b02f8bce586a23947d04', 1, '2026-01-22 21:42:11', '2026-01-22 21:42:11'),
(1105, 1, 3, 2, 3, 4, 4, 6, 59, 1, 15, 171, 4.00, 4.00, 0.00, 4, 0, 4, 4, 0.00, 0.00, 0.00, NULL, 2026, 1, '654ab50763923d17ed8afd7febb1282cb56b0c3315e90f87770b4b20ec8a2c69', 1, '2026-01-22 21:42:11', '2026-01-22 21:42:11'),
(1106, 1, 3, 2, 3, 4, 4, 6, 59, 1, 4, 111, 1.00, 1.00, 0.00, 1, 0, 1, 1, 0.00, 0.00, 0.00, NULL, 2026, 1, 'bfed2044cbae6c7955fe637bae8cdbdc18e6e9b049e2ba46726090193e4d7322', 1, '2026-01-22 21:42:11', '2026-01-22 21:42:11'),
(1107, 1, 3, 2, 3, 4, 4, 6, 59, 1, 9, 295, 18.00, 18.00, 0.00, 0, 18, 18, 18, 0.00, 0.00, 0.00, NULL, 2026, 1, '0160457189516f798fac3a9f1fb70471749091c53999be4ed196d6edcc57e421', 1, '2026-01-22 21:42:11', '2026-01-22 21:42:11'),
(1108, 1, 3, 2, 3, 4, 4, 6, 59, 1, 11, 130, 3.00, 3.00, 0.00, 0, 3, 3, 3, 0.00, 0.00, 0.00, NULL, 2026, 1, '781c81183680dddfc84fc66fec43a31ed20918dafd14f93b96749b169e003cb8', 1, '2026-01-22 21:42:11', '2026-01-22 21:42:11'),
(1109, 1, 3, 2, 3, 4, 4, 6, 59, 1, 15, 174, 2.00, 2.00, 0.00, 2, 0, 2, 2, 0.00, 0.00, 0.00, NULL, 2026, 1, '443ca734449ea69f515ecf985fb21ca71184d843a264282daecc25868addcd14', 1, '2026-01-22 21:42:11', '2026-01-22 21:42:11'),
(1110, 1, 3, 2, 3, 4, 4, 6, 59, 1, 15, 173, 3.00, 3.00, 0.00, 2, 1, 3, 3, 0.00, 0.00, 0.00, NULL, 2026, 1, '8ce4604ae5504585459ae803688a919e5f43a2c8b0d7fb18a58e60996d191b39', 1, '2026-01-22 21:42:11', '2026-01-22 21:42:11'),
(1111, 1, 3, 2, 3, 4, 4, 6, 59, 1, 15, 177, 1.00, 1.00, 0.00, 1, 0, 1, 1, 0.00, 0.00, 0.00, NULL, 2026, 1, 'f16d0589e8cf2de3d39a4dedb002179f2dbc4fb4e0b468b6c06630cc53544180', 1, '2026-01-22 21:42:11', '2026-01-22 21:42:11'),
(1112, 1, 3, 2, 3, 4, 4, 6, 59, 1, 15, 73, 2.00, 2.00, 0.00, 1, 1, 2, 2, 0.00, 0.00, 0.00, NULL, 2026, 1, '3311212600dc097ce0ed241828051b67b92d0a0fb8340ed0c99414ce78d3f826', 1, '2026-01-22 21:42:11', '2026-01-22 21:42:11'),
(1113, 1, 3, 2, 3, 4, 4, 6, 60, 1, 11, 135, 1.00, 1.00, 0.00, 0, 1, 1, 1, 0.00, 0.00, 0.00, NULL, 2026, 1, '76c56301d00741c7ce117b8b7ae024bbed6220a214baf213e9c46a7db79c62a2', 1, '2026-01-22 21:42:11', '2026-01-22 21:42:11'),
(1114, 1, 3, 2, 3, 4, 4, 6, 60, 1, 4, 11, 1.00, 1.00, 0.00, 0, 1, 1, 1, 0.00, 0.00, 0.00, NULL, 2026, 1, 'b107ba05588f994b55984fd5a99c142acad9274c466d370b6d7e274ae410e243', 1, '2026-01-22 21:42:11', '2026-01-22 21:42:11'),
(1115, 1, 3, 2, 3, 4, 4, 6, 60, 1, 14, 203, 4.00, 4.00, 0.00, 3, 1, 4, 4, 0.00, 0.00, 0.00, NULL, 2026, 1, '71e2aecad33a94ab85207c9040578e3fbb76a4e05574984d6acc7870456a79c7', 1, '2026-01-22 21:42:11', '2026-01-22 21:42:11'),
(1116, 1, 3, 2, 3, 4, 4, 6, 60, 1, 7, 23, 3.00, 3.00, 0.00, 2, 1, 3, 3, 0.00, 0.00, 0.00, NULL, 2026, 1, '02dc09388f849e3df97d7dda03737b0f01b886a9240c42896ad974716db6dd04', 1, '2026-01-22 21:42:11', '2026-01-22 21:42:11'),
(1117, 1, 3, 2, 3, 4, 4, 6, 60, 1, 7, 267, 1.00, 1.00, 0.00, 0, 1, 1, 1, 0.00, 0.00, 0.00, NULL, 2026, 1, '3249bf4cf9d6a5b6d87407bbc864e0e1d6fb21f251a8ceb50d3f3b972580fa1f', 1, '2026-01-22 21:42:11', '2026-01-22 21:42:11'),
(1118, 1, 3, 2, 3, 4, 4, 6, 60, 1, 4, 240, 1.00, 1.00, 0.00, 0, 1, 1, 1, 0.00, 0.00, 0.00, NULL, 2026, 1, '240b366db73c2feb2ecfc788a4d60953d0275e02535284510b9dfe1e3c82a58f', 1, '2026-01-22 21:42:11', '2026-01-22 21:42:11'),
(1119, 1, 3, 2, 3, 4, 4, 6, 60, 1, 18, 110, 3.00, 3.00, 0.00, 1, 2, 3, 3, 0.00, 0.00, 0.00, NULL, 2026, 1, '67bfb088c7d63b00fa29e8cd5c12194b9aeabfaea56aeadf7456b8f12772522b', 1, '2026-01-22 21:42:11', '2026-01-22 21:42:11'),
(1120, 1, 3, 2, 3, 4, 4, 6, 60, 1, 7, 21, 2.00, 2.00, 0.00, 1, 1, 2, 2, 0.00, 0.00, 0.00, NULL, 2026, 1, '65a2f460190450c0dd22b6ba130a90ecda9aef89c224b1280ce931e006999ed5', 1, '2026-01-22 21:42:11', '2026-01-22 21:42:11'),
(1121, 1, 3, 2, 3, 4, 4, 6, 60, 1, 12, 71, 1.00, 1.00, 0.00, 1, 0, 1, 1, 0.00, 0.00, 0.00, NULL, 2026, 1, '147a75c97fa18dfc34fdcf6220219498c9db8aa84f0695db4f93208f908eb57a', 1, '2026-01-22 21:42:11', '2026-01-22 21:42:11'),
(1122, 1, 3, 2, 3, 4, 4, 6, 60, 1, 11, 130, 1.00, 1.00, 0.00, 1, 0, 1, 1, 0.00, 0.00, 0.00, NULL, 2026, 1, 'e4c0d8c6ea0d83bb5125b2dabe0d17ae676c9116e0d3dcc77aae58d13e29f7b6', 1, '2026-01-22 21:42:11', '2026-01-22 21:42:11'),
(1123, 1, 3, 2, 3, 4, 4, 6, 60, 1, 11, 132, 1.00, 1.00, 0.00, 0, 1, 1, 1, 0.00, 0.00, 0.00, NULL, 2026, 1, '153081aea2d8fd538e0866e3bcf14066b4bcd963a528d1757df98a78f8955df6', 1, '2026-01-22 21:42:11', '2026-01-22 21:42:11'),
(1124, 1, 3, 2, 3, 4, 4, 6, 60, 1, 8, 30, 1.00, 1.00, 0.00, 1, 0, 1, 1, 0.00, 0.00, 0.00, NULL, 2026, 1, '54ab660aff1bbbc8000660a07975317bbf7f3a0ae6fad6ec80607cefcab4994c', 1, '2026-01-22 21:42:11', '2026-01-22 21:42:11'),
(1125, 1, 3, 2, 3, 4, 4, 6, 60, 1, 6, 211, 1.00, 1.00, 0.00, 1, 0, 1, 1, 0.00, 0.00, 0.00, NULL, 2026, 1, '1c288b52fd1cf3a3d55fef0d4ab80a651a213ccfcbc350702369945d5e27954e', 1, '2026-01-22 21:42:11', '2026-01-22 21:42:11'),
(1126, 1, 3, 2, 3, 4, 4, 6, 60, 1, 15, 49, 2.00, 2.00, 0.00, 0, 2, 2, 2, 0.00, 0.00, 0.00, NULL, 2026, 1, 'b68760471aa98e3ffecd2dfd3049596aa186608f72166323150f03890731dd32', 1, '2026-01-22 21:42:11', '2026-01-22 21:42:11'),
(1127, 1, 3, 2, 3, 4, 4, 6, 60, 1, 15, 174, 1.00, 1.00, 0.00, 1, 0, 1, 1, 0.00, 0.00, 0.00, NULL, 2026, 1, 'abf7bad294e5ddb16e90ae5086478ec3194c094679a70130558b2c1fae1f3559', 1, '2026-01-22 21:42:11', '2026-01-22 21:42:11'),
(1128, 1, 3, 2, 3, 4, 4, 6, 60, 1, 15, 173, 1.00, 1.00, 0.00, 1, 0, 1, 1, 0.00, 0.00, 0.00, NULL, 2026, 1, '127d50fa70a30a43ac54b0da05ce26f1c8c91ddd4e3c03b742ffaf8355fb6fe4', 1, '2026-01-22 21:42:11', '2026-01-22 21:42:11'),
(1129, 1, 3, 2, 3, 4, 4, 6, 60, 1, 18, 220, 1.00, 1.00, 0.00, 0, 1, 1, 1, 0.00, 0.00, 0.00, NULL, 2026, 1, '5cd560249c3e4691d0b61281a3b7b570ee5549b8eec519f452dca3abe05ab742', 1, '2026-01-22 21:42:11', '2026-01-22 21:42:11'),
(1130, 1, 3, 2, 3, 4, 4, 6, 61, 1, 15, 172, 1.00, 1.00, 0.00, 1, 0, 1, 1, 0.00, 0.00, 0.00, NULL, 2026, 1, '98494ae603c24efc3211eab6b3129fef631fa14c4e56e2fd26b86b94ee1868c1', 1, '2026-01-22 21:42:11', '2026-01-22 21:42:11'),
(1131, 1, 3, 2, 3, 4, 4, 6, 61, 1, 15, 176, 3.00, 3.00, 0.00, 1, 2, 3, 3, 0.00, 0.00, 0.00, NULL, 2026, 1, 'dbd7805d089f82007dec08975ede3c3cf690c3dba98a1895f26a42ea1a39e629', 1, '2026-01-22 21:42:11', '2026-01-22 21:42:11'),
(1132, 1, 3, 2, 3, 4, 4, 6, 61, 1, 13, 47, 1.00, 1.00, 0.00, 0, 1, 1, 1, 0.00, 0.00, 0.00, NULL, 2026, 1, '1e89463b27d2fd5bb81b0fcaf14286ba998df9e980bc5810d78956d27dc05209', 1, '2026-01-22 21:42:11', '2026-01-22 21:42:11'),
(1133, 1, 3, 2, 3, 4, 4, 6, 61, 1, 15, 74, 5.00, 5.00, 0.00, 4, 1, 5, 5, 0.00, 0.00, 0.00, NULL, 2026, 1, 'a8e832bbdfe5e7e248f4ad32d6b06d7f872be877cf3dce11c3b0cfb6e7edcccf', 1, '2026-01-22 21:42:11', '2026-01-22 21:42:11'),
(1134, 1, 3, 2, 3, 4, 4, 6, 61, 1, 15, 177, 5.00, 5.00, 0.00, 5, 0, 5, 5, 0.00, 0.00, 0.00, NULL, 2026, 1, '6c113231ce2f819ebce8f8514cc17639fcfb101f4c38cd96645efea8fd6cb993', 1, '2026-01-22 21:42:11', '2026-01-22 21:42:11'),
(1135, 1, 3, 2, 3, 4, 4, 6, 61, 1, 15, 170, 1.00, 1.00, 0.00, 1, 0, 1, 1, 0.00, 0.00, 0.00, NULL, 2026, 1, '82bf93a0343bdb791eb6abb5fa989990fc0f486308556490c406ffc69425f2d8', 1, '2026-01-22 21:42:11', '2026-01-22 21:42:11'),
(1136, 1, 3, 2, 3, 4, 4, 6, 61, 1, 15, 73, 1.00, 1.00, 0.00, 1, 0, 1, 1, 0.00, 0.00, 0.00, NULL, 2026, 1, '88faafe536fdfeacc4f03cdec7d0f7e91f1feb43d4b44d152fb5361e3788bb47', 1, '2026-01-22 21:42:11', '2026-01-22 21:42:11'),
(1137, 1, 3, 2, 3, 4, 4, 6, 62, 1, 13, 47, 3.00, 3.00, 0.00, 1, 2, 3, 1, 0.00, 0.00, 0.00, NULL, 2026, 1, 'a7bb90bf1d294559c7073db178877d3249d6ab9eb61911be2c512a6d6f2f0785', 1, '2026-01-22 21:42:11', '2026-01-22 21:42:11'),
(1138, 1, 3, 2, 3, 4, 4, 6, 62, 1, 7, 267, 3.00, 3.00, 0.00, 3, 0, 3, 3, 0.00, 0.00, 0.00, NULL, 2026, 1, '8a04acd7828948907b8496ced0ada54d4ec90afd6f950f2f8e637e99a0512363', 1, '2026-01-22 21:42:11', '2026-01-22 21:42:11'),
(1139, 1, 3, 2, 3, 4, 4, 6, 62, 1, 10, 94, 4.00, 4.00, 0.00, 4, 0, 4, 4, 0.00, 0.00, 0.00, NULL, 2026, 1, '8535abd42b74e4ba03a52b89bad6048130db666f9e7b72af49197e615d3d5b41', 1, '2026-01-22 21:42:11', '2026-01-22 21:42:11'),
(1140, 1, 3, 2, 3, 4, 4, 6, 62, 1, 4, 246, 1.00, 1.00, 0.00, 1, 0, 1, 1, 0.00, 0.00, 0.00, NULL, 2026, 1, '496519fecdf700721c3acf47d5c2a1bc0ccbe0b2c0d51882f67e167e1084209c', 1, '2026-01-22 21:42:11', '2026-01-22 21:42:11'),
(1141, 1, 3, 2, 3, 4, 4, 6, 62, 1, 11, 138, 1.00, 1.00, 0.00, 1, 0, 1, 1, 0.00, 0.00, 0.00, NULL, 2026, 1, '966c80c70919b3dc4ed17c0294c01270282a1be1c5b6857b25f29c3cccf3155b', 1, '2026-01-22 21:42:11', '2026-01-22 21:42:11'),
(1142, 1, 3, 2, 3, 4, 4, 6, 62, 1, 4, 11, 11.00, 11.00, 0.00, 4, 7, 11, 11, 0.00, 0.00, 0.00, NULL, 2026, 1, '202c28761a1aca23533639323bdc2fcb9bcef37569778427fa3c1b5ac92ce25f', 1, '2026-01-22 21:42:11', '2026-01-22 21:42:11'),
(1143, 1, 3, 2, 3, 4, 4, 6, 62, 1, 13, 321, 1.00, 1.00, 0.00, 1, 0, 1, 1, 0.00, 0.00, 0.00, NULL, 2026, 1, '819bb230c8a419505c199e322bfc2f4ca70cfa385ac3d315bd0c78ceb32e4a30', 1, '2026-01-22 21:42:11', '2026-01-22 21:42:11'),
(1144, 1, 3, 2, 3, 4, 4, 6, 62, 1, 4, 111, 1.00, 1.00, 0.00, 0, 1, 1, 1, 0.00, 0.00, 0.00, NULL, 2026, 1, '0fadd0a8083701a46edd77522af5f39ef77ed519cf30405cbb3814629c3390eb', 1, '2026-01-22 21:42:11', '2026-01-22 21:42:11'),
(1145, 1, 3, 2, 3, 4, 4, 6, 62, 1, 14, 203, 1.00, 1.00, 0.00, 1, 0, 1, 1, 0.00, 0.00, 0.00, NULL, 2026, 1, '8896ef90cea712d51978b9f1c489bcc50150211fe9898b1df472d9a2195e623d', 1, '2026-01-22 21:42:11', '2026-01-22 21:42:11'),
(1146, 1, 3, 2, 3, 4, 4, 6, 62, 1, 5, 249, 1.00, 1.00, 0.00, 0, 1, 1, 1, 0.00, 0.00, 0.00, NULL, 2026, 1, '715b11632d12c0d09c52ed8423e722b3bec887f0a9cc3689dcdce31f6bf65905', 1, '2026-01-22 21:42:11', '2026-01-22 21:42:11'),
(1147, 1, 3, 2, 3, 4, 4, 6, 62, 1, 15, 171, 1.00, 1.00, 0.00, 1, 0, 1, 1, 0.00, 0.00, 0.00, NULL, 2026, 1, '6650ae0737d417775085e296be307fa7275b00b96ba89968ce666879cc1a3289', 1, '2026-01-22 21:42:11', '2026-01-22 21:42:11'),
(1148, 1, 3, 2, 3, 4, 4, 6, 62, 1, 4, 245, 1.00, 1.00, 0.00, 0, 1, 1, 1, 0.00, 0.00, 0.00, NULL, 2026, 1, '158d0c4b7a5ca0b0649210d76a8e59adbf893ceb9a5177881928ff1edcd36d1e', 1, '2026-01-22 21:42:11', '2026-01-22 21:42:11'),
(1149, 1, 3, 2, 3, 4, 4, 6, 63, 1, 11, 129, 1.00, 1.00, 0.00, 1, 0, 1, 1, 0.00, 0.00, 0.00, NULL, 2026, 1, 'd09f614f59a6eb57582088f6aa43c2491cad8bf6d0378efe7f41dc1bd9e194ed', 1, '2026-01-22 21:42:11', '2026-01-22 21:42:11'),
(1150, 1, 3, 2, 3, 4, 4, 6, 63, 1, 4, 11, 1.00, 1.00, 0.00, 0, 1, 1, 1, 0.00, 0.00, 0.00, NULL, 2026, 1, '518c4890d86168c2ca072304f331f064cd939a349f53429127d6540e076b6cb3', 1, '2026-01-22 21:42:11', '2026-01-22 21:42:11'),
(1151, 1, 3, 2, 3, 4, 4, 6, 63, 1, 18, 183, 1.00, 1.00, 0.00, 1, 0, 1, 1, 0.00, 0.00, 0.00, NULL, 2026, 1, '013ee6cb8f4d254117420a263ef85e82455e2e40d8f8c7dc19e1c6260eb2fe3c', 1, '2026-01-22 21:42:11', '2026-01-22 21:42:11'),
(1152, 1, 3, 2, 3, 4, 4, 6, 63, 1, 18, 110, 6.00, 6.00, 0.00, 2, 4, 6, 6, 0.00, 0.00, 0.00, NULL, 2026, 1, '22dd95f1a00be6cf8beedd31b205dd2e353e18ee7df297517857460c132e8a79', 1, '2026-01-22 21:42:11', '2026-01-22 21:42:11'),
(1153, 1, 3, 2, 3, 4, 4, 6, 63, 1, 9, 66, 2.00, 2.00, 0.00, 1, 1, 2, 2, 0.00, 0.00, 0.00, NULL, 2026, 1, '1aeba5f125d7f79b7fd95d0290efa9b0da3a91bd68943c028ca748cd632f19b9', 1, '2026-01-22 21:42:11', '2026-01-22 21:42:11'),
(1154, 1, 3, 2, 3, 4, 4, 6, 63, 1, 9, 35, 21.00, 21.00, 0.00, 7, 14, 21, 21, 0.00, 0.00, 0.00, NULL, 2026, 1, 'c7ab6922061ba1bf1b5655c54fd1c2bd7ee5d828fdf5765ed22e2029d62dea13', 1, '2026-01-22 21:42:11', '2026-01-22 21:42:11'),
(1155, 1, 3, 2, 3, 4, 4, 6, 63, 1, 13, 47, 8.00, 8.00, 0.00, 8, 0, 8, 8, 0.00, 0.00, 0.00, NULL, 2026, 1, '964928db6ee41df55e8fbfe158244b30349b9dcc488fa7c28c13f795459e8237', 1, '2026-01-22 21:42:11', '2026-01-22 21:42:11'),
(1156, 1, 3, 2, 3, 4, 4, 6, 63, 1, 14, 203, 26.00, 26.00, 0.00, 26, 0, 26, 1, 0.00, 0.00, 0.00, NULL, 2026, 1, '6e25960b8baa6c285b5db676028a2b0baf66ea81bab28d663715455ac1fc37b2', 1, '2026-01-22 21:42:11', '2026-01-22 21:42:11'),
(1157, 1, 3, 2, 3, 4, 4, 6, 63, 1, 14, 329, 32.00, 32.00, 0.00, 30, 2, 32, 32, 0.00, 0.00, 0.00, NULL, 2026, 1, '3fd8af6b93587b7af950ea0589baa3208b7eaeb5e59822ccc5353432ec43485d', 1, '2026-01-22 21:42:11', '2026-01-22 21:42:11'),
(1158, 1, 3, 2, 3, 4, 4, 6, 63, 1, 7, 23, 6.00, 6.00, 0.00, 5, 1, 6, 6, 0.00, 0.00, 0.00, NULL, 2026, 1, '9dd138c3c6219de466b37b017fa4a5c923fa725c634e464b503c30cb0d57fd9a', 1, '2026-01-22 21:42:11', '2026-01-22 21:42:11'),
(1159, 1, 3, 2, 3, 4, 4, 6, 63, 1, 7, 266, 5.00, 5.00, 0.00, 4, 1, 5, 5, 0.00, 0.00, 0.00, NULL, 2026, 1, 'f4abf480e845ac766ca5c505dad7fc07023bd810ddbecd59d446d3629fc65704', 1, '2026-01-22 21:42:11', '2026-01-22 21:42:11'),
(1160, 1, 3, 2, 3, 4, 4, 6, 63, 1, 7, 267, 12.00, 12.00, 0.00, 6, 6, 12, 12, 0.00, 0.00, 0.00, NULL, 2026, 1, '7965e03ab03621291e21f94c9154980212141b38d8228d5faad9cc230d6af77f', 1, '2026-01-22 21:42:11', '2026-01-22 21:42:11'),
(1161, 1, 3, 2, 3, 4, 4, 6, 63, 1, 10, 94, 27.00, 27.00, 0.00, 7, 20, 27, 27, 0.00, 0.00, 0.00, NULL, 2026, 1, 'abf2c9247d663cf52202dbe405bc1cd454d8da0528554cde53dd296680c78108', 1, '2026-01-22 21:42:11', '2026-01-22 21:42:11'),
(1162, 1, 3, 2, 3, 4, 4, 6, 63, 1, 5, 252, 10.00, 10.00, 0.00, 10, 0, 10, 10, 0.00, 0.00, 0.00, NULL, 2026, 1, '28c72a6b4c86cea4edc3a24902bde1a0e9a53905c42cd014a90e5b3bfc1b4b58', 1, '2026-01-22 21:42:11', '2026-01-22 21:42:11'),
(1163, 1, 3, 2, 3, 4, 4, 6, 63, 1, 9, 31, 3.00, 3.00, 0.00, 2, 1, 3, 3, 0.00, 0.00, 0.00, NULL, 2026, 1, 'e335897e48ce692dc7f60d7248fbbc3856f5c30b4fe9517d93e74aed9196b450', 1, '2026-01-22 21:42:11', '2026-01-22 21:42:11'),
(1164, 1, 3, 2, 3, 4, 4, 6, 63, 1, 13, 321, 5.00, 5.00, 0.00, 4, 1, 5, 5, 0.00, 0.00, 0.00, NULL, 2026, 1, '3180dfb9557ef9b57e57c0e64d535c375cb923cd10c6d20798866b9b0c55c7e2', 1, '2026-01-22 21:42:11', '2026-01-22 21:42:11'),
(1165, 1, 3, 2, 3, 4, 4, 6, 63, 1, 14, 48, 7.00, 7.00, 0.00, 7, 0, 7, 7, 0.00, 0.00, 0.00, NULL, 2026, 1, 'c52c389c84058e9777066d9f7f9cbdd2d3770208bb340bb290b003083ca5bd65', 1, '2026-01-22 21:42:11', '2026-01-22 21:42:11'),
(1166, 1, 3, 2, 3, 4, 4, 6, 63, 1, 9, 65, 1.00, 1.00, 0.00, 1, 0, 1, 1, 0.00, 0.00, 0.00, NULL, 2026, 1, '49c3953949ba290c06f659f5153e40fd1eb1416246a9d1e3adab5fd062c07240', 1, '2026-01-22 21:42:11', '2026-01-22 21:42:11'),
(1167, 1, 3, 2, 3, 4, 4, 6, 63, 1, 4, 111, 2.00, 2.00, 0.00, 0, 2, 2, 2, 0.00, 0.00, 0.00, NULL, 2026, 1, 'db45bccf9dd96944a003b7cd18e59f793333c8d56d526e89eb6b6643fcc81213', 1, '2026-01-22 21:42:11', '2026-01-22 21:42:11'),
(1168, 1, 3, 2, 3, 4, 4, 6, 63, 1, 13, 319, 1.00, 1.00, 0.00, 1, 0, 1, 1, 0.00, 0.00, 0.00, NULL, 2026, 1, 'c32b5ff072bcbab1d1225913d1fc312f87b08512c18874b24ab0f19894bded7e', 1, '2026-01-22 21:42:11', '2026-01-22 21:42:11'),
(1169, 1, 3, 2, 3, 4, 4, 6, 63, 1, 12, 46, 1.00, 1.00, 0.00, 1, 0, 1, 1, 0.00, 0.00, 0.00, NULL, 2026, 1, 'cff29bc860ebaa81e1b29e8c74dd8805ace9feecb181d3219c071c470af4d785', 1, '2026-01-22 21:42:11', '2026-01-22 21:42:11'),
(1170, 1, 3, 2, 3, 4, 4, 6, 63, 1, 11, 132, 1.00, 1.00, 0.00, 1, 0, 1, 1, 0.00, 0.00, 0.00, NULL, 2026, 1, 'a0b256d883eb1ae2130f1c5d434959561f5d7a8d8fe26acc820d01406e02117b', 1, '2026-01-22 21:42:11', '2026-01-22 21:42:11'),
(1171, 1, 3, 2, 3, 4, 4, 6, 63, 1, 13, 320, 1.00, 1.00, 0.00, 1, 0, 1, 1, 0.00, 0.00, 0.00, NULL, 2026, 1, '0d7ceed072a7610414370aed6ad641fcd48ba4605dbce4889a9f86823f522ea1', 1, '2026-01-22 21:42:11', '2026-01-22 21:42:11'),
(1172, 1, 3, 2, 3, 4, 4, 6, 63, 1, 15, 171, 2.00, 2.00, 0.00, 2, 0, 2, 2, 0.00, 0.00, 0.00, NULL, 2026, 1, '6a8fb86ab9411c15866ee10123b519e899493343ea914db4299d87797e34c6fb', 1, '2026-01-22 21:42:11', '2026-01-22 21:42:11'),
(1173, 1, 3, 2, 3, 4, 4, 6, 64, 1, 4, 11, 67.00, 67.00, 0.00, 0, 67, 67, 67, 0.00, 0.00, 0.00, NULL, 2026, 1, '180c7f44a06270f77a0ddba64f2e40993af7004ddbbc5ac48f3e21c1607e414f', 1, '2026-01-22 21:42:11', '2026-01-22 21:42:11'),
(1174, 1, 3, 2, 3, 4, 4, 6, 64, 1, 4, 245, 11.00, 11.00, 0.00, 5, 6, 11, 11, 0.00, 0.00, 0.00, NULL, 2026, 1, 'a22c452e4cde44ee6d085b249ea4601c862707c3ebc1a22e32631cac492e76f8', 1, '2026-01-22 21:42:11', '2026-01-22 21:42:11'),
(1175, 1, 3, 2, 3, 4, 4, 6, 64, 1, 18, 183, 1.00, 1.00, 0.00, 1, 0, 1, 1, 0.00, 0.00, 0.00, NULL, 2026, 1, 'af7ceac23611761ffa5be84c8917f58157df3a08f90b42b78a83217b6c574163', 1, '2026-01-22 21:42:11', '2026-01-22 21:42:11'),
(1176, 1, 3, 2, 3, 4, 4, 6, 64, 1, 18, 225, 1.00, 1.00, 0.00, 1, 0, 1, 1, 0.00, 0.00, 0.00, NULL, 2026, 1, 'd8c4f44ffb6fe9b29dec4a1627351daf276ff08f7ed38bf6f34b7c0cf578a68e', 1, '2026-01-22 21:42:11', '2026-01-22 21:42:11'),
(1177, 1, 3, 2, 3, 4, 4, 6, 64, 1, 13, 47, 102.00, 102.00, 0.00, 72, 30, 102, 1, 0.00, 0.00, 0.00, NULL, 2026, 1, '7025cadf2d3cd0fdd3af1d1faaaeba375bee772c0b5c84251025511bc7b63637', 1, '2026-01-22 21:42:11', '2026-01-22 21:42:11'),
(1178, 1, 3, 2, 3, 4, 4, 6, 64, 1, 14, 323, 2.00, 2.00, 0.00, 2, 0, 2, 2, 0.00, 0.00, 0.00, NULL, 2026, 1, '8b1581d454842f897a0624962ab436d635ae3a75766749b78ac93dcd00895d55', 1, '2026-01-22 21:42:11', '2026-01-22 21:42:11'),
(1179, 1, 3, 2, 3, 4, 4, 6, 64, 1, 14, 202, 3.00, 3.00, 0.00, 1, 2, 3, 3, 0.00, 0.00, 0.00, NULL, 2026, 1, 'dd89cd00c9cb94444b67339b9d74f0b1a0bcfb06629f767099f75882e7e8d358', 1, '2026-01-22 21:42:11', '2026-01-22 21:42:11'),
(1180, 1, 3, 2, 3, 4, 4, 6, 64, 1, 14, 325, 1.00, 1.00, 0.00, 0, 1, 1, 1, 0.00, 0.00, 0.00, NULL, 2026, 1, '1939e5987ff96d211668be328631347a6eaeeaf94c3eb686aad237b1e37d86f8', 1, '2026-01-22 21:42:11', '2026-01-22 21:42:11'),
(1181, 1, 3, 2, 3, 4, 4, 6, 64, 1, 14, 326, 1.00, 1.00, 0.00, 1, 0, 1, 1, 0.00, 0.00, 0.00, NULL, 2026, 1, 'e8c04e39be94ad3a0495cedaa4d3c8f03df34ac42e85943ddd254162ee95aea9', 1, '2026-01-22 21:42:11', '2026-01-22 21:42:11'),
(1182, 1, 3, 2, 3, 4, 4, 6, 64, 1, 14, 50, 39.00, 39.00, 0.00, 31, 8, 39, 39, 0.00, 0.00, 0.00, NULL, 2026, 1, '6a5e409e96881e781a7ca5248e368e717a187bcbc0fa3eefa1dd0fd89f4730a4', 1, '2026-01-22 21:42:11', '2026-01-22 21:42:11'),
(1183, 1, 3, 2, 3, 4, 4, 6, 64, 1, 14, 328, 11.00, 11.00, 0.00, 11, 0, 11, 11, 0.00, 0.00, 0.00, NULL, 2026, 1, '899409bd11070cd1391965c8f9f94b303250c66bbcd70093ee8c27c69c6e0753', 1, '2026-01-22 21:42:11', '2026-01-22 21:42:11'),
(1184, 1, 3, 2, 3, 4, 4, 6, 64, 1, 14, 48, 3.00, 3.00, 0.00, 3, 0, 3, 3, 0.00, 0.00, 0.00, NULL, 2026, 1, 'ce4040395c45275800c762f08a40b5e1b355632dea231df88d2d80d142b621ba', 1, '2026-01-22 21:42:11', '2026-01-22 21:42:11'),
(1185, 1, 3, 2, 3, 4, 4, 6, 64, 1, 14, 203, 1.00, 1.00, 0.00, 1, 0, 1, 1, 0.00, 0.00, 0.00, NULL, 2026, 1, '4f4cf67fba555b4fbb56e7c6ffa996a5736d7800cccfc3a1c350b4259ceeeb0f', 1, '2026-01-22 21:42:11', '2026-01-22 21:42:11'),
(1186, 1, 3, 2, 3, 4, 4, 6, 64, 1, 14, 329, 41.00, 41.00, 0.00, 21, 20, 41, 41, 0.00, 0.00, 0.00, NULL, 2026, 1, '136a6a14a6bd21f5a392fc3ec3f2d6d33d097d94bb697e208ce2a25ca3b6ae12', 1, '2026-01-22 21:42:11', '2026-01-22 21:42:11'),
(1187, 1, 3, 2, 3, 4, 4, 6, 64, 1, 14, 330, 22.00, 22.00, 0.00, 21, 1, 22, 22, 0.00, 0.00, 0.00, NULL, 2026, 1, '888e5442834f9a40f581168bc546a024389420bb3f9aafd386a7dd425989c048', 1, '2026-01-22 21:42:11', '2026-01-22 21:42:11'),
(1188, 1, 3, 2, 3, 4, 4, 6, 64, 1, 10, 94, 80.00, 80.00, 0.00, 50, 30, 80, 80, 0.00, 0.00, 0.00, NULL, 2026, 1, 'ef67d50aa890546809294c17384cbd4bf9da73842c075d31f5068d15046e127c', 1, '2026-01-22 21:42:11', '2026-01-22 21:42:11'),
(1189, 1, 3, 2, 3, 4, 4, 6, 64, 1, 11, 137, 1.00, 1.00, 0.00, 1, 0, 1, 1, 0.00, 0.00, 0.00, NULL, 2026, 1, '8805f7f133d9d7d36f837d5f5fc6dfec551153e5428156c8295b56497e07fd6e', 1, '2026-01-22 21:42:11', '2026-01-22 21:42:11'),
(1190, 1, 3, 2, 3, 4, 4, 6, 64, 1, 11, 131, 21.00, 21.00, 0.00, 13, 8, 21, 3, 0.00, 0.00, 0.00, NULL, 2026, 1, 'f390f1afb05285b9b7f3119c31e8f79e1b676e8622f95c2ba2e63e63f8979d43', 1, '2026-01-22 21:42:11', '2026-01-22 21:42:11'),
(1191, 1, 3, 2, 3, 4, 4, 6, 64, 1, 11, 139, 65.00, 65.00, 0.00, 0, 65, 65, 65, 0.00, 0.00, 0.00, NULL, 2026, 1, 'd14c32da722ed22b833575161490b2fc78eeb9707f270ce0cecd42958ffae7de', 1, '2026-01-22 21:42:11', '2026-01-22 21:42:11'),
(1192, 1, 3, 2, 3, 4, 4, 6, 64, 1, 15, 74, 61.00, 61.00, 0.00, 56, 5, 61, 61, 0.00, 0.00, 0.00, NULL, 2026, 1, '1f2e21c2f67b75e460543a933c091aed770c7b03d681ef8fdfa968dd6f38f852', 1, '2026-01-22 21:42:11', '2026-01-22 21:42:11'),
(1193, 1, 3, 2, 3, 4, 4, 6, 64, 1, 15, 173, 6.00, 6.00, 0.00, 1, 5, 6, 6, 0.00, 0.00, 0.00, NULL, 2026, 1, '4a08145d7ea37fed39330b65a2a947dd20d11fa843ce3f6f7cef483ee8b059f9', 1, '2026-01-22 21:42:11', '2026-01-22 21:42:11'),
(1194, 1, 3, 2, 3, 4, 4, 6, 64, 1, 9, 290, 10.00, 10.00, 0.00, 1, 9, 10, 10, 0.00, 0.00, 0.00, NULL, 2026, 1, 'a550fc6157625a0a7504bb4daff20b88d7f286bb1e15a6d48529fb97d3efdd4b', 1, '2026-01-22 21:42:11', '2026-01-22 21:42:11'),
(1195, 1, 3, 2, 3, 4, 4, 6, 64, 1, 9, 65, 20.00, 20.00, 0.00, 0, 20, 20, 20, 0.00, 0.00, 0.00, NULL, 2026, 1, '1d9a659048815bb2c8a18e4679aecd7f18cab985447c541cbe50011541d5fa19', 1, '2026-01-22 21:42:11', '2026-01-22 21:42:11'),
(1196, 1, 3, 2, 3, 4, 4, 6, 64, 1, 9, 295, 15.00, 15.00, 0.00, 14, 1, 15, 15, 0.00, 0.00, 0.00, NULL, 2026, 1, '7c93543cb984f5e0bbf4e463bccd50a16018e55f0c04bcfc03c381ef7f507be5', 1, '2026-01-22 21:42:11', '2026-01-22 21:42:11'),
(1197, 1, 3, 2, 3, 4, 4, 6, 64, 1, 9, 291, 10.00, 10.00, 0.00, 0, 10, 10, 10, 0.00, 0.00, 0.00, NULL, 2026, 1, '845877ccc26b3705a5c7049012166e4e2d953817bfdc52572c2e258a80a47d5f', 1, '2026-01-22 21:42:11', '2026-01-22 21:42:11'),
(1198, 1, 3, 2, 3, 4, 4, 6, 64, 1, 9, 35, 95.00, 95.00, 0.00, 40, 55, 95, 95, 0.00, 0.00, 0.00, NULL, 2026, 1, '02c2fc6a994951866156c24417a680cb620c2cbdab81380052f4046817dbab6e', 1, '2026-01-22 21:42:11', '2026-01-22 21:42:11'),
(1199, 1, 3, 2, 3, 4, 4, 6, 64, 1, 13, 53, 35.00, 35.00, 0.00, 32, 3, 35, 3, 0.00, 0.00, 0.00, NULL, 2026, 1, '68a08d3d3f5e0cc9747ca3ca62e78a4ae0c77456bc9f4cf1159f67a58d066364', 1, '2026-01-22 21:42:11', '2026-01-22 21:42:11'),
(1200, 1, 3, 2, 3, 4, 4, 6, 64, 1, 11, 135, 13.00, 13.00, 0.00, 11, 2, 13, 13, 0.00, 0.00, 0.00, NULL, 2026, 1, '30c83e733b40f1e337f6d496f24bd9a9c2d2229fee16179f8e141348a8b42157', 1, '2026-01-22 21:42:11', '2026-01-22 21:42:11'),
(1201, 1, 3, 2, 3, 4, 4, 6, 64, 1, 14, 332, 45.00, 45.00, 0.00, 37, 8, 45, 45, 0.00, 0.00, 0.00, NULL, 2026, 1, 'e4af7eb8de5f7d6db83a70a61bb6a7d7e9df0af121108c82b3238f59e35e3511', 1, '2026-01-22 21:42:11', '2026-01-22 21:42:11'),
(1202, 1, 3, 2, 3, 4, 4, 6, 64, 1, 16, 59, 12.00, 12.00, 0.00, 0, 12, 12, 12, 0.00, 0.00, 0.00, NULL, 2026, 1, 'a1d2448ca5561f881c6584aa6a0646056015728837b59f6549b9d4c4b8bff0b0', 1, '2026-01-22 21:42:11', '2026-01-22 21:42:11'),
(1203, 1, 3, 2, 3, 4, 4, 6, 64, 1, 12, 46, 8.00, 8.00, 0.00, 7, 1, 8, 8, 0.00, 0.00, 0.00, NULL, 2026, 1, '7e08262c904d5445acaa7406290c7d24fafae9ec2aaba4cd589528338132f835', 1, '2026-01-22 21:42:11', '2026-01-22 21:42:11'),
(1204, 1, 3, 2, 3, 4, 4, 6, 64, 1, 15, 49, 3.00, 3.00, 0.00, 1, 2, 3, 3, 0.00, 0.00, 0.00, NULL, 2026, 1, '268c7368218b4657416046d28c613e1ea1d92c9b28fba9e88b6e770132277bef', 1, '2026-01-22 21:42:11', '2026-01-22 21:42:11'),
(1205, 1, 3, 2, 3, 4, 4, 6, 64, 1, 15, 73, 17.00, 17.00, 0.00, 13, 4, 17, 1, 0.00, 0.00, 0.00, NULL, 2026, 1, '01e445dbf95fd4881148b35519f96341f7f5e808546bc9289ac00920bcac900a', 1, '2026-01-22 21:42:11', '2026-01-22 21:42:11'),
(1206, 1, 3, 2, 3, 4, 4, 6, 64, 1, 15, 170, 12.00, 12.00, 0.00, 4, 8, 12, 12, 0.00, 0.00, 0.00, NULL, 2026, 1, '9a5ff495032db5f7fb79d068df058e15723257838a9b7d7e4e0c192455d5cd31', 1, '2026-01-22 21:42:11', '2026-01-22 21:42:11'),
(1207, 1, 3, 2, 3, 4, 4, 6, 65, 1, 15, 49, 3.00, 3.00, 0.00, 3, 0, 3, 3, 0.00, 0.00, 0.00, NULL, 2026, 1, '2dc48aa236f46835b2b3b0342c7e456f07e18c9714071022c11f5d0105659df2', 1, '2026-01-22 21:42:11', '2026-01-22 21:42:11'),
(1208, 1, 3, 2, 3, 4, 4, 6, 65, 1, 4, 11, 16.00, 16.00, 0.00, 1, 15, 16, 16, 0.00, 0.00, 0.00, NULL, 2026, 1, '096b45ca344d992fdb5d3c167b2bb8a5175dd41fc7f0135bceb5ec026a1286e1', 1, '2026-01-22 21:42:11', '2026-01-22 21:42:11'),
(1209, 1, 3, 2, 3, 4, 4, 6, 65, 1, 4, 245, 21.00, 21.00, 0.00, 7, 14, 21, 21, 0.00, 0.00, 0.00, NULL, 2026, 1, 'b5223c11821bd65511dfb0fc953a8ee6c968ddfc74ce2535e73f3ca227dd28eb', 1, '2026-01-22 21:42:11', '2026-01-22 21:42:11'),
(1210, 1, 3, 2, 3, 4, 4, 6, 65, 1, 5, 249, 24.00, 24.00, 0.00, 3, 21, 24, 24, 0.00, 0.00, 0.00, NULL, 2026, 1, '068ea7fa3cc2fb0c3b7a623c068d044bbfd031c647507f1fd29e8b14b81f1480', 1, '2026-01-22 21:42:11', '2026-01-22 21:42:11'),
(1211, 1, 3, 2, 3, 4, 4, 6, 65, 1, 11, 132, 10.00, 10.00, 0.00, 3, 7, 10, 10, 0.00, 0.00, 0.00, NULL, 2026, 1, 'c3b77dbc4a5c899aec864d63fb86ffdb75b0d85f3989957c64a2ce6c9cb5ce04', 1, '2026-01-22 21:42:11', '2026-01-22 21:42:11'),
(1212, 1, 3, 2, 3, 4, 4, 6, 65, 1, 15, 176, 4.00, 4.00, 0.00, 2, 2, 4, 4, 0.00, 0.00, 0.00, NULL, 2026, 1, '4229aefeb23b5a62cf2ebd901e0efaa5f4c26528ea170e498f098f13426d4677', 1, '2026-01-22 21:42:11', '2026-01-22 21:42:11'),
(1213, 1, 3, 2, 3, 4, 4, 6, 65, 1, 4, 111, 5.00, 5.00, 0.00, 1, 4, 5, 5, 0.00, 0.00, 0.00, NULL, 2026, 1, '3f55030295370199e83b49c70943dec3d29a92dbd2d89f924466a2374a523c81', 1, '2026-01-22 21:42:11', '2026-01-22 21:42:11'),
(1214, 1, 3, 2, 3, 4, 4, 6, 65, 1, 8, 24, 7.00, 7.00, 0.00, 7, 0, 7, 7, 0.00, 0.00, 0.00, NULL, 2026, 1, 'b148e94af58f537e405fece0481d53de272260d5a4247d0cebec27e98354aad6', 1, '2026-01-22 21:42:11', '2026-01-22 21:42:11'),
(1215, 1, 3, 2, 3, 4, 4, 6, 65, 1, 5, 189, 24.00, 24.00, 0.00, 0, 24, 24, 24, 0.00, 0.00, 0.00, NULL, 2026, 1, 'bdb539ae141b3e66d6eeba480d0d569437faf18e1675f7b4614bcd8f9fe81743', 1, '2026-01-22 21:42:11', '2026-01-22 21:42:11'),
(1216, 1, 3, 2, 3, 4, 4, 6, 65, 1, 12, 317, 22.00, 22.00, 0.00, 15, 7, 22, 22, 0.00, 0.00, 0.00, NULL, 2026, 1, '624d0ad71d5aeaa24e2a8e401704a30e9011cd78e949720686c01ba3d30b6b9b', 1, '2026-01-22 21:42:11', '2026-01-22 21:42:11'),
(1217, 1, 3, 2, 3, 4, 4, 6, 66, 1, 15, 74, 49.00, 49.00, 0.00, 48, 1, 49, 49, 0.00, 0.00, 0.00, NULL, 2026, 1, '84e080ffd8680f9b00ca94e0eb142e98ef804bf728e0ad672d79aec9294d47d2', 1, '2026-01-22 21:42:11', '2026-01-22 21:42:11'),
(1218, 1, 3, 2, 3, 4, 4, 6, 66, 1, 15, 177, 13.00, 13.00, 0.00, 12, 1, 13, 13, 0.00, 0.00, 0.00, NULL, 2026, 1, '8c349825f971b018b5da2e8bd0d488b4e6b5930c80020552f45d181f02c386a0', 1, '2026-01-22 21:42:11', '2026-01-22 21:42:11'),
(1219, 1, 3, 2, 3, 4, 4, 6, 66, 1, 15, 176, 4.00, 4.00, 0.00, 1, 3, 4, 4, 0.00, 0.00, 0.00, NULL, 2026, 1, 'f9136c483b95a416d2c29927703ff6c2aa18d2bd61e95f35bdd35de18bcf1bd7', 1, '2026-01-22 21:42:11', '2026-01-22 21:42:11'),
(1220, 1, 3, 2, 3, 4, 4, 6, 66, 1, 15, 170, 2.00, 2.00, 0.00, 2, 0, 2, 2, 0.00, 0.00, 0.00, NULL, 2026, 1, 'c523f93e0d2de1d3fb3dc8bfd78425a86e97fe62056719f7ebdaaddc14c1999a', 1, '2026-01-22 21:42:11', '2026-01-22 21:42:11'),
(1221, 1, 3, 2, 3, 4, 4, 6, 66, 1, 7, 267, 9.00, 9.00, 0.00, 0, 9, 9, 9, 0.00, 0.00, 0.00, NULL, 2026, 1, '3531feafb464e7cf480aaa3e82feab9296a300503fafd4887cdf958c1d57b106', 1, '2026-01-22 21:42:11', '2026-01-22 21:42:11'),
(1222, 1, 3, 2, 3, 4, 4, 6, 66, 1, 15, 49, 9.00, 9.00, 0.00, 5, 4, 9, 9, 0.00, 0.00, 0.00, NULL, 2026, 1, '594fadebae9ff413da030ea3cb8164999a9a289a92392fb5340dd400f68f9fbe', 1, '2026-01-22 21:42:11', '2026-01-22 21:42:11'),
(1223, 1, 3, 2, 3, 4, 4, 6, 66, 1, 15, 174, 3.00, 3.00, 0.00, 3, 0, 3, 3, 0.00, 0.00, 0.00, NULL, 2026, 1, '2051a409a1fbc0bea2e1a8640471aef65de6a251187f666e678694c144bb011c', 1, '2026-01-22 21:42:11', '2026-01-22 21:42:11'),
(1224, 1, 3, 2, 3, 4, 4, 6, 66, 1, 15, 173, 2.00, 2.00, 0.00, 1, 1, 2, 2, 0.00, 0.00, 0.00, NULL, 2026, 1, 'd29cb324434e07733e39c1a3630e072fec36cfee9b72ff44598cc7d24bd67b64', 1, '2026-01-22 21:42:11', '2026-01-22 21:42:11'),
(1225, 1, 3, 2, 3, 4, 4, 6, 66, 1, 15, 73, 6.00, 6.00, 0.00, 5, 1, 6, 6, 0.00, 0.00, 0.00, NULL, 2026, 1, 'f44531e1c9827e7ab2ca22753e38ff8a50fdb0ed2fd4f8ba509d675763e7d808', 1, '2026-01-22 21:42:11', '2026-01-22 21:42:11'),
(1226, 1, 3, 2, 3, 4, 4, 6, 66, 1, 15, 172, 2.00, 2.00, 0.00, 2, 0, 2, 2, 0.00, 0.00, 0.00, NULL, 2026, 1, '046f7dc29ab64206f2bb849633d49a0b02b832ef327dafced9b801e5332f66bd', 1, '2026-01-22 21:42:11', '2026-01-22 21:42:11'),
(1227, 1, 3, 2, 3, 4, 4, 6, 66, 1, 15, 175, 3.00, 3.00, 0.00, 2, 1, 3, 3, 0.00, 0.00, 0.00, NULL, 2026, 1, 'ac8359dd20297e223da6c686156fb95e30ff85527e7cd74c6f1d0bbad81f4755', 1, '2026-01-22 21:42:11', '2026-01-22 21:42:11'),
(1228, 1, 3, 2, 3, 4, 4, 6, 67, 1, 15, 74, 1.00, 1.00, 0.00, 1, 0, 1, 1, 0.00, 0.00, 0.00, NULL, 2026, 1, 'c5cdbdf7c4f8b121d75262bf4796e03f834d6734bf10f8c19dafe4dc6c60aba7', 1, '2026-01-22 21:42:11', '2026-01-22 21:42:11'),
(1229, 1, 3, 2, 3, 4, 4, 6, 67, 1, 4, 240, 4.00, 4.00, 0.00, 3, 1, 4, 4, 0.00, 0.00, 0.00, NULL, 2026, 1, '42089946a9a58d17882f50136ac8ebbfebcfd299cc07644bd594ea8e3303a4f0', 1, '2026-01-22 21:42:11', '2026-01-22 21:42:11'),
(1230, 1, 3, 2, 3, 4, 4, 6, 68, 1, 11, 44, 3.00, 3.00, 0.00, 3, 0, 3, 3, 0.00, 0.00, 0.00, NULL, 2026, 1, '568f7f6403f3f4decb45d144a0fdb78f5c9ab20d6dc6644ea33c349a09b11da4', 1, '2026-01-22 21:42:11', '2026-01-22 21:42:11'),
(1231, 1, 3, 2, 3, 4, 4, 6, 68, 1, 11, 138, 12.00, 12.00, 0.00, 5, 7, 12, 1, 0.00, 0.00, 0.00, NULL, 2026, 1, 'c4ac0dd04d460a6c5d4f4676b09fee0e142460e923c394935c420a12f1f0e187', 1, '2026-01-22 21:42:11', '2026-01-22 21:42:11'),
(1232, 1, 3, 2, 3, 4, 4, 6, 68, 1, 11, 130, 8.00, 8.00, 0.00, 3, 5, 8, 8, 0.00, 0.00, 0.00, NULL, 2026, 1, '0dc823f1bef65784c26e60f7a4809c71770131c14cdc70032c66a01f83fc8d4b', 1, '2026-01-22 21:42:11', '2026-01-22 21:42:11'),
(1233, 1, 3, 2, 3, 4, 4, 6, 68, 1, 15, 74, 44.00, 44.00, 0.00, 0, 44, 44, 44, 0.00, 0.00, 0.00, NULL, 2026, 1, '471bab32e15d3c1f4f01c3285ebda480b20fd73c9d32b1409cb88bdfbd8e47ac', 1, '2026-01-22 21:42:11', '2026-01-22 21:42:11'),
(1234, 1, 3, 2, 3, 4, 4, 6, 68, 1, 4, 11, 31.00, 31.00, 0.00, 3, 28, 31, 31, 0.00, 0.00, 0.00, NULL, 2026, 1, 'f14849309df24d1737892bd52884ada6ecf3484a7935009bed71587e5cfbc9e0', 1, '2026-01-22 21:42:11', '2026-01-22 21:42:11'),
(1235, 1, 3, 2, 3, 4, 4, 6, 68, 1, 4, 245, 22.00, 22.00, 0.00, 8, 14, 22, 22, 0.00, 0.00, 0.00, NULL, 2026, 1, '6718c48b575d5bc52b69959bbc751a90cd90cdc0658d37d4ba18bfea0fba6ab9', 1, '2026-01-22 21:42:11', '2026-01-22 21:42:11'),
(1236, 1, 3, 2, 3, 4, 4, 6, 68, 1, 18, 110, 11.00, 11.00, 0.00, 2, 9, 11, 11, 0.00, 0.00, 0.00, NULL, 2026, 1, 'f83f93b6528e724c11b2667f53ab569906fbc82c39813801debcdc5f17eab628', 1, '2026-01-22 21:42:11', '2026-01-22 21:42:11'),
(1237, 1, 3, 2, 3, 4, 4, 6, 68, 1, 9, 65, 28.00, 28.00, 0.00, 0, 28, 28, 28, 0.00, 0.00, 0.00, NULL, 2026, 1, '70c7e612e79132be0f21dea5d58125b5fc7c5d308f1adb1a7bf962ddbba2af51', 1, '2026-01-22 21:42:11', '2026-01-22 21:42:11'),
(1238, 1, 3, 2, 3, 4, 4, 6, 68, 1, 13, 47, 31.00, 31.00, 0.00, 20, 11, 31, 31, 0.00, 0.00, 0.00, NULL, 2026, 1, 'bf291c8b566bb1920392652c80283f0a1af99dca4694b92cf897deaa1fd4bfc3', 1, '2026-01-22 21:42:11', '2026-01-22 21:42:11'),
(1239, 1, 3, 2, 3, 4, 4, 6, 68, 1, 11, 134, 30.00, 30.00, 0.00, 25, 5, 30, 30, 0.00, 0.00, 0.00, NULL, 2026, 1, '9a2bcb4daa961af936978913df06c953d372524fe0249afe345f67338fe898e2', 1, '2026-01-22 21:42:11', '2026-01-22 21:42:11'),
(1240, 1, 3, 2, 3, 4, 4, 6, 68, 1, 11, 136, 27.00, 27.00, 0.00, 25, 2, 27, 27, 0.00, 0.00, 0.00, NULL, 2026, 1, '66046f4555e2e6e9e28ca3af2c8b93d6be09e24292a07f7cdb486face12077b3', 1, '2026-01-22 21:42:11', '2026-01-22 21:42:11'),
(1241, 1, 3, 2, 3, 4, 4, 6, 68, 1, 11, 137, 6.00, 6.00, 0.00, 5, 1, 6, 6, 0.00, 0.00, 0.00, NULL, 2026, 1, '55bd3713fba172dc72fc359e0841e1b1a204cff55e29563e330cc1280060ba95', 1, '2026-01-22 21:42:11', '2026-01-22 21:42:11'),
(1242, 1, 3, 2, 3, 4, 4, 6, 68, 1, 11, 139, 18.00, 18.00, 0.00, 0, 18, 18, 18, 0.00, 0.00, 0.00, NULL, 2026, 1, 'd56fb766412b586a740e5aafafc929e022fb03d935d2275a993ba97d8b68eeb7', 1, '2026-01-22 21:42:11', '2026-01-22 21:42:11'),
(1243, 1, 3, 2, 3, 4, 4, 6, 68, 1, 4, 240, 29.00, 29.00, 0.00, 3, 26, 29, 29, 0.00, 0.00, 0.00, NULL, 2026, 1, '214615964d5050a8679a8cc7f6781909bc3c6df57ae9b633e8033f85f2c49e7a', 1, '2026-01-22 21:42:11', '2026-01-22 21:42:11'),
(1244, 1, 3, 2, 3, 4, 4, 6, 68, 1, 18, 215, 248.00, 248.00, 0.00, 193, 55, 248, 248, 0.00, 0.00, 0.00, NULL, 2026, 1, 'b7c2319d8c4c8b068f5d130641d4d28a735147a4f144bfdc948b8d9f60a25c31', 1, '2026-01-22 21:42:11', '2026-01-22 21:42:11'),
(1245, 1, 3, 2, 3, 4, 4, 6, 68, 1, 13, 318, 21.00, 21.00, 0.00, 8, 13, 21, 21, 0.00, 0.00, 0.00, NULL, 2026, 1, 'f40c6ac41f9fa54e77333f065cc6e3751b10265ab1ddbbe1406a42114270c3a9', 1, '2026-01-22 21:42:11', '2026-01-22 21:42:11'),
(1246, 1, 3, 2, 3, 4, 4, 6, 68, 1, 7, 267, 6.00, 6.00, 0.00, 1, 5, 6, 6, 0.00, 0.00, 0.00, NULL, 2026, 1, '3b950e46aecf84d25cf5a87d82747e5c62bd60d95ab517321a77eee4501a7b93', 1, '2026-01-22 21:42:11', '2026-01-22 21:42:11'),
(1247, 1, 3, 2, 3, 4, 4, 6, 68, 1, 11, 131, 60.00, 60.00, 0.00, 4, 56, 60, 60, 0.00, 0.00, 0.00, NULL, 2026, 1, 'fac77df3bd83723dff423d28b542f4831d983e298457d122e5578e3b0b38d6af', 1, '2026-01-22 21:42:11', '2026-01-22 21:42:11'),
(1248, 1, 3, 2, 3, 4, 4, 6, 68, 1, 11, 156, 4.00, 4.00, 0.00, 0, 4, 4, 4, 0.00, 0.00, 0.00, NULL, 2026, 1, '5f6abbc919b1ddfa22c2204bf768593ae51f1fb525b8c68578de2d2457c09996', 1, '2026-01-22 21:42:11', '2026-01-22 21:42:11'),
(1249, 1, 3, 2, 3, 4, 4, 6, 68, 1, 10, 94, 36.00, 36.00, 0.00, 3, 33, 36, 36, 0.00, 0.00, 0.00, NULL, 2026, 1, '2e44c7b103f5563759d703e287ef88fb86bcf2c4d23975e12414c3563d6b865c', 1, '2026-01-22 21:42:11', '2026-01-22 21:42:11'),
(1250, 1, 3, 2, 3, 4, 4, 6, 68, 1, 12, 46, 18.00, 18.00, 0.00, 18, 0, 18, 18, 0.00, 0.00, 0.00, NULL, 2026, 1, '2270a1e58818862c24b4b14d63587d06da4293538f67610d32c1c502572898b9', 1, '2026-01-22 21:42:11', '2026-01-22 21:42:11'),
(1251, 1, 3, 2, 3, 4, 4, 6, 68, 1, 11, 128, 110.00, 110.00, 0.00, 110, 0, 110, 2, 0.00, 0.00, 0.00, NULL, 2026, 1, '2db37262524137834f475997670b145ed0be6b448d7295a2e3822f5b513a2d2a', 1, '2026-01-22 21:42:11', '2026-01-22 21:42:11'),
(1252, 1, 3, 2, 3, 4, 4, 6, 68, 1, 11, 132, 45.00, 45.00, 0.00, 26, 19, 45, 45, 0.00, 0.00, 0.00, NULL, 2026, 1, 'ea8989dba01d4ed7ac94151c80ef51032b213acfe67161d04c3998e3fb03dce7', 1, '2026-01-22 21:42:11', '2026-01-22 21:42:11'),
(1253, 1, 3, 2, 3, 4, 4, 6, 68, 1, 15, 171, 3.00, 3.00, 0.00, 2, 1, 3, 3, 0.00, 0.00, 0.00, NULL, 2026, 1, 'a1bf32e51870a8577def316a1d8b9a13609f710be8f5cfbcc66d621b5b262d0e', 1, '2026-01-22 21:42:11', '2026-01-22 21:42:11'),
(1254, 1, 3, 2, 3, 4, 4, 6, 69, 1, 15, 173, 1.00, 1.00, 0.00, 0, 1, 1, 1, 0.00, 0.00, 0.00, NULL, 2026, 1, '65c5b71e4a887dca4eae3ada5e58ff82fb00aae6521752d2f1a983e2149be3d9', 1, '2026-01-22 21:42:11', '2026-01-22 21:42:11'),
(1255, 1, 3, 2, 3, 4, 4, 6, 69, 1, 15, 175, 1.00, 1.00, 0.00, 1, 0, 1, 1, 0.00, 0.00, 0.00, NULL, 2026, 1, 'a06f425ce81ee765ade90e90e72ae743b3debfeba0568ec0671c1d59e31380c3', 1, '2026-01-22 21:42:11', '2026-01-22 21:42:11'),
(1256, 1, 3, 2, 3, 4, 4, 6, 69, 1, 4, 240, 1.00, 1.00, 0.00, 1, 0, 1, 1, 0.00, 0.00, 0.00, NULL, 2026, 1, '2e482b9642c88ddb4a508627e6a6ed61744b13aeea13d5049e30b073d50ff5f8', 1, '2026-01-22 21:42:11', '2026-01-22 21:42:11'),
(1257, 1, 3, 2, 3, 4, 4, 6, 69, 1, 4, 11, 30.00, 30.00, 0.00, 12, 18, 30, 30, 0.00, 0.00, 0.00, NULL, 2026, 1, '10e77b11e8d7e611c7f132f72c5ce34789b27746bc70f3dce6b4592baf27bfa6', 1, '2026-01-22 21:42:11', '2026-01-22 21:42:11'),
(1258, 1, 3, 2, 3, 4, 4, 6, 69, 1, 4, 248, 1.00, 1.00, 0.00, 1, 0, 1, 1, 0.00, 0.00, 0.00, NULL, 2026, 1, '18f6aae66c13c0066c3e3d0c1eae2b50b886cecc2eff97f60f02483480912007', 1, '2026-01-22 21:42:11', '2026-01-22 21:42:11'),
(1259, 1, 3, 2, 3, 4, 4, 6, 69, 1, 12, 207, 8.00, 8.00, 0.00, 8, 0, 8, 8, 0.00, 0.00, 0.00, NULL, 2026, 1, '55d6a09bacbdc84b672de9c2112ca04b43eb317b6cbb8c48a71af6a40227a476', 1, '2026-01-22 21:42:11', '2026-01-22 21:42:11'),
(1260, 1, 3, 2, 3, 4, 4, 6, 69, 1, 12, 125, 5.00, 5.00, 0.00, 5, 0, 5, 5, 0.00, 0.00, 0.00, NULL, 2026, 1, 'c9727e4668ccc2566dc71975eb34eaa58634658d15cb2eb1052caa43c5198fa8', 1, '2026-01-22 21:42:11', '2026-01-22 21:42:11'),
(1261, 1, 3, 2, 3, 4, 4, 6, 69, 1, 12, 71, 5.00, 5.00, 0.00, 5, 0, 5, 5, 0.00, 0.00, 0.00, NULL, 2026, 1, '5f17b5e26d8d0742043ce04719b65b4c4d29f821a9763ae50de4c1dea0c59198', 1, '2026-01-22 21:42:11', '2026-01-22 21:42:11'),
(1262, 1, 3, 2, 3, 4, 4, 6, 69, 1, 12, 46, 3.00, 3.00, 0.00, 1, 2, 3, 3, 0.00, 0.00, 0.00, NULL, 2026, 1, '66b355aec83d05f9fdb76921440d95ec3fe5b5e8529d2abdcacd723d5a5e6263', 1, '2026-01-22 21:42:11', '2026-01-22 21:42:11'),
(1263, 1, 3, 2, 3, 4, 4, 6, 69, 1, 12, 126, 16.00, 16.00, 0.00, 12, 4, 16, 16, 0.00, 0.00, 0.00, NULL, 2026, 1, '489b714050bf52b3a33485597132b4d0d9aeb8088a8ce5d3cee71b1f9d749e6a', 1, '2026-01-22 21:42:11', '2026-01-22 21:42:11'),
(1264, 1, 3, 2, 3, 4, 4, 6, 69, 1, 12, 317, 2.00, 2.00, 0.00, 2, 0, 2, 2, 0.00, 0.00, 0.00, NULL, 2026, 1, '169c56087e4a943d4480a6bc0fde11eb6cd12345cd5387bdbecd3e41a17413a2', 1, '2026-01-22 21:42:11', '2026-01-22 21:42:11'),
(1265, 1, 3, 2, 3, 4, 4, 6, 69, 1, 4, 111, 1.00, 1.00, 0.00, 1, 0, 1, 1, 0.00, 0.00, 0.00, NULL, 2026, 1, 'a931dea12cc246d3e9fa7d28d49ff21cdd7d357e8419eeb83cbad07a25e6c6fb', 1, '2026-01-22 21:42:11', '2026-01-22 21:42:11'),
(1266, 1, 3, 2, 3, 4, 4, 6, 69, 1, 13, 318, 9.00, 9.00, 0.00, 4, 5, 9, 9, 0.00, 0.00, 0.00, NULL, 2026, 1, 'edbbadddc415478803140e084c727a6008ef2bb725e95b6db231153131f63300', 1, '2026-01-22 21:42:11', '2026-01-22 21:42:11'),
(1267, 1, 3, 2, 3, 4, 4, 6, 70, 1, 13, 319, 24.00, 24.00, 0.00, 5, 19, 24, 24, 0.00, 0.00, 0.00, NULL, 2026, 1, 'ef6f00199f2a095e1ea93ed6627f3481abb78ce66e38fa65f1b7d1c61cb47ed1', 1, '2026-01-22 21:42:11', '2026-01-22 21:42:11'),
(1268, 1, 3, 2, 3, 4, 4, 6, 71, 1, 18, 110, 2.00, 2.00, 0.00, 0, 2, 2, 2, 0.00, 0.00, 0.00, NULL, 2026, 1, '71adb7be75aca1e9261245e127965e00bafda23489c2234d53dfaf69ba0e830c', 1, '2026-01-22 21:42:11', '2026-01-22 21:42:11'),
(1269, 1, 3, 2, 3, 4, 4, 7, 72, 1, 5, 189, 5.00, 0.00, 0.00, 0, 0, 0, 0, 10975.00, 0.00, 0.00, NULL, 2026, 1, 'd4d80ee2fbc6a5571794e7507921065c8801f77181617e1ccf683f3e14473a5f', 1, '2026-01-22 21:42:11', '2026-01-22 21:42:11'),
(1270, 1, 3, 2, 3, 4, 4, 7, 72, 1, 5, 252, 2.00, 0.00, 0.00, 0, 0, 0, 0, 4395.00, 0.00, 0.00, NULL, 2026, 1, 'c537166c48821357895a7296845cec907496db23a56673910590099d79f6e66f', 1, '2026-01-22 21:42:11', '2026-01-22 21:42:11'),
(1271, 1, 3, 2, 3, 4, 4, 7, 72, 1, 5, 250, 5.00, 0.00, 0.00, 0, 0, 0, 0, 10975.00, 0.00, 0.00, NULL, 2026, 1, '711f2029039ef50263bf0bb7b788dc5aedfd00ca352aa580914042f2bf3a2084', 1, '2026-01-22 21:42:11', '2026-01-22 21:42:11'),
(1272, 1, 3, 2, 3, 4, 4, 7, 72, 1, 5, 51, 1.00, 0.00, 0.00, 0, 0, 0, 0, 2195.00, 0.00, 0.00, NULL, 2026, 1, '1496cf2864c4f621a84933340695aad6b88fff494c0c77bf19608e2ca1cee9d0', 1, '2026-01-22 21:42:11', '2026-01-22 21:42:11'),
(1273, 1, 3, 2, 3, 4, 4, 7, 72, 1, 5, 251, 6.00, 0.00, 0.00, 0, 0, 0, 0, 13170.00, 0.00, 0.00, NULL, 2026, 1, 'da67fa64e8dcd32e7d448577aa5072683fb07377d59a0d37774c7958268f8337', 1, '2026-01-22 21:42:11', '2026-01-22 21:42:11'),
(1274, 1, 3, 2, 3, 4, 4, 7, 72, 1, 5, 14, 6.00, 0.00, 0.00, 0, 0, 0, 0, 11536.00, 0.00, 0.00, NULL, 2026, 1, '3b0de81004f07907a3cba7255c58b38481810ffc11d46e4ac3f96b9369533404', 1, '2026-01-22 21:42:11', '2026-01-22 21:42:11'),
(1275, 1, 3, 2, 3, 4, 4, 7, 72, 1, 5, 249, 6.00, 0.00, 0.00, 0, 0, 0, 0, 13170.00, 0.00, 0.00, NULL, 2026, 1, '1f73c295d8628b4010a7b6e1255d6a63ce3177aff596ccd5a915f7b10db18b36', 1, '2026-01-22 21:42:11', '2026-01-22 21:42:11'),
(1276, 1, 3, 2, 3, 4, 4, 7, 72, 1, 13, 53, 3.00, 3.00, 0.00, 3, 0, 3, 3, 7075.20, 7075.20, 1.00, NULL, 2026, 1, '19a9a1ee7649bb0f11bb1184fcb9c0c95434fddd9215d465f4d683eb12f1a900', 1, '2026-01-22 21:42:11', '2026-01-22 21:42:11'),
(1277, 1, 3, 2, 3, 4, 4, 7, 72, 1, 13, 47, 2.00, 2.00, 0.00, 1, 1, 2, 2, 4716.80, 4716.80, 1.00, NULL, 2026, 1, 'aeaac88e6461ab81b6a89c19241f12a019246942c168588e2f88df6d7ed0e3b9', 1, '2026-01-22 21:42:11', '2026-01-22 21:42:11'),
(1278, 1, 3, 2, 3, 4, 4, 7, 72, 1, 13, 321, 4.00, 4.00, 0.00, 4, 0, 4, 4, 9433.60, 9433.60, 1.00, NULL, 2026, 1, '5887013a2997f988e769ff1dbad1182dd468e56ef6e426921a8f0062974308ae', 1, '2026-01-22 21:42:11', '2026-01-22 21:42:11'),
(1279, 1, 3, 2, 3, 4, 4, 7, 72, 1, 13, 319, 1.00, 1.00, 0.00, 1, 0, 1, 1, 2358.40, 2358.40, 1.00, NULL, 2026, 1, 'db943dd252f76f1d429fc31659da33fc60e0d56bd71aa3df119953470164f0a0', 1, '2026-01-22 21:42:11', '2026-01-22 21:42:11'),
(1280, 1, 3, 2, 3, 4, 4, 7, 73, 1, 11, 137, 20.00, 20.00, 0.00, 13, 7, 20, 20, 16080.00, 16080.00, 1.00, NULL, 2026, 1, '359d027ce4483c4c351b9a6def71dd6fd646b88a43687d94d16544b9e5bb7f1a', 1, '2026-01-22 21:42:11', '2026-01-22 21:42:11'),
(1281, 1, 3, 2, 3, 4, 4, 7, 73, 1, 11, 136, 25.00, 25.00, 0.00, 23, 2, 25, 25, 20100.00, 20100.00, 1.00, NULL, 2026, 1, '4bda03e2b500ec4d66aa1cd66724279d4c24d4d2062c61cf1e78176ce4482c2c', 1, '2026-01-22 21:42:11', '2026-01-22 21:42:11'),
(1282, 1, 3, 2, 3, 4, 4, 7, 73, 1, 11, 135, 25.00, 25.00, 0.00, 23, 2, 25, 25, 20100.00, 20100.00, 1.00, NULL, 2026, 1, '27789826fe761a5e90a231d7b63ed49d79cd2a9e247da7621ef9cd06739e0c62', 1, '2026-01-22 21:42:11', '2026-01-22 21:42:11'),
(1283, 1, 3, 2, 3, 4, 4, 7, 73, 1, 11, 139, 20.00, 20.00, 0.00, 11, 9, 20, 20, 16080.00, 16080.00, 1.00, NULL, 2026, 1, '28f0955e5bfcc7c52c386b07dcb2305181a2c92ee577d8fd3d23334340a0953f', 1, '2026-01-22 21:42:11', '2026-01-22 21:42:11'),
(1284, 1, 3, 2, 3, 4, 4, 7, 74, 1, 12, 46, 1.00, 1.00, 0.00, 1, 0, 1, 1, 39000.00, 39000.00, 1.00, NULL, 2026, 1, '12240562f90061100f185c1acb4a01ad83869a499a21c17613057d7a5dba9853', 1, '2026-01-22 21:42:11', '2026-01-22 21:42:11'),
(1285, 1, 3, 2, 3, 4, 4, 7, 74, 1, 5, 252, 1.00, 1.00, 0.00, 1, 0, 1, 1, 39000.00, 39000.00, 1.00, NULL, 2026, 1, 'e2ddd83e58d393e14b9304920c6d5da35ce34756bf451935efbc51eee3579a40', 1, '2026-01-22 21:42:11', '2026-01-22 21:42:11'),
(1286, 1, 3, 2, 3, 4, 4, 7, 74, 1, 11, 135, 1.00, 0.00, 0.00, 0, 0, 0, 0, 40000.00, 0.00, 0.00, NULL, 2026, 1, 'db8ca2e17579ef7c4dcc8241d3c6828a39531ca3ef8ff35e84c4491df37c18d9', 1, '2026-01-22 21:42:11', '2026-01-22 21:42:11'),
(1287, 1, 3, 2, 3, 4, 4, 7, 74, 1, 11, 139, 1.00, 0.00, 0.00, 0, 0, 0, 0, 40000.00, 0.00, 0.00, NULL, 2026, 1, '37db67572a62669feb442a63f34c69973fd8c7aecebce31211b178c7fbe3dbca', 1, '2026-01-22 21:42:11', '2026-01-22 21:42:11'),
(1288, 1, 3, 2, 3, 4, 4, 7, 75, 1, 5, 189, 14.00, 0.00, 0.00, 0, 0, 0, 0, 8988.00, 0.00, 0.00, NULL, 2026, 1, '9318b8d3c21a27f5d010776e8560a05433a91e54c603791b00854032f74c71ef', 1, '2026-01-22 21:42:11', '2026-01-22 21:42:11'),
(1289, 1, 3, 2, 3, 4, 4, 7, 75, 1, 5, 252, 16.00, 0.00, 0.00, 0, 0, 0, 0, 10272.00, 0.00, 0.00, NULL, 2026, 1, 'b170f2ce996bb29c8f01ce59f27fcfd70dfef88b8151ea389f3bcbd247e91a7e', 1, '2026-01-22 21:42:11', '2026-01-22 21:42:11'),
(1290, 1, 3, 2, 3, 4, 4, 7, 75, 1, 5, 250, 14.00, 0.00, 0.00, 0, 0, 0, 0, 8988.00, 0.00, 0.00, NULL, 2026, 1, 'a662cbe8009554181fc78aefff5a9cb77fb253d406ced0b2185aa87ab16ba55a', 1, '2026-01-22 21:42:11', '2026-01-22 21:42:11'),
(1291, 1, 3, 2, 3, 4, 4, 7, 75, 1, 5, 51, 14.00, 0.00, 0.00, 0, 0, 0, 0, 8988.00, 0.00, 0.00, NULL, 2026, 1, '81e0a523596abd5d8489721acacf0c0be7944b41509132f9dba61d4968e2caaa', 1, '2026-01-22 21:42:11', '2026-01-22 21:42:11'),
(1292, 1, 3, 2, 3, 4, 4, 7, 75, 1, 5, 251, 14.00, 0.00, 0.00, 0, 0, 0, 0, 8988.00, 0.00, 0.00, NULL, 2026, 1, '11848fbbb251104fbdf527a376954e0093d27ed1168c48ac03ba9d4b816f6f27', 1, '2026-01-22 21:42:11', '2026-01-22 21:42:11'),
(1293, 1, 3, 2, 3, 4, 4, 7, 75, 1, 5, 14, 14.00, 0.00, 0.00, 0, 0, 0, 0, 8988.00, 0.00, 0.00, NULL, 2026, 1, '9088a789741c157bcf7781bd7b685b589db81fdd1ac3e10d270edbfbf2d7bdb8', 1, '2026-01-22 21:42:11', '2026-01-22 21:42:11'),
(1294, 1, 3, 2, 3, 4, 4, 7, 75, 1, 5, 249, 14.00, 0.00, 0.00, 0, 0, 0, 0, 8988.00, 0.00, 0.00, NULL, 2026, 1, 'b5501f56482038833b671554e68abea17f6ddf6cda390c46864a660d0f8eb345', 1, '2026-01-22 21:42:11', '2026-01-22 21:42:11'),
(1295, 1, 3, 2, 3, 4, 4, 7, 75, 1, 13, 321, 25.00, 0.00, 0.00, 0, 0, 0, 0, 16050.00, 0.00, 0.00, NULL, 2026, 1, 'd0b11ff9bea9fd6b630932d23cb19d5d01a3ac8ab97914514706c7884a4ce110', 1, '2026-01-22 21:42:11', '2026-01-22 21:42:11'),
(1296, 1, 3, 2, 3, 4, 4, 7, 75, 1, 13, 53, 10.00, 0.00, 0.00, 0, 0, 0, 0, 6420.00, 0.00, 0.00, NULL, 2026, 1, '9fd4dd17dea70a207c9530f02d4b0a485b7742c7faa8e625e29f3cfabb84b270', 1, '2026-01-22 21:42:11', '2026-01-22 21:42:11'),
(1297, 1, 3, 2, 3, 4, 4, 7, 75, 1, 13, 319, 5.00, 0.00, 0.00, 0, 0, 0, 0, 3210.00, 0.00, 0.00, NULL, 2026, 1, '302af9838f8a9bfdb0de54e329d8386da3d5ce423a1602620a0e0910921b86d2', 1, '2026-01-22 21:42:11', '2026-01-22 21:42:11'),
(1298, 1, 3, 2, 3, 4, 4, 7, 75, 1, 18, 213, 5.00, 5.00, 0.00, 3, 2, 5, 5, 2950.00, 2950.00, 1.00, NULL, 2026, 1, '41b619bc19fd0fcd23ed15b57bbb57b2211186eeb764f0e41ea0d847dac30b50', 1, '2026-01-22 21:42:11', '2026-01-22 21:42:11'),
(1299, 1, 3, 2, 3, 4, 4, 7, 75, 1, 18, 76, 5.00, 5.00, 0.00, 4, 1, 5, 5, 2950.00, 2950.00, 1.00, NULL, 2026, 1, '38b8572c2dde646dc31ebc0947b71c02122ab44b353c471e2bdd641ea9676825', 1, '2026-01-22 21:42:11', '2026-01-22 21:42:11');
INSERT INTO `datos_vider` (`id`, `unidad_ejecutora_id`, `dependencia_id`, `programa_id`, `subprograma_id`, `actividad_id`, `producto_id`, `subproducto_id`, `intervencion_id`, `medida_id`, `departamento_id`, `municipio_id`, `programado`, `ejecutado`, `porcentaje_ejecucion`, `hombres`, `mujeres`, `total_personas`, `beneficiarios`, `vigente_financiera`, `financiera_ejecutado`, `financiera_porcentaje`, `periodo`, `anio`, `mes`, `hash_registro`, `importacion_id`, `created_at`, `updated_at`) VALUES
(1300, 1, 3, 2, 3, 4, 4, 7, 75, 1, 18, 110, 5.00, 5.00, 0.00, 2, 3, 5, 5, 2950.00, 2950.00, 1.00, NULL, 2026, 1, '77af78fa7501ca8c037b34feee3660753ac423222a7437b4bd52a64fabe9b260', 1, '2026-01-22 21:42:11', '2026-01-22 21:42:11'),
(1301, 1, 3, 2, 3, 4, 4, 7, 75, 1, 18, 220, 5.00, 5.00, 0.00, 4, 1, 5, 5, 2950.00, 2950.00, 1.00, NULL, 2026, 1, '3dc7ef1a8740ce0178ef3ca9cd7e176ba1209e6cb3e9d05b0188fc2dc12ee61d', 1, '2026-01-22 21:42:11', '2026-01-22 21:42:11'),
(1302, 1, 3, 2, 3, 4, 4, 7, 75, 1, 11, 137, 30.00, 30.00, 0.00, 23, 7, 30, 30, 17700.00, 17700.00, 1.00, NULL, 2026, 1, 'bced14c4a8c766d5d5bd7f0a6c7a32a85f482c8f32f3a7d12f209155767445c4', 1, '2026-01-22 21:42:11', '2026-01-22 21:42:11'),
(1303, 1, 3, 2, 3, 4, 4, 7, 75, 1, 11, 136, 30.00, 30.00, 0.00, 26, 4, 30, 30, 17700.00, 17700.00, 1.00, NULL, 2026, 1, 'e39462710a8ff2f2958d1beb429983ec621add61c2354abcf5d5cf4a532df71e', 1, '2026-01-22 21:42:11', '2026-01-22 21:42:11'),
(1304, 1, 3, 2, 3, 4, 4, 7, 75, 1, 11, 135, 30.00, 30.00, 0.00, 22, 8, 30, 30, 17700.00, 17700.00, 1.00, NULL, 2026, 1, 'f6e2ec14b464dd475c1978a7044878d4f42811afa98e24a111c2e758a54a2c58', 1, '2026-01-22 21:42:11', '2026-01-22 21:42:11'),
(1305, 1, 3, 2, 3, 4, 4, 7, 75, 1, 11, 139, 30.00, 30.00, 0.00, 16, 14, 30, 30, 17700.00, 17700.00, 1.00, NULL, 2026, 1, '8eb5b9b2592ff25f8b0365c7a0be703327c3e66b34760a296f84df23ec0a3e4d', 1, '2026-01-22 21:42:11', '2026-01-22 21:42:11'),
(1306, 1, 3, 2, 3, 4, 4, 7, 76, 1, 3, 3, 60.00, 0.00, 0.00, 0, 0, 0, 0, 106800.00, 0.00, 0.00, NULL, 2026, 1, 'b154a64f41c9862d45f90de1522ae67187b434d4c7b233137a296282d6c3baa9', 1, '2026-01-22 21:42:11', '2026-01-22 21:42:11'),
(1307, 1, 3, 2, 3, 4, 4, 7, 76, 1, 10, 94, 60.00, 0.00, 0.00, 0, 0, 0, 0, 111777.50, 0.00, 0.00, NULL, 2026, 1, '4ad8be9e5e5bf6dcc33ce7b754e06951ca057adc5dfe0322e029b81fe4a9e0b8', 1, '2026-01-22 21:42:11', '2026-01-22 21:42:11'),
(1308, 1, 3, 2, 3, 4, 4, 7, 76, 1, 9, 65, 30.00, 0.00, 0.00, 0, 0, 0, 0, 53400.00, 0.00, 0.00, NULL, 2026, 1, 'c0ce45df2ff73e178a319f939014120c72e9feee27063775988903380d5c7b23', 1, '2026-01-22 21:42:11', '2026-01-22 21:42:11'),
(1309, 1, 3, 2, 3, 4, 4, 7, 76, 1, 9, 31, 35.00, 0.00, 0.00, 0, 0, 0, 0, 62300.00, 0.00, 0.00, NULL, 2026, 1, '4b3d54a26cc1cab1fd8a56c9bcd54190f5936422fd372dbb0abb368782878b2e', 1, '2026-01-22 21:42:11', '2026-01-22 21:42:11'),
(1310, 1, 3, 2, 3, 4, 4, 7, 76, 1, 9, 295, 30.00, 0.00, 0.00, 0, 0, 0, 0, 53400.00, 0.00, 0.00, NULL, 2026, 1, '1bb90b1f933e3c11e71d0f22b7e4d542777d01a55f88ec91e56da9014987a014', 1, '2026-01-22 21:42:11', '2026-01-22 21:42:11'),
(1311, 1, 3, 2, 3, 4, 4, 7, 76, 1, 9, 32, 35.00, 0.00, 0.00, 0, 0, 0, 0, 62300.00, 0.00, 0.00, NULL, 2026, 1, '3e510dba68bb037f67da2ad5241bf7bf4da1f5230a86c2a0bfc8afb1bb2988e2', 1, '2026-01-22 21:42:11', '2026-01-22 21:42:11'),
(1312, 1, 3, 2, 3, 4, 4, 7, 77, 1, 11, 131, 50.00, 0.00, 0.00, 0, 0, 0, 0, 51000.00, 0.00, 0.00, NULL, 2026, 1, 'c21b753f71bcbb5f3794fbdd660cde89c0857a8652fc99b1be57b9a5ccdbbdb0', 1, '2026-01-22 21:42:11', '2026-01-22 21:42:11'),
(1313, 1, 3, 2, 3, 4, 4, 7, 77, 1, 11, 156, 10.00, 0.00, 0.00, 0, 0, 0, 0, 10200.00, 0.00, 0.00, NULL, 2026, 1, 'cbca60db709fd70579be2ddb138de7713daf10993f0b64203b60c1e7fb5e46cf', 1, '2026-01-22 21:42:11', '2026-01-22 21:42:11'),
(1314, 1, 3, 2, 3, 4, 4, 7, 77, 1, 11, 128, 10.00, 0.00, 0.00, 0, 0, 0, 0, 10200.00, 0.00, 0.00, NULL, 2026, 1, 'e40619f7dd940769a4d1627dc9b803c8365c8cea2122f1e6198184d087698790', 1, '2026-01-22 21:42:11', '2026-01-22 21:42:11'),
(1315, 1, 3, 2, 3, 4, 4, 7, 77, 1, 11, 132, 10.00, 0.00, 0.00, 0, 0, 0, 0, 10200.00, 0.00, 0.00, NULL, 2026, 1, '98b62050f0d1af71ac7eb191c31e2371578096eb8131020f1dcfb07f7d128f86', 1, '2026-01-22 21:42:11', '2026-01-22 21:42:11'),
(1316, 1, 3, 2, 3, 4, 4, 7, 77, 1, 11, 130, 10.00, 0.00, 0.00, 0, 0, 0, 0, 10200.00, 0.00, 0.00, NULL, 2026, 1, 'f8f68bdeabe994e95ee6eae0e052e9964d80fceb5caac53144f8cc2d5b5ea998', 1, '2026-01-22 21:42:11', '2026-01-22 21:42:11'),
(1317, 1, 3, 2, 3, 4, 4, 7, 77, 1, 11, 129, 10.00, 0.00, 0.00, 0, 0, 0, 0, 10200.00, 0.00, 0.00, NULL, 2026, 1, 'ae2d868c60b6338c237362671b21ed7d0bcfc11bd2099470968768da17e52a17', 1, '2026-01-22 21:42:11', '2026-01-22 21:42:11'),
(1318, 1, 3, 2, 3, 4, 4, 7, 78, 1, 4, 11, 24.00, 0.00, 0.00, 0, 0, 0, 0, 30961.00, 0.00, 0.00, NULL, 2026, 1, '0c864c4a3e6df9b83cebe67b9499f994750db5d60efe26d3d5a272f780d90305', 1, '2026-01-22 21:42:11', '2026-01-22 21:42:11'),
(1319, 1, 3, 2, 3, 4, 4, 7, 78, 1, 15, 177, 22.00, 0.00, 0.00, 0, 0, 0, 0, 28358.00, 0.00, 0.00, NULL, 2026, 1, 'db5dc6207dd2936ed6ef1ea730275e5adadea663ed94410022e010886034fcf2', 1, '2026-01-22 21:42:11', '2026-01-22 21:42:11'),
(1320, 1, 3, 2, 3, 4, 4, 7, 78, 1, 12, 126, 15.00, 0.00, 0.00, 0, 0, 0, 0, 19335.00, 0.00, 0.00, NULL, 2026, 1, 'b25001b85058e8cb54c0a90315aa0eb3b8db40156bcecc36f1e5337ebdf7a917', 1, '2026-01-22 21:42:11', '2026-01-22 21:42:11'),
(1321, 1, 3, 2, 3, 4, 4, 7, 78, 1, 11, 134, 13.00, 0.00, 0.00, 0, 0, 0, 0, 16757.00, 0.00, 0.00, NULL, 2026, 1, '5d3f64093fe4c98814f8a4d16d8ea4c24668a9881ce7e5b1e66935b1e1479236', 1, '2026-01-22 21:42:11', '2026-01-22 21:42:11'),
(1322, 1, 3, 2, 3, 4, 4, 7, 78, 1, 8, 24, 1.00, 0.00, 0.00, 0, 0, 0, 0, 1289.00, 0.00, 0.00, NULL, 2026, 1, '5344564660059fa1d06bc6bab92e0eca1077ed9bddc9a228cd8d05c92056aefd', 1, '2026-01-22 21:42:11', '2026-01-22 21:42:11'),
(1323, 1, 3, 2, 3, 4, 4, 7, 78, 1, 6, 211, 2.00, 0.00, 0.00, 0, 0, 0, 0, 2578.00, 0.00, 0.00, NULL, 2026, 1, '4218a22e20204e723c3fc0bb6a9aaef5f394e29f8fcfffd54a6418f80dbc2c13', 1, '2026-01-22 21:42:11', '2026-01-22 21:42:11'),
(1324, 1, 3, 2, 3, 4, 4, 7, 78, 1, 5, 250, 4.00, 0.00, 0.00, 0, 0, 0, 0, 5156.00, 0.00, 0.00, NULL, 2026, 1, '4bae249635718239101abd4924fb41006058d751a12a6022e94d1ec59bbce516', 1, '2026-01-22 21:42:11', '2026-01-22 21:42:11'),
(1325, 1, 3, 2, 3, 4, 4, 7, 78, 1, 9, 32, 4.00, 0.00, 0.00, 0, 0, 0, 0, 5156.00, 0.00, 0.00, NULL, 2026, 1, '2d4709236ea0b8dfd7cb8985035fdbc4fde4f4fee24be5874aef6bcf7efde453', 1, '2026-01-22 21:42:11', '2026-01-22 21:42:11'),
(1326, 1, 3, 2, 3, 4, 4, 7, 79, 1, 4, 11, 25.00, 0.00, 0.00, 0, 0, 0, 0, 38725.00, 0.00, 0.00, NULL, 2026, 1, '61bc7017be45699e511ab07c401ed57804aa5932f97002e24ebfb2094fc178c0', 1, '2026-01-22 21:42:12', '2026-01-22 21:42:12'),
(1327, 1, 3, 2, 3, 4, 4, 7, 79, 1, 15, 177, 31.00, 0.00, 0.00, 0, 0, 0, 0, 48019.00, 0.00, 0.00, NULL, 2026, 1, '99c118484e8501dc5c20a2683d63fe0d116d42745b70319f7d3af06dc8227741', 1, '2026-01-22 21:42:12', '2026-01-22 21:42:12'),
(1328, 1, 3, 2, 3, 4, 4, 7, 79, 1, 12, 126, 8.00, 0.00, 0.00, 0, 0, 0, 0, 12392.00, 0.00, 0.00, NULL, 2026, 1, '37f9b3f4fb97510ea983bf7d21358c5215bc479c7a4988b031c22e027c93eaf5', 1, '2026-01-22 21:42:12', '2026-01-22 21:42:12'),
(1329, 1, 3, 2, 3, 4, 4, 7, 79, 1, 11, 134, 33.00, 0.00, 0.00, 0, 0, 0, 0, 51184.12, 0.00, 0.00, NULL, 2026, 1, 'b92ca22be113cd681b6b88974464e0d5d8770d5294b11b862870697ea44b90b4', 1, '2026-01-22 21:42:12', '2026-01-22 21:42:12'),
(1330, 1, 3, 2, 3, 4, 4, 7, 79, 1, 5, 250, 5.00, 0.00, 0.00, 0, 0, 0, 0, 7745.00, 0.00, 0.00, NULL, 2026, 1, 'd77e1efe7353bc7403d6796d02fa6a8ad269411e2249457a23fdf9bcdc4fda6d', 1, '2026-01-22 21:42:12', '2026-01-22 21:42:12'),
(1331, 1, 3, 2, 3, 4, 4, 7, 79, 1, 9, 32, 5.00, 0.00, 0.00, 0, 0, 0, 0, 7745.00, 0.00, 0.00, NULL, 2026, 1, '58e173042d6a41f3d905f1de8ae84cf7e5ac1a945b7189cb68388bf938ae845c', 1, '2026-01-22 21:42:12', '2026-01-22 21:42:12'),
(1332, 1, 3, 2, 3, 4, 4, 7, 80, 1, 4, 11, 5.00, 0.00, 0.00, 0, 0, 0, 0, 90000.00, 0.00, 0.00, NULL, 2026, 1, '1a68ff18a36265c706813be5c91abeb9c3df5a932be5dd65e894ee5ffdf0ad6b', 1, '2026-01-22 21:42:12', '2026-01-22 21:42:12'),
(1333, 1, 3, 2, 3, 4, 4, 7, 80, 1, 11, 44, 16.00, 0.00, 0.00, 0, 0, 0, 0, 90000.00, 0.00, 0.00, NULL, 2026, 1, '02f2f45040c342f4799861ce361d2889d079bbd34f7776e16cca7b81e251aaa6', 1, '2026-01-22 21:42:12', '2026-01-22 21:42:12'),
(1334, 1, 3, 2, 3, 4, 4, 7, 80, 1, 6, 211, 12.00, 0.00, 0.00, 0, 0, 0, 0, 90000.00, 0.00, 0.00, NULL, 2026, 1, 'bfcbca61cf60ba82a11e2747d3f035c0f4be3e027dae5bcbfd389452cad7698f', 1, '2026-01-22 21:42:12', '2026-01-22 21:42:12'),
(1335, 1, 3, 2, 3, 4, 4, 7, 81, 1, 15, 177, 5.00, 0.00, 0.00, 0, 0, 0, 0, 90000.00, 0.00, 0.00, NULL, 2026, 1, '29e249cbdde8189739f6bcd81840ebf6e3b02e426ff58758ff40b2ff49431d14', 1, '2026-01-22 21:42:12', '2026-01-22 21:42:12'),
(1336, 1, 3, 2, 3, 4, 4, 7, 81, 1, 4, 11, 5.00, 0.00, 0.00, 0, 0, 0, 0, 90000.00, 0.00, 0.00, NULL, 2026, 1, 'c5ba01e2a250f85a7dfd1f574f0cc26764cd24e37c6ab30e929cf8c5d1bacf89', 1, '2026-01-22 21:42:12', '2026-01-22 21:42:12'),
(1337, 1, 3, 2, 3, 5, 5, 8, 82, 1, 3, 6, 30.00, 0.00, 0.00, 0, 0, 0, 0, 25000.00, 0.00, 0.00, NULL, 2026, 1, '59b23d7457ca2c550e21be0652e1d28aea9b38d783c7d4de1c1f9f714ea0b8bc', 1, '2026-01-22 21:42:12', '2026-01-22 21:42:12'),
(1338, 1, 3, 2, 3, 5, 5, 8, 83, 1, 18, 183, 260.00, 8.00, 0.00, 4, 4, 8, 8, 0.00, 0.00, 0.00, NULL, 2026, 1, '82b8186b493326c24a517ee76190b9f11179860373908b87138a693fc43b4bdb', 1, '2026-01-22 21:42:12', '2026-01-22 21:42:12'),
(1339, 1, 3, 2, 3, 5, 5, 8, 83, 1, 11, 132, 1.00, 1.00, 0.00, 0, 1, 1, 1, 0.00, 0.00, 0.00, NULL, 2026, 1, 'b22f664faca23a2e524f521e2dd74dfc50ab2bf7e878acdae47973fae168c68b', 1, '2026-01-22 21:42:12', '2026-01-22 21:42:12'),
(1340, 1, 3, 2, 3, 5, 5, 8, 83, 1, 11, 129, 2.00, 2.00, 0.00, 1, 1, 2, 2, 0.00, 0.00, 0.00, NULL, 2026, 1, '65579db3b3ad48b7cd21ac7117efde99a32022845a305a4ed3c887955158b7e0', 1, '2026-01-22 21:42:12', '2026-01-22 21:42:12'),
(1341, 1, 3, 2, 3, 5, 5, 8, 83, 1, 11, 130, 1.00, 1.00, 0.00, 1, 0, 1, 1, 0.00, 0.00, 0.00, NULL, 2026, 1, '975b5eea38c88e57d1860da4cbf7b17ee709a0dbc3a8c242b4a0025bdb5cc6fb', 1, '2026-01-22 21:42:12', '2026-01-22 21:42:12'),
(1342, 1, 3, 2, 3, 5, 5, 8, 83, 1, 15, 74, 6.00, 6.00, 0.00, 3, 3, 6, 6, 0.00, 0.00, 0.00, NULL, 2026, 1, '20af7f785b8ae59940f1f3f6533295f94c22b169c5b302f2ffcac5fd2e8c22e3', 1, '2026-01-22 21:42:12', '2026-01-22 21:42:12'),
(1343, 1, 3, 2, 3, 5, 5, 8, 83, 1, 22, 98, 21.00, 21.00, 0.00, 1, 20, 21, 21, 0.00, 0.00, 0.00, NULL, 2026, 1, '7d7d6e1256be28f9002c6b9ef54715ce600931a234dd7f474d0436edadefd638', 1, '2026-01-22 21:42:12', '2026-01-22 21:42:12'),
(1344, 1, 3, 2, 3, 5, 5, 8, 83, 1, 7, 267, 1.00, 1.00, 0.00, 1, 0, 1, 1, 0.00, 0.00, 0.00, NULL, 2026, 1, '5e950a8447df58edcb4c05c14d8cb2f5074a8611c9369c8f14249e7d46899f03', 1, '2026-01-22 21:42:12', '2026-01-22 21:42:12'),
(1345, 1, 3, 2, 3, 5, 5, 8, 83, 1, 6, 19, 5.00, 5.00, 0.00, 4, 1, 5, 5, 0.00, 0.00, 0.00, NULL, 2026, 1, 'de35774b4c28be288ffe060b5132eea9b8cebf61d786290a381319576f46c050', 1, '2026-01-22 21:42:12', '2026-01-22 21:42:12'),
(1346, 1, 3, 2, 3, 5, 5, 8, 83, 1, 6, 256, 2.00, 2.00, 0.00, 2, 0, 2, 2, 0.00, 0.00, 0.00, NULL, 2026, 1, 'ad4cde4809648f2d835e68554ed20308066ab2fe12327810cbe98f0087a3bb88', 1, '2026-01-22 21:42:12', '2026-01-22 21:42:12'),
(1347, 1, 3, 2, 3, 5, 5, 8, 83, 1, 6, 84, 4.00, 4.00, 0.00, 4, 0, 4, 4, 0.00, 0.00, 0.00, NULL, 2026, 1, '74851b2842857625e04b26e6cfcd748a8b11fef10b513452b55e367158f72d73', 1, '2026-01-22 21:42:12', '2026-01-22 21:42:12'),
(1348, 1, 3, 2, 3, 5, 5, 8, 83, 1, 11, 135, 6.00, 6.00, 0.00, 2, 4, 6, 6, 0.00, 0.00, 0.00, NULL, 2026, 1, '8a269b339abeefcad3d5c2435aa387e61364d691afe62dd2a0becbda2461397b', 1, '2026-01-22 21:42:12', '2026-01-22 21:42:12'),
(1349, 1, 3, 2, 3, 5, 5, 8, 83, 1, 18, 110, 8.00, 0.00, 0.00, 0, 0, 0, 0, 0.00, 0.00, 0.00, NULL, 2026, 1, '8a66ae7662ade2c3266170d9ef03258d8016f907df7fae54d3e2ce75c03e2743', 1, '2026-01-22 21:42:12', '2026-01-22 21:42:12'),
(1350, 1, 3, 2, 3, 5, 5, 8, 83, 1, 9, 32, 2.00, 2.00, 0.00, 2, 0, 2, 2, 0.00, 0.00, 0.00, NULL, 2026, 1, '4d669712a0d257203afbeb4f78b36b6ec1e3c75e3da4b81111a5120037a83cbd', 1, '2026-01-22 21:42:12', '2026-01-22 21:42:12'),
(1351, 1, 3, 2, 3, 5, 5, 8, 83, 1, 9, 35, 1.00, 1.00, 0.00, 0, 1, 1, 1, 0.00, 0.00, 0.00, NULL, 2026, 1, 'd1f8b0f4d4c67c3406ae8aa1b50f117026562f91d8f8f104f87a811911591b20', 1, '2026-01-22 21:42:12', '2026-01-22 21:42:12'),
(1352, 1, 3, 2, 3, 5, 5, 8, 83, 1, 13, 321, 4.00, 4.00, 0.00, 4, 0, 4, 4, 0.00, 0.00, 0.00, NULL, 2026, 1, '17b5c0cf869a9770041aa20440943d364c7a8e34b62075edec0eef9ca797615e', 1, '2026-01-22 21:42:12', '2026-01-22 21:42:12'),
(1353, 1, 3, 2, 3, 5, 5, 8, 83, 1, 21, 96, 1.00, 1.00, 0.00, 1, 0, 1, 1, 0.00, 0.00, 0.00, NULL, 2026, 1, '514aadac25b5e266b88a9d82e6f4ce12db08071afee8e56daad1093f6f04ee81', 1, '2026-01-22 21:42:12', '2026-01-22 21:42:12'),
(1354, 1, 3, 2, 3, 5, 5, 8, 83, 1, 5, 252, 11.00, 11.00, 0.00, 11, 0, 11, 11, 0.00, 0.00, 0.00, NULL, 2026, 1, '2212818920f2d795ddc37c2c9dc9c7dee0bcfffdfe8d49b4b7f5f928c5fc9c7c', 1, '2026-01-22 21:42:12', '2026-01-22 21:42:12'),
(1355, 1, 3, 2, 3, 5, 5, 8, 83, 1, 10, 94, 1.00, 1.00, 0.00, 1, 0, 1, 1, 0.00, 0.00, 0.00, NULL, 2026, 1, '85a3eded4eca74a0c11692ba3c86e4eeeaf93ebb0473e76f2208f62b81249c36', 1, '2026-01-22 21:42:12', '2026-01-22 21:42:12'),
(1356, 1, 3, 2, 3, 5, 5, 8, 83, 1, 13, 47, 1.00, 1.00, 0.00, 1, 0, 1, 1, 0.00, 0.00, 0.00, NULL, 2026, 1, '2655fbdbef757488e275ec9b7a9d438180f219fcce3cbfa29cb2f5c10b6ed26f', 1, '2026-01-22 21:42:12', '2026-01-22 21:42:12'),
(1357, 1, 3, 2, 3, 5, 5, 8, 83, 1, 13, 319, 1.00, 1.00, 0.00, 0, 1, 1, 1, 0.00, 0.00, 0.00, NULL, 2026, 1, '66054718d8882f305d323dd3acad2c40dda93088d8ffd71193cfd4c1854fb907', 1, '2026-01-22 21:42:12', '2026-01-22 21:42:12'),
(1358, 1, 3, 2, 3, 5, 5, 8, 84, 1, 10, 94, 20.00, 20.00, 0.00, 13, 7, 20, 20, 0.00, 0.00, 0.00, NULL, 2026, 1, '1e197c3240440c02937e76b901cff8e3b64d47aa67f0b192e93cda936ed998be', 1, '2026-01-22 21:42:12', '2026-01-22 21:42:12'),
(1359, 1, 3, 2, 3, 5, 5, 8, 84, 1, 21, 96, 14.00, 14.00, 0.00, 13, 1, 14, 14, 0.00, 0.00, 0.00, NULL, 2026, 1, '98b000d5f27ac2d83888b25be3291ca6e5fcf5341d23ca3d495db0140c7acd9b', 1, '2026-01-22 21:42:12', '2026-01-22 21:42:12'),
(1360, 1, 3, 2, 3, 5, 5, 8, 84, 1, 6, 19, 5.00, 5.00, 0.00, 3, 2, 5, 5, 0.00, 0.00, 0.00, NULL, 2026, 1, '057ae6d308d3f1df3189371ac96868e1f46fb661ae44400e51f577540f5a8521', 1, '2026-01-22 21:42:12', '2026-01-22 21:42:12'),
(1361, 1, 3, 2, 3, 5, 5, 8, 84, 1, 18, 183, 628.00, 0.00, 0.00, 0, 0, 0, 0, 0.00, 0.00, 0.00, NULL, 2026, 1, '42ff13e7138656ff718cafe7aca2233e28d060351db11165f57347d22d688a16', 1, '2026-01-22 21:42:12', '2026-01-22 21:42:12'),
(1362, 1, 3, 2, 3, 5, 5, 8, 84, 1, 4, 11, 23.00, 23.00, 0.00, 3, 20, 23, 23, 0.00, 0.00, 0.00, NULL, 2026, 1, '401b6410424a65ea692d0ddd63a7fc7450632610d975b20f76d13e501eccbb0e', 1, '2026-01-22 21:42:12', '2026-01-22 21:42:12'),
(1363, 1, 3, 2, 3, 5, 5, 8, 84, 1, 13, 319, 19.00, 19.00, 0.00, 4, 15, 19, 19, 0.00, 0.00, 0.00, NULL, 2026, 1, '600dbadcf41645953a3a22515b7728eb90d90c3fdd105d5ecb5d80ae1c9d80cd', 1, '2026-01-22 21:42:12', '2026-01-22 21:42:12'),
(1364, 1, 3, 2, 3, 5, 5, 8, 84, 1, 12, 126, 10.00, 10.00, 0.00, 8, 2, 10, 10, 0.00, 0.00, 0.00, NULL, 2026, 1, 'f439a76548dd0b8cbceda972feebcd0f05902fc16959b28399b9d75fde820a0f', 1, '2026-01-22 21:42:12', '2026-01-22 21:42:12'),
(1365, 1, 3, 2, 3, 5, 5, 9, 85, 1, 11, 108, 6.00, 0.00, 0.00, 0, 0, 0, 0, 1056.25, 0.00, 0.00, NULL, 2026, 1, 'e6a64d5af392954d5cfb34c5db0f7dbe46afa383a5c4782c6de90b3ffb95a24e', 1, '2026-01-22 21:42:12', '2026-01-22 21:42:12'),
(1366, 1, 3, 2, 3, 5, 5, 9, 85, 1, 11, 134, 6.00, 0.00, 0.00, 0, 0, 0, 0, 6337.50, 0.00, 0.00, NULL, 2026, 1, '4824ca54d3fe12371ab474398e1d098b1dc41b67d023eb739964eb863da38fa6', 1, '2026-01-22 21:42:12', '2026-01-22 21:42:12'),
(1367, 1, 3, 2, 3, 5, 5, 9, 85, 1, 11, 154, 6.00, 0.00, 0.00, 0, 0, 0, 0, 6337.50, 0.00, 0.00, NULL, 2026, 1, 'c58e8dca6b1f3c4fcb77fdd240c0c06a07ee6dfd0df9fc4d056427877d6cbcd7', 1, '2026-01-22 21:42:12', '2026-01-22 21:42:12'),
(1368, 1, 3, 2, 3, 5, 5, 9, 85, 1, 11, 133, 7.00, 0.00, 0.00, 0, 0, 0, 0, 7393.75, 0.00, 0.00, NULL, 2026, 1, 'e05e92f62e64c289ade0fef21ec9d3a32d40ae7e3248184f70d15b08a301b1ea', 1, '2026-01-22 21:42:12', '2026-01-22 21:42:12'),
(1369, 1, 3, 2, 3, 5, 5, 9, 85, 1, 11, 135, 45.00, 0.00, 0.00, 0, 0, 0, 0, 52812.50, 0.00, 0.00, NULL, 2026, 1, 'cafa7e664eb9168406a228dc04767729fd5457302b3e2298e89b0c8a655a14cf', 1, '2026-01-22 21:42:12', '2026-01-22 21:42:12'),
(1370, 1, 3, 2, 3, 5, 5, 9, 85, 1, 11, 139, 40.00, 0.00, 0.00, 0, 0, 0, 0, 42250.00, 0.00, 0.00, NULL, 2026, 1, 'f37760215461dcb79823969937ad3d779fc6a86408e4a97508106367b5f7770c', 1, '2026-01-22 21:42:12', '2026-01-22 21:42:12'),
(1371, 1, 3, 2, 3, 5, 5, 9, 85, 1, 11, 129, 50.00, 0.00, 0.00, 0, 0, 0, 0, 52812.50, 0.00, 0.00, NULL, 2026, 1, '4cdd66377ac6fbad829eb10eacae2d61d979a5b0169b5e5f8dc4f12b48b67da2', 1, '2026-01-22 21:42:12', '2026-01-22 21:42:12'),
(1372, 1, 3, 2, 3, 5, 5, 9, 86, 1, 15, 49, 45.00, 0.00, 0.00, 0, 0, 0, 0, 342000.00, 0.00, 0.00, NULL, 2026, 1, '567539f6d00796aea6163c748dea0a83ffae41d9c8ae2eb6e46ee332a0cc2b98', 1, '2026-01-22 21:42:12', '2026-01-22 21:42:12'),
(1373, 1, 3, 2, 3, 5, 5, 9, 87, 1, 9, 65, 1.00, 0.00, 0.00, 0, 0, 0, 0, 270000.00, 0.00, 0.00, NULL, 2026, 1, '3fe2543dae810d26320cd76f2af51b0ad9be9a4bd7e3323b4aa29d93d2276ced', 1, '2026-01-22 21:42:12', '2026-01-22 21:42:12'),
(1374, 1, 3, 2, 3, 5, 5, 9, 88, 1, 7, 23, 13.00, 0.00, 0.00, 0, 0, 0, 0, 24375.00, 0.00, 0.00, NULL, 2026, 1, 'ad772d41b792f9668a6666b3e6025be1fb848172b6c88364ed7b5543586ecfee', 1, '2026-01-22 21:42:12', '2026-01-22 21:42:12'),
(1375, 1, 3, 2, 3, 5, 5, 9, 88, 1, 9, 65, 2.00, 0.00, 0.00, 0, 0, 0, 0, 3750.00, 0.00, 0.00, NULL, 2026, 1, 'db3a1afcf5f28d181c67bfac1450b7a31be2f2c270fe2d14ce3483f604eec769', 1, '2026-01-22 21:42:12', '2026-01-22 21:42:12'),
(1376, 1, 3, 2, 3, 5, 5, 9, 88, 1, 8, 152, 2.00, 0.00, 0.00, 0, 0, 0, 0, 3750.00, 0.00, 0.00, NULL, 2026, 1, '90a1d1eaa824d003ea71267a77c5e8baf37d9ad3a6340aeb6233571e26ef290e', 1, '2026-01-22 21:42:12', '2026-01-22 21:42:12'),
(1377, 1, 3, 2, 3, 5, 5, 9, 88, 1, 20, 114, 2.00, 0.00, 0.00, 0, 0, 0, 0, 3750.00, 0.00, 0.00, NULL, 2026, 1, '456d1fd3ada9e8b8cc644650c88378dcdb64d193f84128d450528849b026e543', 1, '2026-01-22 21:42:12', '2026-01-22 21:42:12'),
(1378, 1, 3, 2, 3, 5, 5, 9, 88, 1, 3, 3, 1.00, 0.00, 0.00, 0, 0, 0, 0, 1875.00, 0.00, 0.00, NULL, 2026, 1, '8584743d1d904691a9dabed5ec1c8c9242723731d9fc5e6f08be1c53ab943593', 1, '2026-01-22 21:42:12', '2026-01-22 21:42:12'),
(1379, 1, 3, 2, 3, 5, 5, 9, 88, 1, 13, 47, 10.00, 0.00, 0.00, 0, 0, 0, 0, 18750.00, 0.00, 0.00, NULL, 2026, 1, 'b0266ca159461fe9dc92d3376493d4792e61ea7f036e126f4b50ee6fdfdaf3bf', 1, '2026-01-22 21:42:12', '2026-01-22 21:42:12'),
(1380, 1, 3, 2, 3, 5, 5, 9, 88, 1, 17, 186, 1.00, 0.00, 0.00, 0, 0, 0, 0, 1875.00, 0.00, 0.00, NULL, 2026, 1, '5998177343d76a04ff9d8ffd68bc970300f559ece06a72831b779761c600c618', 1, '2026-01-22 21:42:12', '2026-01-22 21:42:12'),
(1381, 1, 3, 2, 3, 5, 5, 9, 88, 1, 11, 128, 8.00, 0.00, 0.00, 0, 0, 0, 0, 15000.00, 0.00, 0.00, NULL, 2026, 1, '7ce227a3581ea4dd12570c2191bc9485da325d5352ebac7a445e9725b5c61297', 1, '2026-01-22 21:42:12', '2026-01-22 21:42:12'),
(1382, 1, 3, 2, 3, 5, 5, 9, 88, 1, 18, 219, 3.00, 0.00, 0.00, 0, 0, 0, 0, 5625.00, 0.00, 0.00, NULL, 2026, 1, 'd6ecbbce1314ac48634a2ebee6fcfa28637d68d51e139708c4887f6a3dc4c856', 1, '2026-01-22 21:42:12', '2026-01-22 21:42:12'),
(1383, 1, 3, 2, 3, 5, 5, 9, 88, 1, 16, 59, 6.00, 0.00, 0.00, 0, 0, 0, 0, 11250.00, 0.00, 0.00, NULL, 2026, 1, '2592ecdd075b967b161e92062832d92030ba24cf45ea695bc8f0bebfc947892a', 1, '2026-01-22 21:42:12', '2026-01-22 21:42:12'),
(1384, 1, 3, 2, 3, 5, 5, 9, 89, 1, 18, 183, 2.00, 0.00, 0.00, 0, 0, 0, 0, 0.00, 0.00, 0.00, NULL, 2026, 1, '07ac56ecbd6f56aad5e6368eb90c2e73ce4871a4d0302201a762f559ba1514a9', 1, '2026-01-22 21:42:12', '2026-01-22 21:42:12'),
(1385, 1, 4, 2, 4, 6, 6, 10, 90, 1, 18, 183, 75.00, 75.00, 0.00, 54, 21, 75, 75, 2286.88, 0.00, 0.00, NULL, 2026, 1, 'cd04960b3bcf2d4b471d7ac4ad1ee8ded7b0690b34f36b0b8f78e949df0e87d3', 1, '2026-01-22 21:42:12', '2026-01-22 21:42:12'),
(1386, 1, 4, 2, 4, 6, 6, 10, 90, 1, 1, 45, 59.00, 20.00, 0.00, 15, 5, 20, 20, 2291.56, 787.37, 0.34, NULL, 2026, 1, '04477f81830f86133e2f0a37b3478df347bbcc9d72488c5de957a703d527fd4f', 1, '2026-01-22 21:42:12', '2026-01-22 21:42:12'),
(1387, 1, 4, 2, 4, 6, 6, 10, 90, 1, 2, 185, 59.00, 58.00, 0.00, 23, 35, 58, 58, 2291.56, 2000.00, 0.87, NULL, 2026, 1, 'cbbaa8041516cf962215fdc674429bf1fddaebef00c6c70976a13ad0b327ccb1', 1, '2026-01-22 21:42:12', '2026-01-22 21:42:12'),
(1388, 1, 4, 2, 4, 6, 6, 10, 90, 1, 3, 3, 59.00, 22.00, 0.00, 2, 20, 22, 22, 2291.56, 2291.56, 1.00, NULL, 2026, 1, '4a4218723132042cbc857a3e7d9732b96a54993e647403c9797fab0444926f4d', 1, '2026-01-22 21:42:12', '2026-01-22 21:42:12'),
(1389, 1, 4, 2, 4, 6, 6, 10, 90, 1, 4, 204, 91.00, 91.00, 0.00, 43, 48, 91, 91, 2291.56, 2291.56, 1.00, NULL, 2026, 1, 'd832c09e3b7c87f2d2e756edbd61865259c48ff20763655dd2da133f39ca6036', 1, '2026-01-22 21:42:12', '2026-01-22 21:42:12'),
(1390, 1, 4, 2, 4, 6, 6, 10, 90, 1, 6, 15, 59.00, 34.00, 0.00, 18, 16, 34, 34, 2291.56, 2000.00, 0.87, NULL, 2026, 1, '90d5f863072128dfae08b1e1171a44b5bab60f15b4d3d1369d68c93ee93f75bb', 1, '2026-01-22 21:42:12', '2026-01-22 21:42:12'),
(1391, 1, 4, 2, 4, 6, 6, 10, 90, 1, 19, 187, 59.00, 10.00, 0.00, 9, 1, 10, 10, 2291.56, 1300.00, 0.57, NULL, 2026, 1, 'b343176afb6987b3e00690c2c34cc71b220fee16098ec284cf944769e4b34b2d', 1, '2026-01-22 21:42:12', '2026-01-22 21:42:12'),
(1392, 1, 4, 2, 4, 6, 6, 10, 90, 1, 20, 114, 41.00, 35.00, 0.00, 29, 6, 35, 35, 2291.56, 2000.00, 0.87, NULL, 2026, 1, '2934502d1651336bb82465f49f84e5d19447827145549b2310d1856dbe35a2f1', 1, '2026-01-22 21:42:12', '2026-01-22 21:42:12'),
(1393, 1, 4, 2, 4, 6, 6, 10, 90, 1, 17, 186, 60.00, 0.00, 0.00, 0, 0, 0, 0, 2330.40, 0.00, 0.00, NULL, 2026, 1, '9a512acddc9457583c870413e115c8bea1de1b8b9b1104fb6afb51d9a65e0626', 1, '2026-01-22 21:42:12', '2026-01-22 21:42:12'),
(1394, 1, 4, 2, 4, 6, 6, 10, 90, 1, 11, 128, 60.00, 60.00, 0.00, 28, 32, 60, 60, 2330.40, 2330.40, 1.00, NULL, 2026, 1, 'fd40a8669c51ff81a40f4cf0b93f391e984683da77d2f2e2771fccfbc976972a', 1, '2026-01-22 21:42:12', '2026-01-22 21:42:12'),
(1395, 1, 4, 2, 4, 6, 6, 10, 90, 1, 22, 121, 60.00, 0.00, 0.00, 0, 0, 0, 0, 2330.40, 0.00, 0.00, NULL, 2026, 1, '3b7f5da1a4cf08fa4c437ee0205076b4bc1ddbbbf3bbf173a853ba8471c32f60', 1, '2026-01-22 21:42:12', '2026-01-22 21:42:12'),
(1396, 1, 4, 2, 4, 6, 6, 10, 90, 1, 12, 46, 60.00, 57.00, 0.00, 48, 9, 57, 57, 2330.40, 2330.40, 1.00, NULL, 2026, 1, '13cfb44bb33bf029cd9e626358315f69ebf8f29356ff6e2a323cf8b7801f6394', 1, '2026-01-22 21:42:12', '2026-01-22 21:42:12'),
(1397, 1, 4, 2, 4, 6, 6, 10, 90, 1, 15, 49, 71.00, 71.00, 0.00, 34, 37, 71, 71, 3864.40, 2000.00, 0.52, NULL, 2026, 1, '650f4489dcdc1ea61dd1e8e9c7be4558f67cddcf894bea3450cbc05dcf0bdc49', 1, '2026-01-22 21:42:12', '2026-01-22 21:42:12'),
(1398, 1, 4, 2, 4, 6, 6, 10, 90, 1, 13, 47, 84.00, 84.00, 0.00, 49, 35, 84, 84, 2330.40, 2000.00, 0.86, NULL, 2026, 1, '6887e0546f1752f060852db0c923fbffd5eb954f82a49b040a50c672f05788e7', 1, '2026-01-22 21:42:12', '2026-01-22 21:42:12'),
(1399, 1, 4, 2, 4, 6, 6, 10, 90, 1, 14, 48, 55.00, 48.00, 0.00, 40, 8, 48, 48, 2330.40, 500.00, 0.21, NULL, 2026, 1, '25456a1d3f5f94d9003078446bfce172497da833493241c8f8faf21b5c840ce1', 1, '2026-01-22 21:42:12', '2026-01-22 21:42:12'),
(1400, 1, 4, 2, 4, 6, 6, 10, 91, 1, 18, 183, 34.00, 0.00, 0.00, 0, 0, 0, 0, 775.43, 0.00, 0.00, NULL, 2026, 1, '831232dae321473b11edaf0b8cd5abc9a0bcec65644274ac72a1c351d3b55614', 1, '2026-01-22 21:42:12', '2026-01-22 21:42:12'),
(1401, 1, 4, 2, 4, 6, 6, 10, 91, 1, 1, 45, 59.00, 59.00, 0.00, 22, 37, 59, 59, 774.67, 774.67, 1.00, NULL, 2026, 1, 'c00d2f4db31d2db0d236013ba4b5356d7b2e6f7709eaa36a712d4535d3f37dd1', 1, '2026-01-22 21:42:12', '2026-01-22 21:42:12'),
(1402, 1, 4, 2, 4, 6, 6, 10, 91, 1, 2, 185, 59.00, 0.00, 0.00, 0, 0, 0, 0, 774.67, 0.00, 0.00, NULL, 2026, 1, '309de6a9eb267fb5a0f5975cee3259c8feb6c2c421eab50f5863ba275b0207a6', 1, '2026-01-22 21:42:12', '2026-01-22 21:42:12'),
(1403, 1, 4, 2, 4, 6, 6, 10, 91, 1, 3, 3, 59.00, 28.00, 0.00, 24, 4, 28, 28, 774.67, 116.20, 0.15, NULL, 2026, 1, '66bf4ff93f2f11e7ba3f315552406a27e083dcb03206e6bb24ceeac44a084ee3', 1, '2026-01-22 21:42:12', '2026-01-22 21:42:12'),
(1404, 1, 4, 2, 4, 6, 6, 10, 91, 1, 4, 204, 59.00, 23.00, 0.00, 0, 23, 23, 23, 774.67, 0.00, 0.00, NULL, 2026, 1, '882ca5a5c4c4fa8fa5d1f9d3defd9805a28a1aed9012749c72f4abe613663711', 1, '2026-01-22 21:42:12', '2026-01-22 21:42:12'),
(1405, 1, 4, 2, 4, 6, 6, 10, 91, 1, 6, 15, 59.00, 0.00, 0.00, 0, 0, 0, 0, 774.67, 0.00, 0.00, NULL, 2026, 1, '48308a409a6d66e9cbe1c74925088e5ac4ba1ce8ade4ac8afe78c96bfa2aa0d6', 1, '2026-01-22 21:42:12', '2026-01-22 21:42:12'),
(1406, 1, 4, 2, 4, 6, 6, 10, 91, 1, 19, 187, 59.00, 57.00, 0.00, 17, 40, 57, 57, 774.67, 0.00, 0.00, NULL, 2026, 1, 'e7b190ac4d0307d76f98e260ec2d29500111396d6f4368564d0e9bc85edd3629', 1, '2026-01-22 21:42:12', '2026-01-22 21:42:12'),
(1407, 1, 4, 2, 4, 6, 6, 10, 91, 1, 20, 114, 59.00, 0.00, 0.00, 0, 0, 0, 0, 774.67, 0.00, 0.00, NULL, 2026, 1, '1df69e0c969bb8140bbf39199d8975a33dd609a188d99c264e309d5e554157f1', 1, '2026-01-22 21:42:12', '2026-01-22 21:42:12'),
(1408, 1, 4, 2, 4, 6, 6, 10, 91, 1, 9, 65, 30.00, 30.00, 0.00, 27, 3, 30, 30, 787.80, 787.80, 1.00, NULL, 2026, 1, '0c3bc8881b79f4fbe75eb39c52a0575626c05f6c91c624960e157d8661511c2b', 1, '2026-01-22 21:42:12', '2026-01-22 21:42:12'),
(1409, 1, 4, 2, 4, 6, 6, 10, 91, 1, 17, 186, 60.00, 0.00, 0.00, 0, 0, 0, 0, 787.80, 0.00, 0.00, NULL, 2026, 1, '132babe2735c6d1e66487e3bda1e108c4d8677d011498b45d0235962b437c0d7', 1, '2026-01-22 21:42:12', '2026-01-22 21:42:12'),
(1410, 1, 4, 2, 4, 6, 6, 10, 91, 1, 11, 128, 60.00, 59.00, 0.00, 41, 18, 59, 59, 787.80, 0.00, 0.00, NULL, 2026, 1, 'e851c1b07edf11218f78c0be861d62d31fe2afac329a0612c58057cb39e0f39a', 1, '2026-01-22 21:42:12', '2026-01-22 21:42:12'),
(1411, 1, 4, 2, 4, 6, 6, 10, 91, 1, 22, 121, 60.00, 50.00, 0.00, 0, 50, 50, 50, 787.80, 0.00, 0.00, NULL, 2026, 1, '1eccd204d69b286b1982b14b9939a92426497e265c0e38bbb622d6225b0a866c', 1, '2026-01-22 21:42:12', '2026-01-22 21:42:12'),
(1412, 1, 4, 2, 4, 6, 6, 10, 91, 1, 12, 46, 60.00, 43.00, 0.00, 33, 10, 43, 43, 787.80, 0.00, 0.00, NULL, 2026, 1, '183fffe73c9104ea4b39e24bc23e55f04ff993216ef9155a41180d85b9fdc396', 1, '2026-01-22 21:42:12', '2026-01-22 21:42:12'),
(1413, 1, 4, 2, 4, 6, 6, 10, 91, 1, 15, 49, 60.00, 27.00, 0.00, 10, 17, 27, 27, 787.80, 0.00, 0.00, NULL, 2026, 1, '038dde1f41eeebe5a744aa0f1f20fc488936f90abee7fb07479581e9baa6d988', 1, '2026-01-22 21:42:12', '2026-01-22 21:42:12'),
(1414, 1, 4, 2, 4, 6, 6, 10, 91, 1, 13, 47, 60.00, 8.00, 0.00, 6, 2, 8, 8, 787.80, 0.00, 0.00, NULL, 2026, 1, '1938cf43f10886124c3e68285e9defaf4c4c9022ab39da0814627e33d3f02c90', 1, '2026-01-22 21:42:12', '2026-01-22 21:42:12'),
(1415, 1, 4, 2, 4, 6, 6, 10, 91, 1, 14, 48, 85.00, 85.00, 0.00, 51, 34, 85, 85, 787.28, 787.28, 1.00, NULL, 2026, 1, 'd14e9bfcd327ad1ba912b2ea63268baf08da747c7898901bba32086c1673643a', 1, '2026-01-22 21:42:12', '2026-01-22 21:42:12'),
(1416, 1, 4, 2, 4, 6, 6, 10, 91, 1, 8, 152, 30.00, 30.00, 0.00, 26, 4, 30, 30, 0.00, 0.00, 0.00, NULL, 2026, 1, '19a333d44a6b8683ee7c95d764b55797442ab7f3f128486ac5b56e9cf8da44b5', 1, '2026-01-22 21:42:12', '2026-01-22 21:42:12'),
(1417, 1, 4, 2, 4, 6, 6, 10, 92, 1, 3, 3, 177.00, 0.00, 0.00, 0, 0, 0, 0, 105000.48, 0.00, 0.00, NULL, 2026, 1, '7c22188e0a919c18965db3421e493899decf668a039d13c8ea0f70ea2231aeab', 1, '2026-01-22 21:42:12', '2026-01-22 21:42:12'),
(1418, 1, 4, 2, 4, 6, 6, 10, 92, 1, 6, 15, 237.00, 40.00, 0.00, 0, 40, 40, 40, 105000.48, 0.00, 0.00, NULL, 2026, 1, '4373af6af537a9277c9a8c14e0657f1b2cfdb61d53178a393244d3aef83041af', 1, '2026-01-22 21:42:12', '2026-01-22 21:42:12'),
(1419, 1, 4, 2, 4, 6, 6, 10, 92, 1, 11, 128, 237.00, 140.00, 0.00, 0, 140, 140, 140, 105000.48, 0.00, 0.00, NULL, 2026, 1, '6ac7f11500a839760c89b42e43a0a59dadf32d5343106e47222d0418d6aaf697', 1, '2026-01-22 21:42:12', '2026-01-22 21:42:12'),
(1420, 1, 4, 2, 4, 6, 6, 10, 92, 1, 22, 121, 237.00, 130.00, 0.00, 28, 102, 130, 130, 104998.56, 0.00, 0.00, NULL, 2026, 1, 'c00ef36c655d16a28adc13796b5d21d958a29f629816ef9149a17b41cd484476', 1, '2026-01-22 21:42:12', '2026-01-22 21:42:12'),
(1421, 1, 4, 2, 4, 6, 6, 10, 92, 1, 17, 68, 60.00, 60.00, 0.00, 0, 60, 60, 60, 0.00, 0.00, 0.00, NULL, 2026, 1, '5b6254dcf979be603660dab77a8c96c09cb481cc7fcc3b790419fe121f363b8c', 1, '2026-01-22 21:42:12', '2026-01-22 21:42:12'),
(1422, 1, 4, 2, 4, 6, 6, 11, 93, 1, 1, 45, 209.00, 209.00, 0.00, 107, 102, 209, 209, 42399.44, 13431.57, 0.32, NULL, 2026, 1, '49d423631e48c1948599588af0c1c671e2b00512addf15899fb064c81358c618', 1, '2026-01-22 21:42:12', '2026-01-22 21:42:12'),
(1423, 1, 4, 2, 4, 6, 6, 11, 93, 1, 3, 3, 149.00, 5.00, 0.00, 3, 2, 5, 5, 42399.44, 0.00, 0.00, NULL, 2026, 1, 'b8d0cabca33a47c285a5bdf08c5c22e97fd7f51fe63fd739ad1a15666e55a4e1', 1, '2026-01-22 21:42:12', '2026-01-22 21:42:12'),
(1424, 1, 4, 2, 4, 6, 6, 11, 93, 1, 4, 204, 180.00, 164.00, 0.00, 133, 31, 164, 164, 42399.44, 0.00, 0.00, NULL, 2026, 1, 'ed9fab9b43f34b0ee8f7c28e0873b8a04f9a7a9cf790dc7d5a6dcdd89c1563b1', 1, '2026-01-22 21:42:12', '2026-01-22 21:42:12'),
(1425, 1, 4, 2, 4, 6, 6, 11, 93, 1, 6, 15, 149.00, 36.00, 0.00, 20, 16, 36, 36, 42399.44, 3478.68, 0.08, NULL, 2026, 1, '72b3e5ef74e6386a24c8888c90e7ee093f1f21dc35f56471babb020c94e135c0', 1, '2026-01-22 21:42:12', '2026-01-22 21:42:12'),
(1426, 1, 4, 2, 4, 6, 6, 11, 93, 1, 20, 114, 149.00, 35.00, 0.00, 17, 18, 35, 35, 42399.44, 3382.05, 0.08, NULL, 2026, 1, '4478a1339a5e1dc691ac094eb544176f661dff54751ce5426dac86c263709b27', 1, '2026-01-22 21:42:12', '2026-01-22 21:42:12'),
(1427, 1, 4, 2, 4, 6, 6, 11, 93, 1, 9, 65, 149.00, 0.00, 0.00, 0, 0, 0, 0, 42399.44, 0.00, 0.00, NULL, 2026, 1, 'ce01386d080d12b1285e18cc33eacbe9207ca6d65d07810f08111d2baaf26d1c', 1, '2026-01-22 21:42:12', '2026-01-22 21:42:12'),
(1428, 1, 4, 2, 4, 6, 6, 11, 93, 1, 17, 186, 149.00, 100.00, 0.00, 0, 200, 200, 200, 42399.44, 0.00, 0.00, NULL, 2026, 1, 'd7c6157f3cfa70f264c76718df55f27544f01e459753efbe21622383becaa904', 1, '2026-01-22 21:42:12', '2026-01-22 21:42:12'),
(1429, 1, 4, 2, 4, 6, 6, 11, 93, 1, 11, 128, 288.00, 288.00, 0.00, 101, 187, 288, 288, 42399.44, 0.00, 0.00, NULL, 2026, 1, 'be6b48bfc87893f382e4fa63b89a3473b997f4a23fe31fe24cbe54adfb79813c', 1, '2026-01-22 21:42:12', '2026-01-22 21:42:12'),
(1430, 1, 4, 2, 4, 6, 6, 11, 93, 1, 22, 121, 149.00, 20.00, 0.00, 15, 5, 20, 20, 42399.44, 1932.60, 0.05, NULL, 2026, 1, '9f125d7585e4c90f17c32f49a6cfde8e968bdc749f0cd5f2428b5a7af082bf52', 1, '2026-01-22 21:42:12', '2026-01-22 21:42:12'),
(1431, 1, 4, 2, 4, 6, 6, 11, 93, 1, 12, 46, 148.00, 7.00, 0.00, 0, 7, 7, 7, 42114.88, 676.41, 0.02, NULL, 2026, 1, '9c1cb73f31109028d1442f02dfb0ca3fd2105db8fecfc33088819065bdc6ce6f', 1, '2026-01-22 21:42:12', '2026-01-22 21:42:12'),
(1432, 1, 4, 2, 4, 6, 6, 11, 93, 1, 15, 49, 54.00, 0.00, 0.00, 0, 0, 0, 0, 42114.88, 0.00, 0.00, NULL, 2026, 1, '1f09b7a62b00eeaa62004990c2c11af095acfa49a9148bd5bd19e390f84ec09c', 1, '2026-01-22 21:42:12', '2026-01-22 21:42:12'),
(1433, 1, 4, 2, 4, 6, 6, 11, 93, 1, 19, 187, 149.00, 13.00, 0.00, 8, 5, 13, 13, 42399.44, 0.00, 0.00, NULL, 2026, 1, '90b23bed0b1e6dce162bd82a807b9eabea86ffac6159353c6553b732ff480999', 1, '2026-01-22 21:42:12', '2026-01-22 21:42:12'),
(1434, 1, 4, 2, 4, 6, 6, 11, 93, 1, 13, 47, 148.00, 31.00, 0.00, 26, 5, 31, 31, 42114.88, 2995.53, 0.07, NULL, 2026, 1, 'cba98ae7b77c54f54ececf440d612d312676d3929c1591b3994b909d7bef6ff0', 1, '2026-01-22 21:42:12', '2026-01-22 21:42:12'),
(1435, 1, 4, 2, 4, 6, 6, 11, 93, 1, 14, 322, 88.00, 10.00, 0.00, 5, 5, 10, 10, 41891.08, 0.00, 0.00, NULL, 2026, 1, 'e205631b455e24c48a240a5c21dde2c30d81ba6c1adefcb803cd9eedcb3e1c35', 1, '2026-01-22 21:42:12', '2026-01-22 21:42:12'),
(1436, 1, 4, 2, 4, 6, 6, 11, 93, 1, 18, 183, 222.00, 222.00, 0.00, 192, 30, 222, 222, 42399.44, 10734.24, 0.25, NULL, 2026, 1, '9ddde05f9ce320906c2e4114cfa593c81232ff40cb4c1ef6266086fcb53dc741', 1, '2026-01-22 21:42:12', '2026-01-22 21:42:12'),
(1437, 1, 4, 2, 4, 6, 6, 11, 94, 1, 18, 183, 208.00, 208.00, 0.00, 178, 30, 208, 208, 33749.99, 0.00, 0.00, NULL, 2026, 1, '13cc529d166a745b41882166c7e47fc0a79f4088bae12dc6ec1277ceee2934b5', 1, '2026-01-22 21:42:12', '2026-01-22 21:42:12'),
(1438, 1, 4, 2, 4, 6, 6, 11, 94, 1, 1, 45, 149.00, 85.00, 0.00, 32, 53, 85, 85, 33749.99, 0.00, 0.00, NULL, 2026, 1, '33a13a1ca0b3ce417cb167971946b55220aa90fbd2b75b0f6b3692399299fd57', 1, '2026-01-22 21:42:12', '2026-01-22 21:42:12'),
(1439, 1, 4, 2, 4, 6, 6, 11, 94, 1, 2, 185, 149.00, 18.00, 0.00, 9, 9, 18, 18, 33749.99, 1739.34, 0.05, NULL, 2026, 1, '690965bcbf54dbc5da1cc1a8757e04043e12e0fa952c9878bef8e96b7a5a0b3b', 1, '2026-01-22 21:42:12', '2026-01-22 21:42:12'),
(1440, 1, 4, 2, 4, 6, 6, 11, 94, 1, 3, 3, 149.00, 45.00, 0.00, 35, 10, 45, 45, 33749.99, 3382.05, 0.10, NULL, 2026, 1, 'eb212d518399ef6f6ead0add3fac2c684910f9d1f02b142f0d5d3701944159f8', 1, '2026-01-22 21:42:12', '2026-01-22 21:42:12'),
(1441, 1, 4, 2, 4, 6, 6, 11, 94, 1, 4, 204, 149.00, 66.00, 0.00, 57, 9, 66, 66, 33749.99, 3865.20, 0.11, NULL, 2026, 1, 'f0cdb15faea04f2d3000abb66a85e9d982873402876968b81709780f3c4c7aaa', 1, '2026-01-22 21:42:12', '2026-01-22 21:42:12'),
(1442, 1, 4, 2, 4, 6, 6, 11, 94, 1, 6, 15, 157.00, 156.00, 0.00, 128, 28, 156, 156, 33749.99, 0.00, 0.00, NULL, 2026, 1, '37bee3a7a3a3e88c38f12b63a66c9ef05de13f4ef93a1c035487d4d0f4488b22', 1, '2026-01-22 21:42:12', '2026-01-22 21:42:12'),
(1443, 1, 4, 2, 4, 6, 6, 11, 94, 1, 19, 187, 149.00, 5.00, 0.00, 5, 0, 5, 5, 33749.99, 0.00, 0.00, NULL, 2026, 1, 'b78b9036572a285b0fa2ecfb7ce7aedeb7c8f8ff26b8b8403efc2934223e0aa7', 1, '2026-01-22 21:42:12', '2026-01-22 21:42:12'),
(1444, 1, 4, 2, 4, 6, 6, 11, 94, 1, 20, 114, 8.00, 0.00, 0.00, 0, 0, 0, 0, 33749.99, 0.00, 0.00, NULL, 2026, 1, 'fb429cb0e325cd588af1607242d7ad1220b02b3631451ad2f3db78006b1e2cde', 1, '2026-01-22 21:42:12', '2026-01-22 21:42:12'),
(1445, 1, 4, 2, 4, 6, 6, 11, 94, 1, 9, 65, 66.00, 0.00, 0.00, 0, 0, 0, 0, 33749.99, 0.00, 0.00, NULL, 2026, 1, '0ad2a190b5e993c36c3338c4fb19fad3adc4a9e3261f6aa35b90d5dce5527968', 1, '2026-01-22 21:42:12', '2026-01-22 21:42:12'),
(1446, 1, 4, 2, 4, 6, 6, 11, 94, 1, 17, 186, 211.00, 86.00, 0.00, 35, 51, 86, 86, 33749.99, 0.00, 0.00, NULL, 2026, 1, '9acf1b2eff22546dfafdcbfb58a39d53c7c7888b836a1571ada3361a2f70bb3b', 1, '2026-01-22 21:42:12', '2026-01-22 21:42:12'),
(1447, 1, 4, 2, 4, 6, 6, 11, 94, 1, 11, 128, 228.00, 173.00, 0.00, 119, 54, 173, 173, 33750.15, 9663.00, 0.29, NULL, 2026, 1, '4b0bc03ffbc8d8a5d3a27d3571862b7960dd428194b92bff372d4ac7b1cc6c0c', 1, '2026-01-22 21:42:12', '2026-01-22 21:42:12'),
(1448, 1, 4, 2, 4, 6, 6, 11, 94, 1, 22, 121, 149.00, 90.00, 0.00, 14, 76, 90, 90, 33749.99, 0.00, 0.00, NULL, 2026, 1, 'f26d47af7381735896d30d9c7c348c11f51f6e30a68ad7be76bc3f7cdefdc641', 1, '2026-01-22 21:42:12', '2026-01-22 21:42:12'),
(1449, 1, 4, 2, 4, 6, 6, 11, 94, 1, 12, 46, 149.00, 25.00, 0.00, 18, 7, 25, 25, 33749.99, 0.00, 0.00, NULL, 2026, 1, '0f5881898ac07332fa6f7774c86a69edce1bba847bcaf51cd16ec6ea9918fef0', 1, '2026-01-22 21:42:12', '2026-01-22 21:42:12'),
(1450, 1, 4, 2, 4, 6, 6, 11, 94, 1, 15, 49, 90.00, 0.00, 0.00, 0, 0, 0, 0, 33749.99, 0.00, 0.00, NULL, 2026, 1, '8ee1f7c1fc32346345bd17882115b092bb3f03a0295102ca482b479baa702b30', 1, '2026-01-22 21:42:12', '2026-01-22 21:42:12'),
(1451, 1, 4, 2, 4, 6, 6, 11, 94, 1, 13, 47, 149.00, 63.00, 0.00, 29, 34, 63, 63, 33749.99, 0.00, 0.00, NULL, 2026, 1, '0ead34f73ec23ef0a01cff31984c95276bcc1946e79ee0990814dbab13b2ec17', 1, '2026-01-22 21:42:12', '2026-01-22 21:42:12'),
(1452, 1, 4, 2, 4, 6, 6, 11, 94, 1, 14, 322, 149.00, 34.00, 0.00, 27, 7, 34, 34, 33749.99, 0.00, 0.00, NULL, 2026, 1, '4c699d8d11a1e52074968f9136c45cd0d2f298914884b76d7e7eff3e2e712734', 1, '2026-01-22 21:42:12', '2026-01-22 21:42:12'),
(1453, 1, 4, 2, 4, 6, 6, 11, 94, 1, 8, 152, 75.00, 39.00, 0.00, 19, 20, 39, 39, 0.00, 0.00, 0.00, NULL, 2026, 1, '983c089e7f9e3f807e72c9101ccbc4d23e9ff37aedb3159aea8b4e1d53aec3fd', 1, '2026-01-22 21:42:12', '2026-01-22 21:42:12'),
(1454, 1, 4, 2, 4, 6, 6, 11, 95, 1, 18, 183, 149.00, 34.00, 0.00, 30, 4, 34, 34, 77155.18, 0.00, 0.00, NULL, 2026, 1, '636c0b0ba6e8bc889fd6a436c776f0dd49f320294d7168a523dbb0861c2e5e78', 1, '2026-01-22 21:42:12', '2026-01-22 21:42:12'),
(1455, 1, 4, 2, 4, 6, 6, 11, 95, 1, 1, 45, 149.00, 103.00, 0.00, 68, 35, 103, 103, 77155.18, 0.00, 0.00, NULL, 2026, 1, '6db638ce8c88a27df249b3fac8d941bcd422b2079d7104919eac1324fdf47ed7', 1, '2026-01-22 21:42:12', '2026-01-22 21:42:12'),
(1456, 1, 4, 2, 4, 6, 6, 11, 95, 1, 2, 185, 149.00, 9.00, 0.00, 8, 1, 9, 9, 77155.18, 869.67, 0.01, NULL, 2026, 1, '9bf1f0e695ed502197778ef2ce81b95ebfe719aceb896e8398c197269534e13e', 1, '2026-01-22 21:42:12', '2026-01-22 21:42:12'),
(1457, 1, 4, 2, 4, 6, 6, 11, 95, 1, 3, 3, 149.00, 28.00, 0.00, 23, 5, 28, 28, 77155.18, 0.00, 0.00, NULL, 2026, 1, '2876a4e3008c099f6c1805435d38015cab61c514ee258c71adb23749a00caf3d', 1, '2026-01-22 21:42:12', '2026-01-22 21:42:12'),
(1458, 1, 4, 2, 4, 6, 6, 11, 95, 1, 4, 204, 149.00, 78.00, 0.00, 74, 4, 78, 78, 77155.18, 0.00, 0.00, NULL, 2026, 1, '34f27b521990f30d01bfa200c6eddfb618408c8bc4037d2ef41568862acfe0c6', 1, '2026-01-22 21:42:12', '2026-01-22 21:42:12'),
(1459, 1, 4, 2, 4, 6, 6, 11, 95, 1, 6, 15, 194.00, 194.00, 0.00, 126, 68, 194, 194, 77155.18, 0.00, 0.00, NULL, 2026, 1, 'b735a2a3c5835cd4b75feed7634e8d59601081ce6deb7da4494ff992f73a2583', 1, '2026-01-22 21:42:12', '2026-01-22 21:42:12'),
(1460, 1, 4, 2, 4, 6, 6, 11, 95, 1, 19, 187, 84.00, 10.00, 0.00, 10, 0, 10, 10, 77155.18, 0.00, 0.00, NULL, 2026, 1, 'b9b8860b8f229b4a4feecef90cc2a4f000158107c28be272f3acc4600bdd639d', 1, '2026-01-22 21:42:12', '2026-01-22 21:42:12'),
(1461, 1, 4, 2, 4, 6, 6, 11, 95, 1, 20, 114, 75.00, 10.00, 0.00, 4, 6, 10, 10, 78155.18, 0.00, 0.00, NULL, 2026, 1, 'c2b4ce0029b701f40a694be81dbafb24acad27eecee734c7bb5ca54a190e3177', 1, '2026-01-22 21:42:12', '2026-01-22 21:42:12'),
(1462, 1, 4, 2, 4, 6, 6, 11, 95, 1, 9, 65, 149.00, 84.00, 0.00, 64, 20, 84, 84, 78155.18, 8116.92, 0.10, NULL, 2026, 1, '89f008a1f1e617f5d92129d6f79bfc78fe4b43b3c9968c913cd5fd360dcf0c5c', 1, '2026-01-22 21:42:12', '2026-01-22 21:42:12'),
(1463, 1, 4, 2, 4, 6, 6, 11, 95, 1, 17, 186, 273.00, 273.00, 0.00, 30, 243, 273, 273, 78155.18, 3478.68, 0.04, NULL, 2026, 1, '8f665218fa19c5a9f7c88b95e89ad530bd6428f50af63b558826344907357a76', 1, '2026-01-22 21:42:12', '2026-01-22 21:42:12'),
(1464, 1, 4, 2, 4, 6, 6, 11, 95, 1, 11, 128, 277.00, 270.00, 0.00, 182, 88, 270, 270, 78155.18, 9469.74, 0.12, NULL, 2026, 1, 'c274e01a727271be33f3afe6cfd038d4d34c328ea9b96754dbb8fe3af585f171', 1, '2026-01-22 21:42:12', '2026-01-22 21:42:12'),
(1465, 1, 4, 2, 4, 6, 6, 11, 95, 1, 22, 121, 149.00, 114.00, 0.00, 45, 69, 114, 114, 78155.18, 6184.32, 0.08, NULL, 2026, 1, '8dd0851295f8254db8a8f01de1f0d2ccc7d340c8023761cb07396835f3ea1ed6', 1, '2026-01-22 21:42:12', '2026-01-22 21:42:12'),
(1466, 1, 4, 2, 4, 6, 6, 11, 95, 1, 12, 46, 119.00, 0.00, 0.00, 0, 0, 0, 0, 78155.18, 0.00, 0.00, NULL, 2026, 1, '1f6ef8c6aae0109e297744128bda6dbd2c0d078a72e8fdf3664d71c58094ab26', 1, '2026-01-22 21:42:12', '2026-01-22 21:42:12'),
(1467, 1, 4, 2, 4, 6, 6, 11, 95, 1, 15, 49, 21.00, 0.00, 0.00, 0, 0, 0, 0, 78155.18, 0.00, 0.00, NULL, 2026, 1, 'c7f5f38fdfba05ad16d0661151b083c726b23f7255c68c71727e8e2fd67c6433', 1, '2026-01-22 21:42:12', '2026-01-22 21:42:12'),
(1468, 1, 4, 2, 4, 6, 6, 11, 95, 1, 13, 47, 149.00, 21.00, 0.00, 17, 4, 21, 21, 78155.18, 0.00, 0.00, NULL, 2026, 1, '8791a74219c4b70256b3c88d3a3b36a3e593e75d4e3199784237bad3e183aa11', 1, '2026-01-22 21:42:12', '2026-01-22 21:42:12'),
(1469, 1, 4, 2, 4, 6, 6, 11, 95, 1, 14, 322, 149.00, 16.00, 0.00, 15, 1, 16, 16, 78172.30, 0.00, 0.00, NULL, 2026, 1, 'd05883e359eedec9b93a2fb92b2a877a86db307e5149c9f83d9e4bd43356ef6b', 1, '2026-01-22 21:42:12', '2026-01-22 21:42:12'),
(1470, 1, 5, 2, 4, 7, 7, 12, 96, 1, 12, 192, 50.00, 50.00, 0.00, 39, 11, 50, 50, 511596.50, 237080.61, 0.46, NULL, 2026, 1, 'cfbfa8e09be9775f42b4a961434add1e0216f3af4a233e605f66074e37f3de16', 1, '2026-01-22 21:42:12', '2026-01-22 21:42:12'),
(1471, 1, 5, 2, 4, 7, 7, 12, 97, 1, 1, 226, 50.00, 35.00, 0.00, 20, 15, 35, 35, 511596.50, 350000.00, 0.68, NULL, 2026, 1, '8423ada4ff9915b698d228956af57f2e0bbc1849258bdf842cc22db74747f42a', 1, '2026-01-22 21:42:12', '2026-01-22 21:42:12'),
(1472, 1, 5, 2, 4, 7, 7, 12, 98, 1, 19, 113, 75.00, 75.00, 0.00, 63, 12, 75, 15, 511596.50, 458500.00, 0.90, NULL, 2026, 1, 'f77d82fa6d4b48dbfb5ad737e7bf0d6fbc862b4f776fbb6dc57ef39b007281b3', 1, '2026-01-22 21:42:12', '2026-01-22 21:42:12'),
(1473, 1, 5, 2, 4, 7, 7, 12, 99, 1, 4, 111, 48.00, 0.00, 0.00, 0, 0, 0, 0, 639495.63, 0.00, 0.00, NULL, 2026, 1, '850a0bf4b0e81ddd488e01f7d37deec7f33d3ed3b782553982f9537641917e4b', 1, '2026-01-22 21:42:12', '2026-01-22 21:42:12'),
(1474, 1, 5, 2, 4, 7, 7, 12, 100, 1, 9, 34, 75.00, 30.00, 0.00, 30, 0, 30, 30, 639495.63, 0.00, 0.00, NULL, 2026, 1, '919c385f53066162ec6784aac5ee212341ba1f0169ec7d1cfbc59cc8689b8904', 1, '2026-01-22 21:42:12', '2026-01-22 21:42:12'),
(1475, 1, 5, 2, 4, 7, 7, 12, 101, 1, 9, 35, 200.00, 0.00, 0.00, 0, 0, 0, 0, 639495.63, 0.00, 0.00, NULL, 2026, 1, 'da45080cb5dea87d0482a9baf4a670a239a166c76939f5e8b725ed10f3173d43', 1, '2026-01-22 21:42:12', '2026-01-22 21:42:12'),
(1476, 1, 5, 2, 4, 7, 7, 12, 102, 1, 15, 74, 255.00, 0.00, 0.00, 0, 0, 0, 0, 639495.61, 0.00, 0.00, NULL, 2026, 1, '7d18eb09c1bbf37dc2ea08c7d12d1ee5c5cf39558b6cd35639beedf02602ab88', 1, '2026-01-22 21:42:12', '2026-01-22 21:42:12'),
(1477, 1, 5, 2, 4, 7, 7, 12, 103, 1, 1, 55, 152.00, 100.00, 0.00, 44, 56, 100, 100, 0.00, 0.00, 0.00, NULL, 2026, 1, '14752131b9aadd77ea814534a7816de37bb0c875fa6d2efe22e5b727b22b4c33', 1, '2026-01-22 21:42:12', '2026-01-22 21:42:12'),
(1478, 1, 5, 2, 4, 7, 7, 13, 104, 1, 1, 55, 15.00, 15.00, 0.00, 12, 3, 15, 15, 89980.00, 77516.11, 0.86, NULL, 2026, 1, 'adeb129d7590aa1e4bf64961572b9de4541d6b2c7dbfcd285d8473d307100ef1', 1, '2026-01-22 21:42:12', '2026-01-22 21:42:12'),
(1479, 1, 5, 2, 4, 7, 7, 13, 105, 1, 1, 55, 18.00, 18.00, 0.00, 8, 10, 18, 18, 87610.00, 77775.97, 0.89, NULL, 2026, 1, 'ccb654288a8fb46d3f64b4577e846003b751b95671696bfb821e676dd10b949b', 1, '2026-01-22 21:42:12', '2026-01-22 21:42:12'),
(1480, 1, 5, 2, 4, 7, 7, 13, 106, 1, 12, 71, 30.00, 30.00, 0.00, 16, 14, 30, 30, 20000.00, 20000.00, 1.00, NULL, 2026, 1, 'd485392e93f47c79780626b8a3ba5874f2af3b2ec74385a45f3c9e252e22e0da', 1, '2026-01-22 21:42:12', '2026-01-22 21:42:12'),
(1481, 1, 5, 2, 4, 7, 7, 13, 107, 1, 17, 69, 39.00, 39.00, 0.00, 21, 18, 39, 39, 40000.00, 35000.00, 0.88, NULL, 2026, 1, '3e17640980d143c4683a2014449b42e8ef801cd307f8312debb9a20ff1575ad6', 1, '2026-01-22 21:42:12', '2026-01-22 21:42:12'),
(1482, 1, 5, 2, 4, 7, 7, 13, 108, 1, 14, 327, 14.00, 14.00, 0.00, 12, 2, 14, 14, 60284.00, 27190.46, 0.45, NULL, 2026, 1, 'b1877649f961312a2092049645153f9bd98df274d161f8be00c65a9917d21335', 1, '2026-01-22 21:42:12', '2026-01-22 21:42:12'),
(1483, 1, 5, 2, 4, 7, 7, 13, 109, 1, 21, 164, 5.00, 5.00, 0.00, 0, 5, 5, 5, 18180.00, 18139.20, 1.00, NULL, 2026, 1, '05d9bc2a73ab5693e00249720e2f570d487b294a5f9bbecebdf3f7b9b63022f5', 1, '2026-01-22 21:42:12', '2026-01-22 21:42:12'),
(1484, 1, 5, 2, 4, 7, 7, 13, 110, 1, 8, 64, 25.00, 25.00, 0.00, 17, 8, 25, 25, 40325.00, 29923.00, 0.74, NULL, 2026, 1, '5d6ca3ee706eed8840de97983823097962acca4333eb6f4c825ad1f410d31a95', 1, '2026-01-22 21:42:12', '2026-01-22 21:42:12'),
(1485, 1, 5, 2, 4, 7, 7, 13, 111, 1, 12, 71, 30.00, 30.00, 0.00, 15, 15, 30, 30, 24000.00, 24000.00, 1.00, NULL, 2026, 1, 'dd01b905b4ba9ffb18bd23da8850fee74bc24973187587e858caf4ff69bf1d2a', 1, '2026-01-22 21:42:12', '2026-01-22 21:42:12'),
(1486, 1, 5, 2, 4, 7, 7, 13, 112, 1, 8, 64, 23.00, 23.00, 0.00, 17, 6, 23, 23, 79917.00, 67683.48, 0.85, NULL, 2026, 1, '27d1cefe4b4f6ec325a6739c7cb751c1ace1bfa2697a522eab3f267931e618d5', 1, '2026-01-22 21:42:12', '2026-01-22 21:42:12'),
(1487, 1, 5, 2, 4, 7, 7, 13, 113, 1, 8, 64, 29.00, 29.00, 0.00, 23, 6, 29, 29, 83171.00, 79697.87, 0.96, NULL, 2026, 1, '1389cce2759d75268c270dbb9156d7b8b2c5a89af8442cd89e515b8aa220c354', 1, '2026-01-22 21:42:12', '2026-01-22 21:42:12'),
(1488, 1, 5, 2, 4, 7, 7, 13, 114, 1, 19, 113, 21.00, 21.00, 0.00, 15, 6, 21, 21, 49200.00, 28196.52, 0.57, NULL, 2026, 1, 'ed43861437d6da6cd2d6bd02f749ae0a6fcb97eba98c1edddb0bae43a0fc47b4', 1, '2026-01-22 21:42:12', '2026-01-22 21:42:12'),
(1489, 1, 5, 2, 4, 7, 7, 13, 115, 1, 7, 60, 9.00, 9.00, 0.00, 9, 0, 9, 9, 51200.00, 35458.56, 0.69, NULL, 2026, 1, '98c1332577e5a652ecab5329ef9228a44a0895ce2ab5dffe8a32a43e88ad3306', 1, '2026-01-22 21:42:12', '2026-01-22 21:42:12'),
(1490, 1, 5, 2, 4, 7, 7, 13, 116, 1, 7, 150, 38.00, 38.00, 0.00, 34, 4, 38, 38, 89701.00, 66306.96, 0.74, NULL, 2026, 1, 'ade86f2ca6e40460fed8772e56390234305eb13e21cb1f00aa47b9ddbebe52c5', 1, '2026-01-22 21:42:12', '2026-01-22 21:42:12'),
(1491, 1, 5, 2, 4, 7, 7, 13, 117, 1, 7, 60, 13.00, 13.00, 0.00, 13, 0, 13, 13, 47400.00, 32669.20, 0.69, NULL, 2026, 1, '0f3c8edd97c2a38b052ed76f0d36c640db0c75c6e7b6d2da936d67477faf9123', 1, '2026-01-22 21:42:12', '2026-01-22 21:42:12'),
(1492, 1, 5, 2, 4, 7, 7, 13, 118, 1, 9, 295, 32.00, 32.00, 0.00, 18, 14, 32, 32, 79455.00, 77931.50, 0.98, NULL, 2026, 1, '5dee3fc20cf9cf436b6204bd55451de2f7c7d7162efdbaf243348c85e3aa5e84', 1, '2026-01-22 21:42:12', '2026-01-22 21:42:12'),
(1493, 1, 5, 2, 4, 7, 7, 13, 119, 1, 3, 5, 20.00, 0.00, 0.00, 0, 0, 0, 0, 399910.00, 0.00, 0.00, NULL, 2026, 1, '9adf18740c517b584824316634e8728d9a5d023e50a85e1e49471f9f666a46a1', 1, '2026-01-22 21:42:12', '2026-01-22 21:42:12'),
(1494, 1, 5, 2, 4, 7, 7, 13, 120, 1, 1, 55, 27.00, 27.00, 0.00, 19, 8, 27, 27, 89960.00, 65401.49, 0.73, NULL, 2026, 1, '22f2f57670300538025b0b7c89c3a2d635fc3f59135bc7142e273376f91773f6', 1, '2026-01-22 21:42:12', '2026-01-22 21:42:12'),
(1495, 1, 5, 2, 4, 7, 7, 13, 121, 1, 1, 55, 20.00, 20.00, 0.00, 10, 10, 20, 2, 89130.00, 86749.50, 0.97, NULL, 2026, 1, 'e3113bc669a4857001c4a811aafc3d5380177bd83f45ca182da5b944ce7f2656', 1, '2026-01-22 21:42:12', '2026-01-22 21:42:12'),
(1496, 1, 5, 2, 4, 7, 7, 13, 122, 1, 1, 57, 26.00, 26.00, 0.00, 16, 10, 26, 26, 89920.00, 81190.00, 0.90, NULL, 2026, 1, 'de3b360db5c428c787179f46e874daaab9c28ba42e6c2a0db371d1b324721042', 1, '2026-01-22 21:42:12', '2026-01-22 21:42:12'),
(1497, 1, 5, 2, 4, 7, 7, 13, 123, 1, 1, 55, 13.00, 13.00, 0.00, 10, 3, 13, 13, 89960.00, 65078.57, 0.72, NULL, 2026, 1, 'd07c153d4580ca7887b092b5ec6a934ecfffff02ef1937566de79ce045b76b70', 1, '2026-01-22 21:42:12', '2026-01-22 21:42:12'),
(1498, 1, 5, 2, 4, 7, 7, 13, 124, 1, 1, 45, 26.00, 26.00, 0.00, 16, 10, 26, 26, 80930.00, 76496.00, 0.95, NULL, 2026, 1, '7c4dd627f820255ade6cc55e217e29552350705568724f042d0478b33b8a9aa8', 1, '2026-01-22 21:42:12', '2026-01-22 21:42:12'),
(1499, 1, 5, 2, 4, 7, 7, 13, 125, 1, 12, 72, 25.00, 25.00, 0.00, 12, 13, 25, 1, 15870.00, 15270.80, 0.96, NULL, 2026, 1, 'f12789db099a15a3b9ae27f9643430539bb92aaf3493085dcf3835912df77486', 1, '2026-01-22 21:42:12', '2026-01-22 21:42:12'),
(1500, 1, 5, 2, 4, 7, 7, 13, 126, 1, 17, 70, 17.00, 17.00, 0.00, 13, 4, 17, 17, 56450.00, 52856.51, 0.94, NULL, 2026, 1, 'a8cba07320cd907169a0baa417458511c2fa020a321a2e1e7d2f4b45653fe9e4', 1, '2026-01-22 21:42:12', '2026-01-22 21:42:12'),
(1501, 1, 5, 2, 4, 7, 7, 13, 127, 1, 1, 227, 22.00, 22.00, 0.00, 20, 2, 22, 22, 89959.50, 89959.50, 1.00, NULL, 2026, 1, '0cebf63776dd283aa829d2f95ca896181f28261a94efd688fb53e859213a0790', 1, '2026-01-22 21:42:12', '2026-01-22 21:42:12'),
(1502, 1, 5, 2, 4, 7, 7, 13, 128, 1, 21, 164, 5.00, 5.00, 0.00, 1, 4, 5, 5, 74544.00, 53178.24, 0.71, NULL, 2026, 1, '70047cb2195b9eb863a3d33cf41bb67e7ae7ece951b3826bd692b8a535bb2150', 1, '2026-01-22 21:42:12', '2026-01-22 21:42:12'),
(1503, 1, 5, 2, 4, 7, 7, 13, 129, 1, 8, 63, 180.00, 180.00, 0.00, 100, 80, 180, 20, 64047.00, 56263.50, 0.88, NULL, 2026, 1, '44b05c95c08c8330ff8779a5e3964caabf4102dfb8191008e96ee9ed8c6260ec', 1, '2026-01-22 21:42:12', '2026-01-22 21:42:12'),
(1504, 1, 5, 2, 4, 7, 7, 13, 130, 1, 1, 55, 40.00, 0.00, 0.00, 0, 0, 0, 0, 87580.00, 0.00, 0.00, NULL, 2026, 1, '493eb73bdd8f76919316f15834d52d04746efe189d2e92c15a31ac8b182264c0', 1, '2026-01-22 21:42:12', '2026-01-22 21:42:12'),
(1505, 1, 5, 2, 4, 7, 7, 13, 131, 1, 1, 55, 15.00, 0.00, 0.00, 0, 0, 0, 0, 85487.00, 0.00, 0.00, NULL, 2026, 1, 'b46115a103daae89c5a355e9ff965a43add71b8db23e493dd1e303676e849d7b', 1, '2026-01-22 21:42:12', '2026-01-22 21:42:12'),
(1506, 1, 5, 2, 4, 7, 7, 13, 132, 1, 1, 56, 15.00, 15.00, 0.00, 15, 0, 15, 15, 90000.00, 85001.50, 0.94, NULL, 2026, 1, '9a11703296ca60f9c2dbf36f0b5caff216a014d33f42f37b2be611721693b55c', 1, '2026-01-22 21:42:12', '2026-01-22 21:42:12'),
(1507, 1, 5, 2, 4, 7, 7, 13, 133, 1, 1, 56, 15.00, 15.00, 0.00, 14, 1, 15, 15, 86315.00, 82695.00, 0.96, NULL, 2026, 1, '92ba8a84177bf2daea6a7669d2c949e9ffcdba967e497553bc742ddf79469512', 1, '2026-01-22 21:42:12', '2026-01-22 21:42:12'),
(1508, 1, 5, 2, 4, 7, 7, 13, 134, 1, 1, 57, 15.00, 15.00, 0.00, 10, 5, 15, 15, 87035.00, 72900.00, 0.84, NULL, 2026, 1, '63490ffac9ef1f83bdfe14e31c7d91622da22235f2fa3646c7722cfafd9d8821', 1, '2026-01-22 21:42:12', '2026-01-22 21:42:12'),
(1509, 1, 5, 2, 4, 7, 7, 13, 135, 1, 21, 164, 5.00, 5.00, 0.00, 1, 4, 5, 5, 84567.25, 84567.25, 1.00, NULL, 2026, 1, '840fab58648b817cad71b905afb0ffe477c3638394e3a0dc1bd3fa2f8028fc03', 1, '2026-01-22 21:42:12', '2026-01-22 21:42:12'),
(1510, 1, 5, 2, 4, 7, 7, 13, 136, 1, 18, 110, 45.00, 0.00, 0.00, 0, 0, 0, 0, 500400.00, 0.00, 0.00, NULL, 2026, 1, '551775c88f3e953f90afad2004918f0296fac4402a915e2909221674ea4876dd', 1, '2026-01-22 21:42:12', '2026-01-22 21:42:12'),
(1511, 1, 5, 2, 4, 7, 7, 13, 137, 1, 15, 74, 31.00, 0.00, 0.00, 0, 0, 0, 0, 797376.00, 0.00, 0.00, NULL, 2026, 1, '03ccfc7af10ed1107564d24aa0880b1699a400aba717c54159ac58299dca5f2a', 1, '2026-01-22 21:42:12', '2026-01-22 21:42:12'),
(1512, 1, 5, 2, 4, 7, 7, 13, 138, 1, 11, 131, 60.00, 0.00, 0.00, 0, 0, 0, 0, 243058.00, 0.00, 0.00, NULL, 2026, 1, '4b3e03634eaab1db63ededbdc8ef8bcfdf3c099a006671c9f0352b21cf83133a', 1, '2026-01-22 21:42:12', '2026-01-22 21:42:12'),
(1513, 1, 5, 2, 4, 7, 7, 13, 139, 1, 14, 203, 16.00, 0.00, 0.00, 0, 0, 0, 0, 208977.00, 0.00, 0.00, NULL, 2026, 1, '691619d13fdabda7dfa6f15ffe05303262a9ee15ef30b3f2e58304524892cd6f', 1, '2026-01-22 21:42:12', '2026-01-22 21:42:12');
INSERT INTO `datos_vider` (`id`, `unidad_ejecutora_id`, `dependencia_id`, `programa_id`, `subprograma_id`, `actividad_id`, `producto_id`, `subproducto_id`, `intervencion_id`, `medida_id`, `departamento_id`, `municipio_id`, `programado`, `ejecutado`, `porcentaje_ejecucion`, `hombres`, `mujeres`, `total_personas`, `beneficiarios`, `vigente_financiera`, `financiera_ejecutado`, `financiera_porcentaje`, `periodo`, `anio`, `mes`, `hash_registro`, `importacion_id`, `created_at`, `updated_at`) VALUES
(1514, 1, 5, 2, 4, 7, 7, 13, 140, 1, 21, 167, 85.00, 0.00, 0.00, 0, 0, 0, 0, 1023812.00, 0.00, 0.00, NULL, 2026, 1, 'ada60676f2118e3b9dda2694f8fc545372029bd7e74936bca56998eece40c781', 1, '2026-01-22 21:42:12', '2026-01-22 21:42:12'),
(1515, 1, 5, 2, 4, 7, 7, 13, 141, 1, 21, 119, 39.00, 0.00, 0.00, 0, 0, 0, 0, 1766871.00, 0.00, 0.00, NULL, 2026, 1, '419caaa01a177a63aa74fa2de7e7d6f66e8ff1150bc8f2801da1a1b86191e860', 1, '2026-01-22 21:42:12', '2026-01-22 21:42:12'),
(1516, 1, 5, 2, 4, 7, 7, 13, 142, 1, 21, 166, 37.00, 0.00, 0.00, 0, 0, 0, 0, 877651.00, 0.00, 0.00, NULL, 2026, 1, '1143e779ca1ecde9ddecda610c8d23db9087c708750826288cedc0b4727bd249', 1, '2026-01-22 21:42:12', '2026-01-22 21:42:12'),
(1517, 1, 5, 2, 4, 7, 7, 13, 143, 1, 21, 166, 6.00, 0.00, 0.00, 0, 0, 0, 0, 141324.00, 0.00, 0.00, NULL, 2026, 1, '12501d0667cb04dace269e9d3d45121949bcc88251ab353ccfc0e1fabc95fdac', 1, '2026-01-22 21:42:12', '2026-01-22 21:42:12'),
(1518, 1, 5, 2, 4, 7, 7, 13, 144, 1, 7, 61, 25.00, 0.00, 0.00, 0, 0, 0, 0, 217000.00, 0.00, 0.00, NULL, 2026, 1, '8dc1fa3329903bc2bf3da8151645fd98d637d92a08a2f20e45853b515d85c8c3', 1, '2026-01-22 21:42:12', '2026-01-22 21:42:12'),
(1519, 1, 5, 2, 4, 7, 7, 13, 145, 1, 7, 62, 25.00, 0.00, 0.00, 0, 0, 0, 0, 267600.00, 0.00, 0.00, NULL, 2026, 1, '193ef276f9963279f0ef400726da023fb76e45b08f5fef8b63fa23ae117add53', 1, '2026-01-22 21:42:12', '2026-01-22 21:42:12'),
(1520, 1, 5, 2, 4, 7, 7, 13, 146, 1, 20, 114, 35.00, 0.00, 0.00, 0, 0, 0, 0, 698762.00, 0.00, 0.00, NULL, 2026, 1, 'fdf6fdd83f028dd83ddc78e70b6594cb5c5aa1565268ebe84128825c8ef257ed', 1, '2026-01-22 21:42:12', '2026-01-22 21:42:12'),
(1521, 1, 5, 2, 4, 7, 7, 13, 147, 1, 20, 115, 62.00, 0.00, 0.00, 0, 0, 0, 0, 1259806.00, 0.00, 0.00, NULL, 2026, 1, 'a9f10ae7d7f7e0f20a800953cae3ff64205336a07964e3af2a62df0703898b95', 1, '2026-01-22 21:42:12', '2026-01-22 21:42:12'),
(1522, 1, 5, 2, 4, 7, 7, 13, 148, 1, 20, 115, 57.00, 0.00, 0.00, 0, 0, 0, 0, 1271430.00, 0.00, 0.00, NULL, 2026, 1, 'fe9ea44b87b0810ea89cbd96ec082bdd2485e0ee03dc6783cea716bbc15c7b24', 1, '2026-01-22 21:42:12', '2026-01-22 21:42:12'),
(1523, 1, 5, 2, 4, 7, 7, 13, 149, 1, 20, 114, 14.00, 0.00, 0.00, 0, 0, 0, 0, 264230.00, 0.00, 0.00, NULL, 2026, 1, 'a574dad483a18b69aa71f5dbe82ff339d8ae861a71543afe8e1d8f91d6892293', 1, '2026-01-22 21:42:12', '2026-01-22 21:42:12'),
(1524, 1, 5, 2, 4, 7, 7, 13, 150, 1, 19, 279, 16.00, 0.00, 0.00, 0, 0, 0, 0, 825585.00, 0.00, 0.00, NULL, 2026, 1, '3559a4ae21b121083a10a49f58a31f5122e1448e32cc7829015efd9ddb83b100', 1, '2026-01-22 21:42:12', '2026-01-22 21:42:12'),
(1525, 1, 5, 2, 4, 7, 7, 13, 151, 1, 19, 279, 17.00, 0.00, 0.00, 0, 0, 0, 0, 618197.00, 0.00, 0.00, NULL, 2026, 1, '46fd06f310de8d5c6f7c42d31a2934d4bee1bc5b40c85786a33ab514bfbeba81', 1, '2026-01-22 21:42:12', '2026-01-22 21:42:12'),
(1526, 1, 5, 2, 4, 7, 7, 13, 152, 1, 19, 279, 15.00, 0.00, 0.00, 0, 0, 0, 0, 853125.00, 0.00, 0.00, NULL, 2026, 1, '1e15d3ba53caa4653a021cdcf4f7ccebb56026299b8978eb674673ae04cb4ac3', 1, '2026-01-22 21:42:12', '2026-01-22 21:42:12'),
(1527, 1, 5, 2, 4, 7, 7, 13, 153, 1, 19, 279, 16.00, 0.00, 0.00, 0, 0, 0, 0, 862064.00, 0.00, 0.00, NULL, 2026, 1, 'ef6a27407d39533e4d5f74c9d6c268f6f31cda509c9372f666d053b0570fa74b', 1, '2026-01-22 21:42:12', '2026-01-22 21:42:12'),
(1528, 1, 5, 2, 4, 7, 7, 13, 154, 1, 19, 279, 7.00, 0.00, 0.00, 0, 0, 0, 0, 809375.00, 0.00, 0.00, NULL, 2026, 1, 'd55e8598308fbf68dd41206ba546792cb3c7d8bb80c7e09a200bfebadc88f516', 1, '2026-01-22 21:42:12', '2026-01-22 21:42:12'),
(1529, 1, 5, 2, 4, 7, 7, 13, 155, 1, 20, 116, 40.00, 0.00, 0.00, 0, 0, 0, 0, 754018.00, 0.00, 0.00, NULL, 2026, 1, 'dd08dab9fc7da4a9009a6623328bf86647d402b5354460e84893671beaa5ad98', 1, '2026-01-22 21:42:12', '2026-01-22 21:42:12'),
(1530, 1, 5, 2, 4, 7, 7, 13, 156, 1, 19, 187, 108.00, 0.00, 0.00, 0, 0, 0, 0, 1199392.00, 0.00, 0.00, NULL, 2026, 1, '7fd6e05436bea93a34f717521f789c49c939bab35a45ac20169d0b30a4a410ae', 1, '2026-01-22 21:42:12', '2026-01-22 21:42:12'),
(1531, 1, 5, 2, 4, 7, 7, 13, 157, 1, 15, 174, 15.00, 0.00, 0.00, 0, 0, 0, 0, 190115.00, 0.00, 0.00, NULL, 2026, 1, '0005729ba370642ae382a4c7495d76f0aa0859057e2846f12c6d7d215d8ee57c', 1, '2026-01-22 21:42:12', '2026-01-22 21:42:12'),
(1532, 1, 5, 2, 4, 7, 7, 13, 158, 1, 4, 111, 15.00, 0.00, 0.00, 0, 0, 0, 0, 1657720.00, 0.00, 0.00, NULL, 2026, 1, '9b47a2389ceaa51143c576b83a293f24431a97b380fc1521f706e90ab6515e17', 1, '2026-01-22 21:42:12', '2026-01-22 21:42:12'),
(1533, 1, 5, 2, 4, 7, 7, 13, 159, 1, 4, 111, 15.00, 0.00, 0.00, 0, 0, 0, 0, 1657720.00, 0.00, 0.00, NULL, 2026, 1, 'f34c8d91be65a2f0c82fc41ae1d3c9be251f7c32ff82bc6d76cab6a4323698b4', 1, '2026-01-22 21:42:12', '2026-01-22 21:42:12'),
(1534, 1, 5, 2, 4, 7, 7, 13, 160, 1, 4, 111, 15.00, 0.00, 0.00, 0, 0, 0, 0, 1657720.00, 0.00, 0.00, NULL, 2026, 1, '4f6f687243b06cf587458f4cd3fec2ff800284352cb945d70a815651ecd08ddd', 1, '2026-01-22 21:42:12', '2026-01-22 21:42:12'),
(1535, 1, 5, 2, 4, 7, 7, 13, 161, 1, 4, 248, 10.00, 0.00, 0.00, 0, 0, 0, 0, 1105080.00, 0.00, 0.00, NULL, 2026, 1, 'ca83c4ac375fb89f740dfcb554e920b9419ac69dc07df1315868fa3d35ce825f', 1, '2026-01-22 21:42:12', '2026-01-22 21:42:12'),
(1536, 1, 5, 2, 4, 7, 7, 13, 162, 1, 1, 55, 16.00, 0.00, 0.00, 0, 0, 0, 0, 188446.00, 0.00, 0.00, NULL, 2026, 1, '3380ce31147d36f5d4fc18ae2285204e40f7c16d39425068311439ec22a81d2a', 1, '2026-01-22 21:42:12', '2026-01-22 21:42:12'),
(1537, 1, 5, 2, 4, 7, 7, 13, 163, 1, 1, 55, 15.00, 0.00, 0.00, 0, 0, 0, 0, 176976.00, 0.00, 0.00, NULL, 2026, 1, '77eeb1c27231eabac32e43c6a49c80ca8e7a62ed56f18e003f9240ccb8c68846', 1, '2026-01-22 21:42:12', '2026-01-22 21:42:12'),
(1538, 1, 5, 2, 4, 7, 7, 13, 164, 1, 1, 55, 24.00, 0.00, 0.00, 0, 0, 0, 0, 159060.00, 0.00, 0.00, NULL, 2026, 1, '0c184b51c3dddb9cde9431579c4e67f37485e7b34fae9a2698c9940c7f7b2f7d', 1, '2026-01-22 21:42:12', '2026-01-22 21:42:12'),
(1539, 1, 5, 2, 4, 7, 7, 13, 165, 1, 1, 55, 22.00, 0.00, 0.00, 0, 0, 0, 0, 160140.00, 0.00, 0.00, NULL, 2026, 1, 'db8f3e07a17af82124dbd3cf6d1652567086f182a949655885188532f0df994b', 1, '2026-01-22 21:42:12', '2026-01-22 21:42:12'),
(1540, 1, 5, 2, 4, 7, 7, 13, 166, 1, 1, 55, 23.00, 0.00, 0.00, 0, 0, 0, 0, 160110.00, 0.00, 0.00, NULL, 2026, 1, '3a3decd8f6249eda127d98bc2a29b668098745dda76a75a7e8272d8432041452', 1, '2026-01-22 21:42:12', '2026-01-22 21:42:12'),
(1541, 1, 5, 2, 4, 7, 7, 13, 167, 1, 1, 55, 33.00, 0.00, 0.00, 0, 0, 0, 0, 160140.00, 0.00, 0.00, NULL, 2026, 1, 'ee9f4dd0ed748a68be605206e18ef2c85d247a6d02a8035a22a74df928f918d3', 1, '2026-01-22 21:42:12', '2026-01-22 21:42:12'),
(1542, 1, 5, 2, 4, 7, 7, 13, 168, 1, 1, 55, 40.00, 0.00, 0.00, 0, 0, 0, 0, 162660.00, 0.00, 0.00, NULL, 2026, 1, 'e13bc234d59732f624fd4189889f5330f113ca10d555c09c937dfa68bac5ebdc', 1, '2026-01-22 21:42:12', '2026-01-22 21:42:12'),
(1543, 1, 5, 2, 4, 7, 7, 13, 169, 1, 1, 55, 37.00, 0.00, 0.00, 0, 0, 0, 0, 163685.00, 0.00, 0.00, NULL, 2026, 1, 'c24fa775887f7f4cecb341dae77a2e0fc93e980357b0a4656681e05e79b08cb9', 1, '2026-01-22 21:42:12', '2026-01-22 21:42:12'),
(1544, 1, 5, 2, 4, 7, 7, 13, 170, 1, 1, 55, 16.00, 0.00, 0.00, 0, 0, 0, 0, 163110.00, 0.00, 0.00, NULL, 2026, 1, '4672d8b4c12b2e29d74ee5a149567d2267a7b9b56314b3dc5f39cb988cdb320a', 1, '2026-01-22 21:42:12', '2026-01-22 21:42:12'),
(1545, 1, 5, 2, 4, 7, 7, 13, 171, 1, 1, 55, 24.00, 0.00, 0.00, 0, 0, 0, 0, 170251.00, 0.00, 0.00, NULL, 2026, 1, 'bbf16b70c2484d04134051d1593de0acb1adca868982e3d4b969a3ecd8a3f958', 1, '2026-01-22 21:42:12', '2026-01-22 21:42:12'),
(1546, 1, 5, 2, 4, 7, 7, 13, 172, 1, 1, 56, 11.00, 0.00, 0.00, 0, 0, 0, 0, 198033.00, 0.00, 0.00, NULL, 2026, 1, 'd1f163be0c13eb05a65a43c604f3e8a9841d77df2d37d85815fe234163bc3398', 1, '2026-01-22 21:42:12', '2026-01-22 21:42:12'),
(1547, 1, 5, 2, 4, 7, 7, 13, 173, 1, 1, 54, 19.00, 0.00, 0.00, 0, 0, 0, 0, 177953.00, 0.00, 0.00, NULL, 2026, 1, '7a0d752a958f3f92926ba65fec8efb7631a667bb639d6cccdf6756d1d8bdd0cb', 1, '2026-01-22 21:42:12', '2026-01-22 21:42:12'),
(1548, 1, 5, 2, 4, 7, 7, 13, 174, 1, 1, 54, 16.00, 0.00, 0.00, 0, 0, 0, 0, 238113.00, 0.00, 0.00, NULL, 2026, 1, '65e858cdd966a45d1335ff35d3eaae7d1d5c266150f5a08bfc07435f3b3f2919', 1, '2026-01-22 21:42:12', '2026-01-22 21:42:12'),
(1549, 1, 5, 2, 4, 7, 7, 13, 175, 1, 15, 74, 85.00, 0.00, 0.00, 0, 0, 0, 0, 464289.00, 0.00, 0.00, NULL, 2026, 1, '83c65bfd7fb51b074f0522a474d0f67c6937884ded9ccea2415bbc3849d2885b', 1, '2026-01-22 21:42:12', '2026-01-22 21:42:12'),
(1550, 1, 5, 2, 4, 7, 7, 13, 176, 1, 15, 73, 80.00, 0.00, 0.00, 0, 0, 0, 0, 749120.00, 0.00, 0.00, NULL, 2026, 1, '4a26e3995c980af408141d42a7e41a8e9525ef68b1add388dbb4c1e450512059', 1, '2026-01-22 21:42:12', '2026-01-22 21:42:12'),
(1551, 1, 5, 2, 4, 7, 7, 13, 177, 1, 15, 73, 81.00, 0.00, 0.00, 0, 0, 0, 0, 444857.00, 0.00, 0.00, NULL, 2026, 1, 'f94ebcc7fd8637cd2978647771eeb3d3f9e622d5154e3a32a142b4c8f5b7c0ba', 1, '2026-01-22 21:42:12', '2026-01-22 21:42:12'),
(1552, 1, 5, 2, 4, 7, 7, 13, 178, 1, 1, 45, 9.00, 0.00, 0.00, 0, 0, 0, 0, 264775.00, 0.00, 0.00, NULL, 2026, 1, 'b3c9a3c8e506aa0fd1dc7a21061418e7e5e612b6cc6c174903d44415bdf9ad8f', 1, '2026-01-22 21:42:12', '2026-01-22 21:42:12'),
(1553, 1, 5, 2, 4, 7, 7, 13, 179, 1, 1, 54, 18.00, 0.00, 0.00, 0, 0, 0, 0, 735520.00, 0.00, 0.00, NULL, 2026, 1, 'bf9921e533446a983490ddd9dee6b2de42712b730ec5dca5772060e5e15fc119', 1, '2026-01-22 21:42:12', '2026-01-22 21:42:12'),
(1554, 1, 5, 2, 4, 7, 7, 13, 180, 1, 1, 1, 35.00, 0.00, 0.00, 0, 0, 0, 0, 631691.00, 0.00, 0.00, NULL, 2026, 1, 'a7ec6d616b2c4f7bb4ec228144eab59e0a59ab398e310e63d039a90bed6259e7', 1, '2026-01-22 21:42:12', '2026-01-22 21:42:12'),
(1555, 1, 5, 2, 4, 7, 7, 13, 181, 1, 1, 1, 27.00, 0.00, 0.00, 0, 0, 0, 0, 139350.00, 0.00, 0.00, NULL, 2026, 1, '659ea1cdf9d04cf5cd057c71e8e4d3775dba638b7ca7fa3fa6177cd10fb08722', 1, '2026-01-22 21:42:12', '2026-01-22 21:42:12'),
(1556, 1, 5, 2, 4, 7, 7, 13, 182, 1, 16, 59, 25.00, 0.00, 0.00, 0, 0, 0, 0, 387115.00, 0.00, 0.00, NULL, 2026, 1, '5e2f18bcc117665586b136542db2899d6f681882b0edddf30aae9b78e284966c', 1, '2026-01-22 21:42:12', '2026-01-22 21:42:12'),
(1557, 1, 5, 2, 4, 7, 7, 13, 183, 1, 1, 54, 17.00, 0.00, 0.00, 0, 0, 0, 0, 125985.00, 0.00, 0.00, NULL, 2026, 1, 'f27d7d879a30bc7350de0f681953c5b42067b2eff84f82add070a40778fbde64', 1, '2026-01-22 21:42:12', '2026-01-22 21:42:12'),
(1558, 1, 5, 2, 4, 7, 7, 13, 184, 1, 9, 35, 21.00, 0.00, 0.00, 0, 0, 0, 0, 446726.00, 0.00, 0.00, NULL, 2026, 1, 'ad40cac03169be75e0d5035b0f430e261b9492fe57073a2edce96216779a3cf7', 1, '2026-01-22 21:42:12', '2026-01-22 21:42:12'),
(1559, 1, 5, 2, 4, 7, 7, 13, 185, 1, 9, 66, 24.00, 0.00, 0.00, 0, 0, 0, 0, 295952.00, 0.00, 0.00, NULL, 2026, 1, 'a9a9bc24929272eb0448256604445093c373e1d0020cc94f2c0389aca32863f3', 1, '2026-01-22 21:42:12', '2026-01-22 21:42:12'),
(1560, 1, 5, 2, 4, 7, 7, 13, 186, 1, 9, 67, 31.00, 0.00, 0.00, 0, 0, 0, 0, 266942.00, 0.00, 0.00, NULL, 2026, 1, '5588fba44d3ddc27fd28057a45fe728332d29300db7c095d460aa06507089478', 1, '2026-01-22 21:42:12', '2026-01-22 21:42:12'),
(1561, 1, 5, 2, 4, 7, 7, 13, 187, 1, 19, 187, 39.00, 0.00, 0.00, 0, 0, 0, 0, 918750.00, 0.00, 0.00, NULL, 2026, 1, '6d029fc83c01a85c854a882e1dd77c9ff13972ed5c4bc11f10513f8f7b20e0ba', 1, '2026-01-22 21:42:12', '2026-01-22 21:42:12'),
(1562, 1, 5, 2, 4, 7, 7, 13, 188, 1, 19, 187, 27.00, 0.00, 0.00, 0, 0, 0, 0, 656250.00, 0.00, 0.00, NULL, 2026, 1, 'a8114563b2f40ff0510ba56a34b5dac5b011fe3dc194b682393e8c0d2033f894', 1, '2026-01-22 21:42:12', '2026-01-22 21:42:12'),
(1563, 1, 5, 2, 4, 7, 7, 13, 189, 1, 19, 187, 31.00, 0.00, 0.00, 0, 0, 0, 0, 743750.00, 0.00, 0.00, NULL, 2026, 1, '717b7c85fdf52bd7a50193db089f63dec1dec968ace3f3c011068513c34d4350', 1, '2026-01-22 21:42:12', '2026-01-22 21:42:12'),
(1564, 1, 5, 2, 4, 7, 7, 13, 190, 1, 19, 187, 36.00, 0.00, 0.00, 0, 0, 0, 0, 853125.00, 0.00, 0.00, NULL, 2026, 1, 'c999d4fd1c96938c9c5faac2a354cd1f60641f67aeb4cf9815898d4e2d400afb', 1, '2026-01-22 21:42:12', '2026-01-22 21:42:12'),
(1565, 1, 5, 2, 4, 7, 7, 13, 191, 1, 19, 187, 41.00, 0.00, 0.00, 0, 0, 0, 0, 962500.00, 0.00, 0.00, NULL, 2026, 1, '051cd1b7353ee3ebf7e78a75e8d11e335f2ae5e614455edf94815be69927e40c', 1, '2026-01-22 21:42:12', '2026-01-22 21:42:12'),
(1566, 1, 5, 2, 4, 7, 7, 13, 192, 1, 19, 187, 27.00, 0.00, 0.00, 0, 0, 0, 0, 656250.00, 0.00, 0.00, NULL, 2026, 1, '27e1070d57bf221c716ec9b90416b2e23d4446e8d6bc7396c74a9509496b0b44', 1, '2026-01-22 21:42:12', '2026-01-22 21:42:12'),
(1567, 1, 5, 2, 4, 7, 7, 13, 193, 1, 20, 114, 25.00, 0.00, 0.00, 0, 0, 0, 0, 546875.00, 0.00, 0.00, NULL, 2026, 1, 'd85ea93320cf341320a8671126b0ce80f896db4bb7cfc572dc005b44bab2df81', 1, '2026-01-22 21:42:12', '2026-01-22 21:42:12'),
(1568, 1, 5, 2, 4, 7, 7, 13, 194, 1, 20, 114, 14.00, 0.00, 0.00, 0, 0, 0, 0, 393750.00, 0.00, 0.00, NULL, 2026, 1, '05cc024d4f114d7178470c06ec0a8f3ab34a09ddad6d9cb96c5ea52310914f64', 1, '2026-01-22 21:42:12', '2026-01-22 21:42:12'),
(1569, 1, 5, 2, 4, 7, 7, 13, 195, 1, 20, 114, 17.00, 0.00, 0.00, 0, 0, 0, 0, 371875.00, 0.00, 0.00, NULL, 2026, 1, 'e6eea0be165f23af3db5ab7ad7b7b804e5d59e9b4f8a0cdd0a0baf52c7c56c3d', 1, '2026-01-22 21:42:12', '2026-01-22 21:42:12'),
(1570, 1, 5, 2, 4, 7, 7, 13, 196, 1, 20, 114, 12.00, 0.00, 0.00, 0, 0, 0, 0, 262500.00, 0.00, 0.00, NULL, 2026, 1, '56d8746030b22d102c41204a1a38583eb87f36791e1600e4752f092071faf86b', 1, '2026-01-22 21:42:12', '2026-01-22 21:42:12'),
(1571, 1, 5, 2, 4, 7, 7, 13, 197, 1, 20, 115, 27.00, 0.00, 0.00, 0, 0, 0, 0, 590625.00, 0.00, 0.00, NULL, 2026, 1, '0b287a52ccadd81885c5a077e098cf86b9252b3face8180879e436777b25330f', 1, '2026-01-22 21:42:12', '2026-01-22 21:42:12'),
(1572, 1, 5, 2, 4, 7, 7, 13, 198, 1, 20, 115, 21.00, 0.00, 0.00, 0, 0, 0, 0, 459375.00, 0.00, 0.00, NULL, 2026, 1, '9656a41b7a0c6617911b9be30501da387d1b0be8773384c7aad44872d22558bf', 1, '2026-01-22 21:42:12', '2026-01-22 21:42:12'),
(1573, 1, 5, 2, 4, 7, 7, 13, 199, 1, 20, 115, 20.00, 0.00, 0.00, 0, 0, 0, 0, 437500.00, 0.00, 0.00, NULL, 2026, 1, 'f620575c5cbc2eaeb97c682648ec84721b4a73f87bf6904128363257eb2f1c52', 1, '2026-01-22 21:42:12', '2026-01-22 21:42:12'),
(1574, 1, 5, 2, 4, 7, 7, 13, 200, 1, 20, 199, 28.00, 0.00, 0.00, 0, 0, 0, 0, 585610.00, 0.00, 0.00, NULL, 2026, 1, 'e60cacab9bd042faba9b13d49cf2c3a8632133c5be4077fa6f39b1a14ce378b2', 1, '2026-01-22 21:42:12', '2026-01-22 21:42:12'),
(1575, 1, 5, 2, 4, 7, 7, 13, 201, 1, 20, 199, 30.00, 0.00, 0.00, 0, 0, 0, 0, 591694.00, 0.00, 0.00, NULL, 2026, 1, 'ef9f0c6d45cedbd3b563748b96cc09e873d05d3ec63df89637dbaa2134279234', 1, '2026-01-22 21:42:12', '2026-01-22 21:42:12'),
(1576, 1, 5, 2, 4, 7, 7, 13, 202, 1, 20, 116, 28.00, 0.00, 0.00, 0, 0, 0, 0, 612500.00, 0.00, 0.00, NULL, 2026, 1, 'b95aa8e4120f9276544734e7273659254a1dfc7782abb554aa2f10ef03699f69', 1, '2026-01-22 21:42:12', '2026-01-22 21:42:12'),
(1577, 1, 5, 2, 4, 7, 7, 13, 203, 1, 20, 115, 20.00, 0.00, 0.00, 0, 0, 0, 0, 437500.00, 0.00, 0.00, NULL, 2026, 1, 'c7c76c3f40b2375310265bdf08ff4d1b497ddefca114a7975071c358d9402673', 1, '2026-01-22 21:42:12', '2026-01-22 21:42:12'),
(1578, 1, 5, 2, 4, 7, 7, 13, 204, 1, 19, 279, 9.00, 0.00, 0.00, 0, 0, 0, 0, 853125.00, 0.00, 0.00, NULL, 2026, 1, '308c68f207685659b3907bf84023e3d1b96a14972ccf57adc08171367bf787e9', 1, '2026-01-22 21:42:12', '2026-01-22 21:42:12'),
(1579, 1, 5, 2, 4, 7, 7, 13, 205, 1, 17, 69, 50.00, 0.00, 0.00, 0, 0, 0, 0, 259234.00, 0.00, 0.00, NULL, 2026, 1, '55c58ea3b499bf7e32663b7a4c1efb2326208d897373a68e39c405a44e3e17a4', 1, '2026-01-22 21:42:12', '2026-01-22 21:42:12'),
(1580, 1, 5, 2, 4, 7, 7, 13, 206, 1, 12, 192, 15.00, 15.00, 0.00, 4, 11, 15, 15, 87382.50, 87382.50, 1.00, NULL, 2026, 1, '38552f2489f6adaef92b3598b7207076cf8e59f71a890b1dcfc41c00a92218f6', 1, '2026-01-22 21:42:12', '2026-01-22 21:42:12'),
(1581, 1, 5, 2, 4, 7, 7, 13, 207, 1, 15, 171, 20.00, 20.00, 0.00, 8, 12, 20, 20, 89800.00, 81605.00, 0.91, NULL, 2026, 1, '3256961eab1dd67c93e84203fab77d916595760a731732172e676316f9307126', 1, '2026-01-22 21:42:12', '2026-01-22 21:42:12'),
(1582, 1, 5, 2, 4, 7, 7, 13, 208, 1, 15, 74, 53.00, 53.00, 0.00, 44, 9, 53, 53, 84333.00, 78040.00, 0.93, NULL, 2026, 1, 'd0aeac1199ed4a81a6e0ce3e0f9657f173d3b1100fd14f0273019cb04b6e9843', 1, '2026-01-22 21:42:12', '2026-01-22 21:42:12'),
(1583, 1, 5, 2, 4, 7, 7, 13, 209, 1, 11, 44, 16.00, 0.00, 0.00, 0, 0, 0, 0, 388780.00, 0.00, 0.00, NULL, 2026, 1, 'd803d78e68aa3cc4faeaf9cda003e26f11e3cc0263a3d795b611a1755db6eec0', 1, '2026-01-22 21:42:12', '2026-01-22 21:42:12'),
(1584, 1, 5, 2, 4, 7, 7, 13, 210, 1, 11, 132, 45.00, 0.00, 0.00, 0, 0, 0, 0, 247600.00, 0.00, 0.00, NULL, 2026, 1, '2906ae1d3ddb40714cbc60208005c2afc8666a38b6bfe2af788463382f82b19c', 1, '2026-01-22 21:42:12', '2026-01-22 21:42:12'),
(1585, 1, 5, 2, 4, 7, 7, 13, 211, 1, 3, 81, 50.00, 0.00, 0.00, 0, 0, 0, 0, 427258.00, 0.00, 0.00, NULL, 2026, 1, '8dbfdb9555c5ad32176e4bd866d4146e122b9497188b3443b48e7457ff0c9510', 1, '2026-01-22 21:42:12', '2026-01-22 21:42:12'),
(1586, 1, 5, 2, 4, 7, 7, 13, 212, 1, 2, 233, 5.00, 0.00, 0.00, 0, 0, 0, 0, 117325.00, 0.00, 0.00, NULL, 2026, 1, '5ebf98f95399fda3c017375cc447c81a451dace06cedf3bf46a6586551987175', 1, '2026-01-22 21:42:12', '2026-01-22 21:42:12'),
(1587, 1, 5, 2, 4, 7, 7, 13, 213, 1, 14, 50, 18.00, 0.00, 0.00, 0, 0, 0, 0, 1069780.00, 0.00, 0.00, NULL, 2026, 1, '0fc1c5a6fefeff489bd9edc26fbc342b43e99805dc8e2a1c8c171d18d1b59a52', 1, '2026-01-22 21:42:12', '2026-01-22 21:42:12'),
(1588, 1, 5, 2, 4, 7, 7, 13, 214, 1, 14, 50, 20.00, 0.00, 0.00, 0, 0, 0, 0, 1182149.00, 0.00, 0.00, NULL, 2026, 1, '42d36bd4f22253830fb6d283b99f03c584750794ae551ef25e2038d422356421', 1, '2026-01-22 21:42:12', '2026-01-22 21:42:12'),
(1589, 1, 5, 2, 4, 7, 7, 13, 215, 1, 14, 50, 16.00, 0.00, 0.00, 0, 0, 0, 0, 951210.00, 0.00, 0.00, NULL, 2026, 1, '0cd360f7598cf44707c9ccbaa01373e08115870eae121c2608a22e81e6e20735', 1, '2026-01-22 21:42:12', '2026-01-22 21:42:12'),
(1590, 1, 5, 2, 4, 7, 7, 13, 216, 1, 19, 113, 25.00, 0.00, 0.00, 0, 0, 0, 0, 1284524.00, 0.00, 0.00, NULL, 2026, 1, '52ffc65a1f73c8c9161266519d280fa9810184f7bd7dbf009b0b24ee30e775a5', 1, '2026-01-22 21:42:12', '2026-01-22 21:42:12'),
(1591, 1, 5, 2, 4, 7, 7, 13, 217, 1, 19, 113, 25.00, 0.00, 0.00, 0, 0, 0, 0, 899750.00, 0.00, 0.00, NULL, 2026, 1, 'bbe65681a768ec860de173adabd3deaa1553157ee15685d1411f2bb46ff3c37c', 1, '2026-01-22 21:42:12', '2026-01-22 21:42:12'),
(1592, 1, 5, 2, 4, 7, 7, 13, 218, 1, 19, 113, 26.00, 0.00, 0.00, 0, 0, 0, 0, 899750.00, 0.00, 0.00, NULL, 2026, 1, '3f357cd60cdfce3ad3d3e4662b36fa42f3546b8b1688351b7ec43846752faeba', 1, '2026-01-22 21:42:12', '2026-01-22 21:42:12'),
(1593, 1, 5, 2, 4, 7, 7, 13, 219, 1, 19, 113, 25.00, 0.00, 0.00, 0, 0, 0, 0, 899750.00, 0.00, 0.00, NULL, 2026, 1, '616727980c6581f0b3717da8d3d0629a31fcf42dcfa24297c2cabc78fac7cbdc', 1, '2026-01-22 21:42:12', '2026-01-22 21:42:12'),
(1595, 1, 5, 2, 4, 7, 7, 13, 220, 1, 19, 113, 303.00, 0.00, 0.00, 0, 0, 0, 0, 1596799.00, 0.00, 0.00, NULL, 2026, 1, '811c89786d455161e5603285546f988f50734c360a2deb963b040b6057811233', 1, '2026-01-22 21:42:12', '2026-01-22 21:42:12'),
(1596, 1, 5, 2, 4, 7, 7, 13, 221, 1, 19, 113, 40.00, 0.00, 0.00, 0, 0, 0, 0, 889218.00, 0.00, 0.00, NULL, 2026, 1, '6a271499d498de33f58a85e51b5e0ab49f2ba7aad540db2be9fca0bbd4d86b00', 1, '2026-01-22 21:42:12', '2026-01-22 21:42:12'),
(1597, 1, 5, 2, 4, 7, 7, 13, 222, 1, 19, 113, 76.00, 0.00, 0.00, 0, 0, 0, 0, 889218.00, 0.00, 0.00, NULL, 2026, 1, 'f75dba45d832282cb2e77c4b4da16b93da04a8d9c55d3a162daa51803c55e655', 1, '2026-01-22 21:42:12', '2026-01-22 21:42:12'),
(1598, 1, 5, 2, 4, 7, 7, 13, 223, 1, 19, 113, 54.00, 0.00, 0.00, 0, 0, 0, 0, 889218.00, 0.00, 0.00, NULL, 2026, 1, '75f4d7b6c64f431a0df5deaaccea220d3e66343a10b6f2b0c21e5e15989c11a1', 1, '2026-01-22 21:42:12', '2026-01-22 21:42:12'),
(1599, 1, 5, 2, 4, 7, 7, 13, 224, 1, 19, 113, 52.00, 0.00, 0.00, 0, 0, 0, 0, 889218.00, 0.00, 0.00, NULL, 2026, 1, '211e90755b27d1a6d6291fac8c82b75394b75780c1e368629b43be2df5c4a5d1', 1, '2026-01-22 21:42:12', '2026-01-22 21:42:12'),
(1600, 1, 5, 2, 4, 7, 7, 13, 225, 1, 19, 113, 50.00, 0.00, 0.00, 0, 0, 0, 0, 889218.00, 0.00, 0.00, NULL, 2026, 1, '7458d3f6e1008b4276a20c996d1505e562ea3cc9c45c50c6f394bb6b9f999cc0', 1, '2026-01-22 21:42:12', '2026-01-22 21:42:12'),
(1601, 1, 5, 2, 4, 7, 7, 13, 226, 1, 19, 113, 44.00, 0.00, 0.00, 0, 0, 0, 0, 889218.00, 0.00, 0.00, NULL, 2026, 1, '8d1cb435e8bac7f4bb12dcdd6acc5bfbbccfb236b40c03fd9b1d01113a4f262b', 1, '2026-01-22 21:42:12', '2026-01-22 21:42:12'),
(1602, 1, 5, 2, 4, 7, 7, 13, 227, 1, 19, 113, 52.00, 0.00, 0.00, 0, 0, 0, 0, 889218.00, 0.00, 0.00, NULL, 2026, 1, 'bff3ba5c96dddcceee6d928a8a98e4c9c72fcbc1c1c9afebf324b3f8509ef40f', 1, '2026-01-22 21:42:12', '2026-01-22 21:42:12'),
(1603, 1, 5, 2, 4, 7, 7, 13, 228, 1, 19, 279, 15.00, 0.00, 0.00, 0, 0, 0, 0, 853125.00, 0.00, 0.00, NULL, 2026, 1, '6b8be04ab60d8c3ee1a0c2b728dff1bb8fc0bba9f0c55449e58ad51a9200fc4c', 1, '2026-01-22 21:42:12', '2026-01-22 21:42:12'),
(1604, 1, 5, 2, 4, 8, 8, 14, 229, 3, 17, 68, 3710.00, 0.00, 0.00, 0, 0, 0, 0, 19194864.00, 0.00, 0.00, NULL, 2026, 1, 'ff2433a195d239e7e6f5dabe4d82daa062cd746631f571e59a3f6bc681467a90', 1, '2026-01-22 21:42:12', '2026-01-22 21:42:12'),
(1605, 1, 5, 2, 4, 8, 9, 15, 230, 3, 4, 238, 1587.50, 0.00, 0.00, 0, 0, 0, 0, 534963.00, 0.00, 0.00, NULL, 2026, 1, 'b30ee946878395651612807d58a5e0a84783c0c59de68d2c19b40442d3473a35', 1, '2026-01-22 21:42:12', '2026-01-22 21:42:12'),
(1606, 1, 5, 2, 4, 8, 10, 16, 231, 3, 9, 33, 4032.50, 0.00, 0.00, 0, 0, 0, 0, 4281935.00, 0.00, 0.00, NULL, 2026, 1, 'b764fb56d664b5c7a2fc25d26e14e7ba2afff6d74e321c3d87758920ccefe0ed', 1, '2026-01-22 21:42:12', '2026-01-22 21:42:12'),
(1607, 1, 5, 2, 4, 8, 11, 17, 232, 3, 9, 33, 11041.00, 0.00, 0.00, 0, 0, 0, 0, 19010952.00, 0.00, 0.00, NULL, 2026, 1, '1a20a255fcb6d93d061ec7090a1599a41152c7744afcf0e28357d14797b0e9ce', 1, '2026-01-22 21:42:12', '2026-01-22 21:42:12'),
(1608, 1, 5, 2, 4, 8, 12, 18, 233, 3, 9, 32, 1280.00, 0.00, 0.00, 0, 0, 0, 0, 13387724.00, 0.00, 0.00, NULL, 2026, 1, 'a1e51e964f14f6b940dfb8d57ff9c852a465af1b942283c8b556d51289fa69cb', 1, '2026-01-22 21:42:12', '2026-01-22 21:42:12'),
(1609, 1, 5, 2, 4, 8, 13, 19, 234, 3, 9, 33, 83141.00, 16585.00, 0.00, 0, 0, 0, 0, 54054146.00, 6742319.57, 0.12, NULL, 2026, 1, '2be0b378e675cb6b9d8daf08a00ccd6d01396086846a7d786770d91c0c9aae10', 1, '2026-01-22 21:42:12', '2026-01-22 21:42:12'),
(1610, 1, 5, 2, 4, 8, 14, 20, 235, 4, 9, 35, 7166.00, 0.00, 0.00, 0, 0, 0, 0, 13535416.00, 0.00, 0.00, NULL, 2026, 1, '10b35e7e936e8628876a6937b8ff6565f3d462b62ded594047cc41e35c920587', 1, '2026-01-22 21:42:12', '2026-01-22 21:42:12');

-- --------------------------------------------------------

--
-- Estructura de tabla para la tabla `departamentos`
--

CREATE TABLE `departamentos` (
  `id` int NOT NULL,
  `nombre` varchar(100) COLLATE utf8mb4_unicode_ci NOT NULL,
  `codigo` varchar(10) COLLATE utf8mb4_unicode_ci DEFAULT NULL,
  `coordenadas_lat` decimal(10,8) DEFAULT NULL,
  `coordenadas_lng` decimal(11,8) DEFAULT NULL,
  `activo` tinyint(1) DEFAULT '1',
  `created_at` timestamp NULL DEFAULT CURRENT_TIMESTAMP
) ENGINE=InnoDB DEFAULT CHARSET=utf8mb4 COLLATE=utf8mb4_unicode_ci;

--
-- Volcado de datos para la tabla `departamentos`
--

INSERT INTO `departamentos` (`id`, `nombre`, `codigo`, `coordenadas_lat`, `coordenadas_lng`, `activo`, `created_at`) VALUES
(1, 'El Progreso', NULL, NULL, NULL, 1, '2026-01-22 21:42:07'),
(2, 'Sacatepéquez', NULL, NULL, NULL, 1, '2026-01-22 21:42:07'),
(3, 'Chimaltenango', NULL, NULL, NULL, 1, '2026-01-22 21:42:07'),
(4, 'Escuintla', NULL, NULL, NULL, 1, '2026-01-22 21:42:07'),
(5, 'Santa Rosa', NULL, NULL, NULL, 1, '2026-01-22 21:42:07'),
(6, 'Sololá', NULL, NULL, NULL, 1, '2026-01-22 21:42:07'),
(7, 'Quetzaltenango', NULL, NULL, NULL, 1, '2026-01-22 21:42:07'),
(8, 'San Marcos', NULL, NULL, NULL, 1, '2026-01-22 21:42:07'),
(9, 'Huehuetenango', NULL, NULL, NULL, 1, '2026-01-22 21:42:07'),
(10, 'Quiché', NULL, NULL, NULL, 1, '2026-01-22 21:42:07'),
(11, 'Alta Verapaz', NULL, NULL, NULL, 1, '2026-01-22 21:42:07'),
(12, 'Zacapa', NULL, NULL, NULL, 1, '2026-01-22 21:42:07'),
(13, 'Jalapa', NULL, NULL, NULL, 1, '2026-01-22 21:42:07'),
(14, 'Jutiapa', NULL, NULL, NULL, 1, '2026-01-22 21:42:07'),
(15, 'Chiquimula', NULL, NULL, NULL, 1, '2026-01-22 21:42:07'),
(16, 'Totonicapán', NULL, NULL, NULL, 1, '2026-01-22 21:42:07'),
(17, 'Baja Verapaz', NULL, NULL, NULL, 1, '2026-01-22 21:42:07'),
(18, 'Guatemala', NULL, NULL, NULL, 1, '2026-01-22 21:42:08'),
(19, 'Suchitepéquez', NULL, NULL, NULL, 1, '2026-01-22 21:42:08'),
(20, 'Retalhuleu', NULL, NULL, NULL, 1, '2026-01-22 21:42:08'),
(21, 'Petén', NULL, NULL, NULL, 1, '2026-01-22 21:42:08'),
(22, 'Izabal', NULL, NULL, NULL, 1, '2026-01-22 21:42:08');

-- --------------------------------------------------------

--
-- Estructura de tabla para la tabla `dependencias`
--

CREATE TABLE `dependencias` (
  `id` int NOT NULL,
  `unidad_ejecutora_id` int DEFAULT NULL,
  `nombre` varchar(255) COLLATE utf8mb4_unicode_ci NOT NULL,
  `siglas` varchar(50) COLLATE utf8mb4_unicode_ci DEFAULT NULL,
  `activo` tinyint(1) DEFAULT '1',
  `created_at` timestamp NULL DEFAULT CURRENT_TIMESTAMP
) ENGINE=InnoDB DEFAULT CHARSET=utf8mb4 COLLATE=utf8mb4_unicode_ci;

--
-- Volcado de datos para la tabla `dependencias`
--

INSERT INTO `dependencias` (`id`, `unidad_ejecutora_id`, `nombre`, `siglas`, `activo`, `created_at`) VALUES
(1, 1, 'DIRECCIÓN DE DESARROLLO AGRÍCOLA - DDA -', 'DDA', 1, '2026-01-22 21:42:07'),
(2, 1, 'DIRECCIÓN DE RECONVERSIÓN PRODUCTIVA - DIREPRO -', 'DIREPRO', 1, '2026-01-22 21:42:09'),
(3, 1, 'DIRECCIÓN DE DESARROLLO PECUARIO - DDP -', 'DDP', 1, '2026-01-22 21:42:10'),
(4, 1, 'DIRECCIÓN DE FORT PARA LA ORG PRODUCTIVA Y COMERCIALIZACIÓN - DIFOPROCO -', 'DIFOPROCO', 1, '2026-01-22 21:42:12'),
(5, 1, 'DIRECCIÓN DE INFRAESTRUCTURA PRODUCTIVA - DIPRODU -', 'DIPRODU', 1, '2026-01-22 21:42:12');

-- --------------------------------------------------------

--
-- Estructura de tabla para la tabla `importaciones`
--

CREATE TABLE `importaciones` (
  `id` int NOT NULL,
  `nombre_archivo` varchar(255) COLLATE utf8mb4_unicode_ci NOT NULL,
  `registros_totales` int DEFAULT '0',
  `registros_importados` int DEFAULT '0',
  `registros_duplicados` int DEFAULT '0',
  `registros_error` int DEFAULT '0',
  `usuario` varchar(100) COLLATE utf8mb4_unicode_ci DEFAULT NULL,
  `ip_address` varchar(45) COLLATE utf8mb4_unicode_ci DEFAULT NULL,
  `estado` enum('procesando','completado','error') COLLATE utf8mb4_unicode_ci DEFAULT 'procesando',
  `mensaje` text COLLATE utf8mb4_unicode_ci,
  `created_at` timestamp NULL DEFAULT CURRENT_TIMESTAMP,
  `completed_at` timestamp NULL DEFAULT NULL
) ENGINE=InnoDB DEFAULT CHARSET=utf8mb4 COLLATE=utf8mb4_unicode_ci;

--
-- Volcado de datos para la tabla `importaciones`
--

INSERT INTO `importaciones` (`id`, `nombre_archivo`, `registros_totales`, `registros_importados`, `registros_duplicados`, `registros_error`, `usuario`, `ip_address`, `estado`, `mensaje`, `created_at`, `completed_at`) VALUES
(1, 'VIDER 2025-4.xlsx', 1622, 1620, 1, 0, 'admin', '181.174.105.56', 'completado', NULL, '2026-01-22 21:42:03', '2026-01-22 15:42:12');

-- --------------------------------------------------------

--
-- Estructura de tabla para la tabla `intervenciones`
--

CREATE TABLE `intervenciones` (
  `id` int NOT NULL,
  `nombre` varchar(500) COLLATE utf8mb4_unicode_ci NOT NULL,
  `activo` tinyint(1) DEFAULT '1',
  `created_at` timestamp NULL DEFAULT CURRENT_TIMESTAMP
) ENGINE=InnoDB DEFAULT CHARSET=utf8mb4 COLLATE=utf8mb4_unicode_ci;

--
-- Volcado de datos para la tabla `intervenciones`
--

INSERT INTO `intervenciones` (`id`, `nombre`, `activo`, `created_at`) VALUES
(1, 'Producción y entrega de plantas agroforestales en viveros', 1, '2026-01-22 21:42:07'),
(2, 'Adquisición de Pilon de pasto vetiver para conservación de suelos', 1, '2026-01-22 21:42:07'),
(3, 'Asistencia técnica en Cuencas Hidrográficas', 1, '2026-01-22 21:42:07'),
(4, 'Capacitación en Cuencas Hidrograficas', 1, '2026-01-22 21:42:07'),
(5, 'Adquisición de Herramientas Agrícolas para manejo y prácticas de conservación de suelo y agua', 1, '2026-01-22 21:42:07'),
(6, 'Adquisición de materiales e insumos para instalación de modulo de producción de lombriabono', 1, '2026-01-22 21:42:08'),
(7, 'Incentivo al fomento del cultivo de la Pitahaya Roja', 1, '2026-01-22 21:42:08'),
(8, 'Incentivo al Fomento del cultivo del cacao', 1, '2026-01-22 21:42:08'),
(9, 'Incentivo al Fomento del cultivo de Aguacate Variedad Hass', 1, '2026-01-22 21:42:08'),
(10, 'Incentivo al Fomento del Cultivo de Lima Persa', 1, '2026-01-22 21:42:08'),
(11, 'Adquisición de otras maquinarias y equipos', 1, '2026-01-22 21:42:08'),
(12, 'Parcelas de aprendizaje de chile cahabonero', 1, '2026-01-22 21:42:08'),
(13, 'Aporte de semilla certificada de papa para establecer parcelas productivas.', 1, '2026-01-22 21:42:08'),
(14, 'Aporte de semilla de hortalizas en cumplimiento a carpetas judiciales en dos departamentos del pais', 1, '2026-01-22 21:42:08'),
(15, 'Entrega de semilla certificada de maíz híbrido blanco (importado) \n \n Observaciones: El aporte por beneficiario será de 2 sacos de semilla certificada de maiz hibrido de 60,000 semillas cada saco. Valor aproximado del aporte Q.200.00', 1, '2026-01-22 21:42:08'),
(16, 'Entrega de insumos para el fomento de la producción de tomate en macro túneles', 1, '2026-01-22 21:42:08'),
(17, 'Entrega de semilla certificada de maíz híbrido blanco (Biofortificado)', 1, '2026-01-22 21:42:08'),
(18, 'Entrega de semilla certificada de frijol variedad ICTA Patriarca', 1, '2026-01-22 21:42:08'),
(19, 'Capacitaciones en cultivos de hortalizas', 1, '2026-01-22 21:42:08'),
(20, 'Capacitación sobre granos básicos', 1, '2026-01-22 21:42:09'),
(21, 'Entrega de pilones de café para la renovación de plantaciones', 1, '2026-01-22 21:42:09'),
(22, 'Asistencia técnica sobre granos básicos', 1, '2026-01-22 21:42:09'),
(23, 'Asistencia técnica en cultivos de hortalizas', 1, '2026-01-22 21:42:09'),
(24, 'Entrega de Planta de Bambú variedad Dendrocalamus asper', 1, '2026-01-22 21:42:09'),
(25, 'Validación de un cultivar de arroz (membresía FLAR)', 1, '2026-01-22 21:42:09'),
(26, 'Entrega de insumos para el establecimiento de viveros de cardamomo', 1, '2026-01-22 21:42:09'),
(27, 'Entrega de pilones de cardamomo para la renovación de plantaciones', 1, '2026-01-22 21:42:09'),
(28, 'Entrega de cormo de plátano variedad Chifle para asocio de cultivos.', 1, '2026-01-22 21:42:09'),
(29, 'Capacitaciones en Cultivos Agroindustrializables', 1, '2026-01-22 21:42:09'),
(30, 'Asistencia técnica en cultivos frutales', 1, '2026-01-22 21:42:09'),
(31, 'Capacitación en cultivos frutales', 1, '2026-01-22 21:42:09'),
(32, 'Capacitaciones en transformación agroindustrial de frutas', 1, '2026-01-22 21:42:09'),
(33, 'Asistencias Técnicas en Manejo de Cultivos Agroindustrializables', 1, '2026-01-22 21:42:09'),
(34, 'Dotación de bolsas de agua solida', 1, '2026-01-22 21:42:09'),
(35, 'Insumos para producción de pilones de café resistentes a la roya', 1, '2026-01-22 21:42:09'),
(36, 'Dotación de Fertilizante para la Reactivación Económica de la Agricultura Familiar', 1, '2026-01-22 21:42:09'),
(37, 'Fortalecimiento de la Apicultura Familiar en San Antonio Tzejá, Ixcán, Quiché', 1, '2026-01-22 21:42:09'),
(38, 'Fortalecimiento a Productores de Caña Panelera en el Departamento de San Marcos', 1, '2026-01-22 21:42:09'),
(39, 'Fortalecimiento a Productores de Cardamomo en los Departamentos de Izabal y Quiché', 1, '2026-01-22 21:42:09'),
(40, 'Complemento para el Fortalecimiento del Comité Apícola de Mujeres de Barra Sarstún, Livingston, Izabal', 1, '2026-01-22 21:42:09'),
(41, 'Complemento para el Fortalecimiento a Productores de Miel en el Municipio de San Pablo La Laguna, Departamento de Sololá', 1, '2026-01-22 21:42:09'),
(42, 'Fortalecimiento a Caficultores para el Beneficiado Seco y Procesamiento de Café en Xesiguan, Rabinal, Baja Verapaz', 1, '2026-01-22 21:42:09'),
(43, 'Fortalecimiento a Caficultores para el Beneficiado Seco de Café en Casillas, Santa Rosa', 1, '2026-01-22 21:42:09'),
(44, 'Fortalecimiento a Productores de Café de Altura en el Departamento de San Marcos', 1, '2026-01-22 21:42:09'),
(45, 'Complemento para el Fortalecimiento a la Producción de Semilla de Hongo Ostra en el Municipio de San Bartolomé Milpas Altas, Departamento de Sacatepéquez', 1, '2026-01-22 21:42:09'),
(46, 'Tecnificación en la Producción de Pilones Bajo Condiciones Protegidas, para el Departamento de San Marcos', 1, '2026-01-22 21:42:09'),
(47, 'Apoyo a Productores de Flores de Corte y Hortalizas Bajo Condiciones Protegidas en los Departamentos de Sololá y San Marcos', 1, '2026-01-22 21:42:09'),
(48, 'Fortalecimiento al Ecoturismo en Aldea Sarstoon, Municipio de Livingston, Departamento de Izabal', 1, '2026-01-22 21:42:09'),
(49, 'Fortalecimiento al Ecoturismo en la comunidad del Cerro COTZIC, municipio de Ixchiguán, San Marcos', 1, '2026-01-22 21:42:09'),
(50, 'Fortalecimiento al Agroecoturismo de La Catarata La Igualdad, San Pablo San Marcos.', 1, '2026-01-22 21:42:09'),
(51, 'Capacitaciones y Asistencias Técnicas Personal DIREPRO', 1, '2026-01-22 21:42:09'),
(52, 'Seguro Agropecuario para Pequeños Productores', 1, '2026-01-22 21:42:09'),
(53, 'Capacitaciones y Asistencias Técnicas Departamento de Crédito y Seguro Rural', 1, '2026-01-22 21:42:10'),
(54, 'Entrega de componentes para apoyo a la nutrición, producción y salud del ganado bovino', 1, '2026-01-22 21:42:10'),
(55, 'Asistencia Técnica en Buenas Prácticas De Manejo De Alimentación Y Nutrición Animal', 1, '2026-01-22 21:42:10'),
(56, 'Capacitación en Buenas Prácticas De Manejo De Alimentación Y Nutrición Animal', 1, '2026-01-22 21:42:10'),
(57, 'Asistencia Técnica En Buenas Prácticas De Manejo De Instalaciones', 1, '2026-01-22 21:42:11'),
(58, 'Asistencia Técnica En Buenas Prácticas De Manejo De Manufactura', 1, '2026-01-22 21:42:11'),
(59, 'Asistencia Técnica En Buenas Prácticas De Manejo Productivo', 1, '2026-01-22 21:42:11'),
(60, 'Asistencia Técnica En Buenas Prácticas De Manejo Reproductivo', 1, '2026-01-22 21:42:11'),
(61, 'Asistencia Técnica En Economía Campesina', 1, '2026-01-22 21:42:11'),
(62, 'Asistencia Técnica en Innovación Y Transferencia De Tecnología', 1, '2026-01-22 21:42:11'),
(63, 'Asistencia Técnica En Profilaxis, Sanidad Y Casos Clínicos', 1, '2026-01-22 21:42:11'),
(64, 'Capacitación En Profilaxis, Sanidad Y Casos Clínicos', 1, '2026-01-22 21:42:11'),
(65, 'Capacitación en Innovación Y Transferencia De Tecnología', 1, '2026-01-22 21:42:11'),
(66, 'Capacitación En Economía Campesina', 1, '2026-01-22 21:42:11'),
(67, 'Capacitación En Buenas Prácticas De Manejo Reproductivo', 1, '2026-01-22 21:42:11'),
(68, 'Capacitación En Buenas Prácticas De Manejo Productivo', 1, '2026-01-22 21:42:11'),
(69, 'Capacitación En Buenas Prácticas De Manejo De Instalaciones', 1, '2026-01-22 21:42:11'),
(70, 'Capacitación en Buenas Prácticas de Manejo de Manufactura', 1, '2026-01-22 21:42:11'),
(71, 'Asistencia técnica en comercialización', 1, '2026-01-22 21:42:11'),
(72, 'Entrega de Semilla Tipo Brizantha;Toledo para Santa Rosa y Jalapa', 1, '2026-01-22 21:42:11'),
(73, 'Entrega de Semilla; Tipo: Mombaza para Alta Verapaz', 1, '2026-01-22 21:42:11'),
(74, 'Entrega de Bolsas Biológica para manejo de desechos orgánicos bovinos', 1, '2026-01-22 21:42:11'),
(75, 'Entrega de Sales Minerales para apoyo a la nutrición en ganado bovino', 1, '2026-01-22 21:42:11'),
(76, 'Entrega de Componentes para incrementar la disponibilidad de alimento y bajar la mortalidad en avicultura Familiar', 1, '2026-01-22 21:42:11'),
(77, 'Entrega de Componentes para reducir la mortalidad del patrimonio de la avicultura familiar', 1, '2026-01-22 21:42:11'),
(78, 'Entrega de insumos para facilitar la correcta colocación de sarán sobre los estanques acuícolas', 1, '2026-01-22 21:42:11'),
(79, 'Entrega de alimento para tilapia y aereadores para estanques acuícola', 1, '2026-01-22 21:42:12'),
(80, 'Entrega de Materiales para la Fabricación de estanques acuícolas', 1, '2026-01-22 21:42:12'),
(81, 'Entrega de Geomembrana para estanques familiares', 1, '2026-01-22 21:42:12'),
(82, 'Capacitación de trasformación para productos cunícolas', 1, '2026-01-22 21:42:12'),
(83, 'Asistencia Técnica En Diversificación De Especies.', 1, '2026-01-22 21:42:12'),
(84, 'Capacitación En Diversificación De Especies', 1, '2026-01-22 21:42:12'),
(85, 'Entrega de Componentes para diversificar las especies pavos y patos', 1, '2026-01-22 21:42:12'),
(86, 'Entrega de componentes para buenas prácticas de manufactura apícola', 1, '2026-01-22 21:42:12'),
(87, 'Adquisición de ovinos de lana para fortalecer capacitades en la región de occidente', 1, '2026-01-22 21:42:12'),
(88, 'Adquisición De Conejeras y Componentes para la Fabricación De Jaulas', 1, '2026-01-22 21:42:12'),
(89, 'Asistencia técnica agropecuaria', 1, '2026-01-22 21:42:12'),
(90, 'Fortalecimiento organizativo; apoyo jurídico de constitución legal, gestión de la legalización para fortalecer a las organizaciones.', 1, '2026-01-22 21:42:12'),
(91, 'Fortalecimiento de capacidades administrativas/ financieras y gobernanza', 1, '2026-01-22 21:42:12'),
(92, 'Valorización del Papel de la Mujer', 1, '2026-01-22 21:42:12'),
(93, 'Capacitaciones y asistencias técnicas para el fortalecimiento en temas comerciales y optimizar los procesos de acceso a mercado', 1, '2026-01-22 21:42:12'),
(94, 'Capacitación y Asistencia Técnica para la mejora de productividad y calidad', 1, '2026-01-22 21:42:12'),
(95, 'Capacitaciones y asistencias técnicas para optimizar los procesos de almacenamiento y resguardo de cosechas agrícolas, postcosecha y mantener la calidad de la producción', 1, '2026-01-22 21:42:12'),
(96, 'Capacitación en administracion , operación y mantenimiento del sistema de riego, Usumatlan, Zacapa', 1, '2026-01-22 21:42:12'),
(97, 'Capacitación y asistencia técnica en administración, operación y mantenimiento de unidades de riego, San Antonio La Paz, El Progreso', 1, '2026-01-22 21:42:12'),
(98, 'Capacitación y asistencia técnica en administración, operación y mantenimiento de unidades de riego Santo Domingo Suchitepéquez, Suchitepéquez', 1, '2026-01-22 21:42:12'),
(99, 'Capacitación y asistencia técnica en administración, operación y mantenimiento de unidades de riego, Escuintla', 1, '2026-01-22 21:42:12'),
(100, 'Capacitación y asistencia técnica en administración, operación y mantenimiento de unidades de riego, Jacaltenango, Huehuetenango', 1, '2026-01-22 21:42:12'),
(101, 'Capacitación y asistencia técnica en administración, operación y mantenimiento de unidades de riego, Todos Santos, Huehuetenango', 1, '2026-01-22 21:42:12'),
(102, 'Capacitación y asistencia técnica en administración, operación y mantenimiento de unidades de riego, Chiquimula', 1, '2026-01-22 21:42:12'),
(103, 'Capacitación en Administración Operación y Mantenimiento de unidades de Riego en San Agustín Acasaguastlan', 1, '2026-01-22 21:42:12'),
(104, 'Dotación de insumos para la toma artesanal La Puerta de Golpe Vados, aldea Puerta de Golpe, municipio de San Agustín Acasaguastlán, departamento El Progreso', 1, '2026-01-22 21:42:12'),
(105, 'Dotación de insumos para la toma artesanal El Jute Los Vados, aldea Puerta de Golpe, municipio de San Agustín Acasaguastlán, departamento El Progreso', 1, '2026-01-22 21:42:12'),
(106, 'Dotación de insumos para la toma artesanal La Shuca, aldea Pasabien, municipio de Rio Hondo, departamento de Zacapa', 1, '2026-01-22 21:42:12'),
(107, 'Dotación de insumos para la toma artesanal, COCODE. Comunidad de Pachica, municipio de Rabinal, departamento de Baja Verapaz', 1, '2026-01-22 21:42:12'),
(108, 'Dotación de insumos de riego Asociación de Ganaderos de Jalpatagua, municipio de Jalpatagua, departamento de Jutiapa', 1, '2026-01-22 21:42:12'),
(109, 'Dotación de insumos para reservorios de microriego, en parcelamiento Palín, municipio de La Libertad, departamento de Petén', 1, '2026-01-22 21:42:12'),
(110, 'Dotación de insumos de riego al COCODE de la aldea Independencia Chilil, municipio de Sipacapa, departamento de San Marcos', 1, '2026-01-22 21:42:12'),
(111, 'Dotación de insumos para la toma artesanal La Tomita, aldea Pasabien, municipio de Rio Hondo, departamento de Zacapa', 1, '2026-01-22 21:42:12'),
(112, 'Dotación de insumos para el sistema de mini riego Pie de La Cuesta sector uno Los Pinos, aldea Pie de La Cuesta, municipio de Sipacapa, departamento de San Marcos', 1, '2026-01-22 21:42:12'),
(113, 'Dotación de insumos para el sistema de mini riego Pie de La Cuesta sector centro, aldea Pie de La cuesta, municipio de Sipacapa, departamento de San Marcos', 1, '2026-01-22 21:42:12'),
(114, 'Dotación de insumos para el desarrollo de sistemas de riego del COCODE Nueva Venecia, municipio de Santo Domingo Suchitepéquez, departamento de Suchitepéquez', 1, '2026-01-22 21:42:12'),
(115, 'Dotación de insumos de riego a La Sociedad Civil Comunidad Agraria San Roque, municipio de Genova Costa Cuca, departamento de Quetzaltenango', 1, '2026-01-22 21:42:12'),
(116, 'Dotación de insumos de riego para la producción de hortalizas en la aldea Almorzaderos, municipio de San Martin Sacatepequez, departamento de Quetzaltenango', 1, '2026-01-22 21:42:12'),
(117, 'Dotación de insumos de riego a La Sociedad Civil Comunidad Agraria San Benito, municipio de Genova Costa Cuca, departamento de Quetzaltenango', 1, '2026-01-22 21:42:12'),
(118, 'Dotación de insumos para el sistema de riego de la Aldea Ixcantzey, municipio de San Ildefonso Ixtahuacán, departamento de Huehuetenango', 1, '2026-01-22 21:42:12'),
(119, 'Dotación de insumos para el sistema de riego Chipatá, aldea Mejoranas Chipatá, municipio de Santa Apolonia, departamento de Chimaltenango', 1, '2026-01-22 21:42:12'),
(120, 'Dotación de insumos para sistema de riego artesanal Chanrrayo, municipio de San Agustín Acasaguastlán, departamento El Progreso', 1, '2026-01-22 21:42:12'),
(121, 'Dotación de insumos para sistema de riego artesanal Los Vados, municipio de San Agustín Acasaguastlán, departamento El Progreso', 1, '2026-01-22 21:42:12'),
(122, 'Dotación de materiales de construcción para el desarrollo de los sistemas de riego artesanal El Regadío, municipio de Sansare, departamento El Progreso (toma artesanal aldea Rio Grande Abajo)', 1, '2026-01-22 21:42:12'),
(123, 'Dotación de insumos para los sistema de riego artesanal Timiluya, municipio de San Agustín Acasaguastlán, departamento El Progreso', 1, '2026-01-22 21:42:12'),
(124, 'Dotación de insumos para el sistema de riego artesanal y boca toma artesanal El Chilar, municipio de Guastatoya, departamento El Progreso', 1, '2026-01-22 21:42:12'),
(125, 'Dotación de insumos para 10 sistemas de riego por goteo para huertos, en el municipio de San Diego, departamento de Zacapa', 1, '2026-01-22 21:42:12'),
(126, 'Dotación de insumos para sistema de microriego con reservorio de cosecha de agua de lluvia, Asociación Apícola Corazón del Bosque Apicob, municipio de Purulha, departamento de Baja Verapaz', 1, '2026-01-22 21:42:12'),
(127, 'Dotación de insumos para sistemas de riego Llanos de Sansirisay, municipio de Sanarate, departamento El Progreso', 1, '2026-01-22 21:42:12'),
(128, 'Dotación de accesorios de riego, en la comunidad Nuevo Amanecer, municipio de La Libertad, departamento de Petén', 1, '2026-01-22 21:42:12'),
(129, 'Dotación de insumos para el sistema de mini riego Santa Catarina, aldea Taltimiche, municipio de Comitancillo, departamento de San Marcos', 1, '2026-01-22 21:42:12'),
(130, 'Dotación de insumos para la toma artesanal Los Manguitos, aldea Chanrrayo, municipio de San Agustin Acasaguastlán, departamento El Progreso', 1, '2026-01-22 21:42:12'),
(131, 'Dotación de insumos para la toma artesanal Tulumajillo, aldea Tulumajillo, municipio de San Agustín Acasaguastlán, departamento El Progreso', 1, '2026-01-22 21:42:12'),
(132, 'Dotación de insumos para el sistema de riego artesanal Huyus aldea El Manzanal, municipio de San Cristóbal Acasaguastlán, departamento El Progreso', 1, '2026-01-22 21:42:12'),
(133, 'Dotación de insumos para el sistema de riego artesanal San Luis, aldea San Luis Buena Vista, municipio de San Cristóbal Acasaguastlán, departamento El Progreso', 1, '2026-01-22 21:42:12'),
(134, 'Dotación de insumos para el sistema de riego Rio Grande Abajo II Vega de Marín, aldea Rio Grande Abajo, municipio de Sansare, departamento El Progreso', 1, '2026-01-22 21:42:12'),
(135, 'Dotación de reservorios para microriego, en la comunidad Nuevo Amanecer, municipio de La Libertad, departamento de Petén', 1, '2026-01-22 21:42:12'),
(136, 'Dotación de materiales de riego y materiales de macrotuneles para el sistema de riego Lo de Ramírez, aldea Lo de Ramírez municipio de Villa Nueva departamento de Guatemala.', 1, '2026-01-22 21:42:12'),
(137, 'Dotación de accesorios de riego para sistema de riego aldea Shalaguá, municipio de Camotán, departamento de Chiquimula', 1, '2026-01-22 21:42:12'),
(138, 'Dotación de accesorios de riego para habilitar sistema de riego de la Asociación de Desarrollo Integral El Recuerdo Dos, Panzos, Alta Verapaz', 1, '2026-01-22 21:42:12'),
(139, 'Dotación de accesorios de riego para la Asociación de Gestión y Productividad de Ciudad Pedro de Alvarado, municipio de Moyuta, Jutiapa', 1, '2026-01-22 21:42:12'),
(140, 'Dotación de materiales para implementar macro túneles y dotación de tubería y accesorios de riego para el desarrollo de sistemas de irrigación del cultivo de hortalizas tropicalizadas en la comunidad Melchor de Mencos, Petén', 1, '2026-01-22 21:42:12'),
(141, 'Dotación de materiales para implementar macro túneles y dotación de tubería y accesorios de riego para el desarrollo de sistemas de irrigación del cultivo de hortalizas tropicalizadas en la comunidad la técnica en el municipio de las cruces, Petén', 1, '2026-01-22 21:42:12'),
(142, 'Dotación de accesorios de riego, para la construcción de reservorios para microriego, en 6 comunidades del municipio de sayaxche, departamento de Petén', 1, '2026-01-22 21:42:12'),
(143, 'Dotación de accesorios de riego, para la construcción de reservorios para microriego, en la Cooperativa Integral de Comercialización Miel del Bosque, r.l. del municipio de Sayaxché, departamento de Petén', 1, '2026-01-22 21:42:12'),
(144, 'Dotación de accesorios de riego para proyecto de miniriego Asociación Llanos del Pinal, Quetzaltenango, Quetzaltenango', 1, '2026-01-22 21:42:12'),
(145, 'Dotación de accesorios de riego para la Asociación ACODIAZQ Zunil, Quetzaltenango', 1, '2026-01-22 21:42:12'),
(146, 'Dotación de accesorios de riego para el sistema de riego de aldea El Chico, Retalhuleu, Retalhuleu', 1, '2026-01-22 21:42:12'),
(147, 'Dotación de accesorios de riego para el sistema de riego de la línea c-4 SIS Garita Vieja, Centro 2 La Máquina, San Andrés Villa Seca, Retalhuleu', 1, '2026-01-22 21:42:12'),
(148, 'Dotación de accesorios de riego para rehabilitar el sistema de riego de comunidad Línea C-2 Samala, Centro 2 La Máquina, San Andrés Villaseca, Retalhuleu', 1, '2026-01-22 21:42:12'),
(149, 'Dotación de accesorios de riego para el sistema de riego de comunidad Aldea Jesús La Bomba, Retalhuleu, Retalhuleu', 1, '2026-01-22 21:42:12'),
(150, 'Dotación de tubería y accesorios de riego para implementación de sistemas de riego por goteo y microaspersión, para CADER ADIASOJOMA 4 línea B-10 sector SIS, del municipio de San José La Máquina departamento de Suchitepéquez', 1, '2026-01-22 21:42:12'),
(151, 'Dotación de tubería y accesorios de riego para implementación de sistemas de riego por microaspersión, para CADER ADIASOJOMA 5 línea B-18, del municipio de San José La Máquina departamento de Suchitepéquez', 1, '2026-01-22 21:42:12'),
(152, 'DDotación de tubería y accesorios de riego para implementación de sistemas de riego por goteo, para CADER ADIASOJOMA 6 Línea B-10 sector ICAN, del municipio de San José La Máquina departamento de Suchitepéquez', 1, '2026-01-22 21:42:12'),
(153, 'Dotación de tubería y accesorios de riego para implementación de sistemas de riego por goteo, para CADER ADIASOJOMA 7 Línea B-10 sector SIS, del municipio de San José La Máquina departamento de Suchitepéquez', 1, '2026-01-22 21:42:12'),
(154, 'Dotación de tubería y accesorios de riego para implementación de sistemas de riego por goteo, para CADER ADIASOJOMA 8 Línea B-10 sector SIS, del municipio de San José La Máquina departamento de Suchitepéquez', 1, '2026-01-22 21:42:12'),
(155, 'Dotación de accesorios de riego para el desarrollo de sistemas de riego de la Comunidad Agraria Multicultural San Vicente, Champerico, Retalhuleu', 1, '2026-01-22 21:42:12'),
(156, 'Dotación de accesorios de riego para implementación de sistemas de riego por goteo en 14 comunidades de Suchitepéquez', 1, '2026-01-22 21:42:12'),
(157, 'Dotación para rehabilitación de sistema de riego por aspersión en aldea Limones del municipio de Concepción Las Minas, departamento de Chiquimula', 1, '2026-01-22 21:42:12'),
(158, 'Dotación de accesorios de riego para sistema de riego aspersión subarbóreo en cultivos como elotín, plátano, papaya y maíz del Grupo 1 de la Asociación de Productores Agropecuarios La Ilusión “APALI”, municipio Nueva Concepción, Escuintla', 1, '2026-01-22 21:42:12'),
(159, 'Dotación de accesorios de riego para sistema de riego aspersión subarbóreo en cultivos como elotín, plátano, papaya y maíz del Grupo 2 de la Asociación de Productores Agropecuarios La Ilusión “APALI”, municipio Nueva Concepción, Escuintla', 1, '2026-01-22 21:42:12'),
(160, 'Dotación de accesorios de riego para sistema de riego aspersión subarbóreo en cultivos como elotín, plátano, papaya y maíz del Grupo 3 de la Asociación de Productores Agropecuarios La Ilusión “APALI”, municipio Nueva Concepción, Escuintla', 1, '2026-01-22 21:42:12'),
(161, 'Dotación de accesorios de riego, para el sistema de riego aspersión subarbóreo en el cultivo de plátano de los COCODES de El Semillero, Ticanlu y Huitzizil, municipio de Tiquisate, Escuintla', 1, '2026-01-22 21:42:12'),
(162, 'Dotación de materiales de construcción y tubería PVC para el desarrollo de sistemas de riego en la toma artesanal Guayasco II, aldea Guayasco, San Agustín Acasaguastlán, departamento El Progreso', 1, '2026-01-22 21:42:12'),
(163, 'Dotación de materiales de construcción y tubería PVC para el desarrollo de sistemas de riego en la toma artesanal Guayasco I, aldea Guayasco, San Agustín Acasaguastlán, departamento El Progreso', 1, '2026-01-22 21:42:12'),
(164, 'Dotación de materiales de construcción y tubería PVC para el desarrollo de sistemas de riego en la toma artesanal Tinmasha I, aldea Tinmasha, San Agustín Acasaguastlán, departamento El Progreso', 1, '2026-01-22 21:42:12'),
(165, 'Dotación de materiales de construcción y tubería PVC para el desarrollo de sistemas de riego en la toma artesanal Tinmasha II, aldea Tinmasha, San Agustín Acasaguastlán, departamento El Progreso', 1, '2026-01-22 21:42:12'),
(166, 'Dotación de materiales de construcción y tubería PVC para el desarrollo de sistemas de riego en la toma artesanal Ixcanal II, aldea Ixcanal, San Agustín Acasaguastlán, departamento El Progreso', 1, '2026-01-22 21:42:12'),
(167, 'Dotación de materiales de construcción y tubería PVC para el desarrollo de sistemas de riego en la toma artesanal Comajá I, aldea Comajá, San Agustín Acasaguastlán, El Progreso', 1, '2026-01-22 21:42:12'),
(168, 'Dotación de materiales de construcción y tubería PVC para el desarrollo de sistemas de riego en la toma artesanal Comajá II, aldea Comajá, San Agustín Acasaguastlán, El Progreso', 1, '2026-01-22 21:42:12'),
(169, 'Dotación de materiales de construcción y tubería PVC para el desarrollo de sistemas de riego en la toma artesanal Tulumaje II, aldea Tulumaje, San Agustín Acasaguastlán, El Progreso', 1, '2026-01-22 21:42:12'),
(170, 'Dotación de materiales de construcción y tubería PVC para el desarrollo de sistemas de riego en la toma artesanal Tulumaje I, aldea Tulumaje, San Agustín Acasaguastlán, El Progreso', 1, '2026-01-22 21:42:12'),
(171, 'Dotación de materiales de construcción y accesorios de riego para la toma artesanal Ixcanal I, aldea Ixcanal, San Agustín Acasaguastlán, El Progreso', 1, '2026-01-22 21:42:12'),
(172, 'Dotación de materiales de construcción para rehabilitar el sistema de riego por toma artesanal La Guadalupana Aldea Estancia de la Virgen, municipio de San Cristóbal Acasaguastlán, departamento El Progreso', 1, '2026-01-22 21:42:12'),
(173, 'Dotación de materiales de construcción para rehabilitar el sistema de riego por toma artesanal El Zapotal Aldea El Zapotal, municipio de Morazán, departamento El Progreso', 1, '2026-01-22 21:42:12'),
(174, 'Dotación de materiales de construcción para rehabilitar el sistema de riego por toma artesanal Los Achiotes, Aldea San Clemente, municipio de Morazán, departamento El Progreso', 1, '2026-01-22 21:42:12'),
(175, 'Dotación de materiales de construcción y accesorios de riego para sistema de riego Lela Obraje, municipio de Camotán, Chiquimula', 1, '2026-01-22 21:42:12'),
(176, 'Dotación de materiales de construcción y accesorios de riego para sistema de riego Ingenio Guarachique, municipio de Jocotán, Chiquimula', 1, '2026-01-22 21:42:12'),
(177, 'Dotación de materiales de construcción y accesorios de riego para sistema de riego La Ceiba Talquezal, municipio de Jocotán, Chiquimula', 1, '2026-01-22 21:42:12'),
(178, 'Dotación de materiales de construcción y tubería PVC para el desarrollo de los sistemas de riego por toma artesanal La Presa, municipio de Guastatoya, departamento El Progreso', 1, '2026-01-22 21:42:12'),
(179, 'Dotación de accesorios de riego y materiales de construcción, para el sistema de riego Marajuma del departamento El Progreso', 1, '2026-01-22 21:42:12'),
(180, 'Dotación de materiales de construcción para el desarrollo de los sistemas de riego por toma artesanal Las Ovejas, municipio de El Jícaro, departamento El Progreso', 1, '2026-01-22 21:42:12'),
(181, 'Dotación de materiales de construcción para el desarrollo de los sistemas de riego por toma artesanal Agua Caliente, municipio de El Jícaro, departamento El Progreso', 1, '2026-01-22 21:42:12'),
(182, 'Dotación de accesorios de riego y contratación de servicio de horas máquina para implementación de reservorio de agua de lluvia para riego para Grupo Nuevo Sembrador aldea Nimasac, municipio de Totonicapán, Totonicapán', 1, '2026-01-22 21:42:12'),
(183, 'Dotación de materiales de construcción para rehabilitar el sistema de riego artesanal aldea Gallegos municipio de Morazán departamento El Progreso', 1, '2026-01-22 21:42:12'),
(184, 'Dotación de accesorios de riego para proyecto de riego Cheninhuitz Todos Santos Cuchumatán, Huehuetenango', 1, '2026-01-22 21:42:12'),
(185, 'Dotación de accesorios de riego para rehabilitar el sistema de riego por gravedad aspersión para la producción de papa, caserío Tzequel, San Juan Ixcoy, Huehuetenango', 1, '2026-01-22 21:42:12'),
(186, 'Dotación de materiales de construcción para el revestimiento del sistema de riego artesanal de Cuesta Chiquita, municipio de Aguacatán, departamento de Huehuetenango', 1, '2026-01-22 21:42:12'),
(187, 'Dotación de insumos al sistema de riego Comunidad Mangales, municipio de Mazatenango, departamento de Suchitepéquez', 1, '2026-01-22 21:42:12'),
(188, 'Dotación de insumos al sistema de riego Comunidad La Vega, municipio de Mazatenango, departamento de Suchitepéquez', 1, '2026-01-22 21:42:12'),
(189, 'Dotación de insumos al sistema de riego Comunidad Monte Carlo, municipio de Mazatenango, departamento de Suchitepéquez', 1, '2026-01-22 21:42:12'),
(190, 'Dotación de insumos al sistema de riego Comunidad Churirin, municipio de Mazatenango, departamento de Suchitepéquez', 1, '2026-01-22 21:42:12'),
(191, 'Dotación de insumos al sistema de riego Comunidad San Marcos Niza, municipio de Mazatenango, departamento de Suchitepéquez', 1, '2026-01-22 21:42:12'),
(192, 'Dotación de insumos al sistema de riego Comunidad San Francisco Los Encuentros, municipio de Mazatenango, departamento de Suchitepéquez', 1, '2026-01-22 21:42:12'),
(193, 'Dotación de accesorios de riego para el sistema de riego de Comunidad San Marcos Monte-Limar, municipio de Retalhuleu, departamento de Retalhuleu', 1, '2026-01-22 21:42:12'),
(194, 'Dotación de accesorios de riego para el sistema de riego de Comunidad San Juan el Húmedo, municipio de Retalhuleu, departamento de Retalhuleu', 1, '2026-01-22 21:42:12'),
(195, 'Dotación de accesorios de riego para el sistema de riego de Comunidad sector La Montaña, Caballo Blanco, municipio de Retalhuleu, departamento de Retalhuleu', 1, '2026-01-22 21:42:12'),
(196, 'Dotación de accesorios de riego para el sistema de riego de Comunidad sector La Presa, Parcelamiento Santa Fe, municipio de Retalhuleu, departamento de Retalhuleu', 1, '2026-01-22 21:42:12'),
(197, 'Dotación de accesorios de riego para el sistema de riego de la LíneaC-10 Samalá, Centro 2 La Máquina, municipio de San Andrés Villa Seca, departamento de Retalhuleu', 1, '2026-01-22 21:42:12'),
(198, 'Dotación de accesorios de riego para el sistema de riego del Polígono 7 C-8 Samalá, Samalá Centro 2 La Máquina, municipio de San Andrés Villa Seca, departamento de Retalhuleu', 1, '2026-01-22 21:42:12'),
(199, 'Dotación de accesorios de riego para el sistema de riego de la Comunidad Bonanza, Centro 2 La Máquina, municipio de San Andrés Villa Seca, departamento de Retalhuleu', 1, '2026-01-22 21:42:12'),
(200, 'Dotación de accesorios de riego para el sistema de riego de Comunidad Aldea La Lolita, municipio de Santa Cruz Muluá, departamento de Retalhuleu', 1, '2026-01-22 21:42:12'),
(201, 'Dotación de accesorios de riego para el sistema de riego de Comunidad Cantón San Antonio El Mangal, municipio de Santa Cruz Muluá, departamento de Retalhuleu', 1, '2026-01-22 21:42:12'),
(202, 'Dotación de accesorios de riego para el sistema de riego de Comunidad San Juan Acapán, municipio de Champerico, departamento de Retalhuleu', 1, '2026-01-22 21:42:12'),
(203, 'Dotación de accesorios de riego para el sistema de riego de la Línea C-12 SIS, Centro 2 La Máquina, municipio de San Andrés Villa Seca, departamento de Retalhuleu', 1, '2026-01-22 21:42:12'),
(204, 'Dotación de tubos y accesorios de riego para implementar sistemas de riego por goteo y microaspersión Asociación para el Desarrollo Integral Agricultores San José La Máquina -ADIASOJOMA-, municipio San José La Máquina departamento de Suchitepéquez', 1, '2026-01-22 21:42:12'),
(205, 'Dotación de accesorios de riego, para la construcción de reservorios para captación de agua, comunidad de Xesiguán, en el municipio de Rabinal, departamento de Baja Verapaz', 1, '2026-01-22 21:42:12'),
(206, 'Dotación de insumos para la toma artesanal San Ignacio, en la comunidad El Jute, municipio de Usumatlán, departamento de Zacapa', 1, '2026-01-22 21:42:12'),
(207, 'Dotación de insumos al sistema de riego de aldea El Carrizal, municipio de San Juan Ermita, departamento de Chiquimula', 1, '2026-01-22 21:42:12'),
(208, 'Dotación de insumos al sistema de riego por aspersión Zarsal, aldea Shupa, municipio de Camotán, departamento de Chiquimula', 1, '2026-01-22 21:42:12'),
(209, 'Dotación de insumos para el sistema de riego por goteo para Asociación de Pequeños Agricultores -ASODEPA-, municipio de San Cristóbal Verapaz, departamento de Alta Verapaz', 1, '2026-01-22 21:42:12'),
(210, 'Dotación al sistema de captación de agua de lluvia para riego, CADER AJ AWINEL Q’AP SOSELHA CHIMOX municipio de San Pedro Carchá, departamento de Alta Verapaz', 1, '2026-01-22 21:42:12'),
(211, 'Dotación de insumos para el sistema de riego de la Asociación Estancia de la Virgen, municipio de San Martín Jilotepeque, departamento de Chimaltenango', 1, '2026-01-22 21:42:12'),
(212, 'Dotación de insumos para el sistema de riego por goteo en la aldea Santa María Cauqué, municipio de Santiago Sacatepéquez, departamento de Sacatepéquez', 1, '2026-01-22 21:42:12'),
(213, 'Dotación de insumos para pozo mecánico Oriente Proyecto de Riego, de la Asociación de Agricultores para el Desarrollo Integral de la Laguna de Retana, municipio de El Progreso, departamento de Jutiapa', 1, '2026-01-22 21:42:12'),
(214, 'Dotación de insumos para Proyecto de Riego Consejo Comunitario de Desarrollo Zona Oriente Laguna de Retana municipio de El Progreso, departamento de Jutiapa', 1, '2026-01-22 21:42:12'),
(215, 'Dotación de insumos para proyecto de riego, Consejo Comunitario de Desarrollo zona sur Laguna de Retana, municipio de El Progreso, departamento de Jutiapa', 1, '2026-01-22 21:42:12'),
(216, 'Dotación de accesorios de riego para implementación de sistemas de riego microaspersión de la Asociación de Desarrollo Integral Mingueña –ASODIMI-, del municipio de Santo Domingo, del departamento de Suchitepéquez', 1, '2026-01-22 21:42:12'),
(217, 'Dotación de insumos de riego al sistema de riego CADER aldea El Jardín, municipio de Santo Domingo, departamento de Suchitepéquez', 1, '2026-01-22 21:42:12'),
(218, 'Dotación de insumos de riego al sistema de riego COCODE aldea Los Tiestos, municipio de Santo Domingo, departamento de Suchitepéquez', 1, '2026-01-22 21:42:12'),
(219, 'Dotación de insumos de riego al sistema de riego COCODE aldea El Martillo, municipio de Santo Domingo, departamento de Suchitepéquez', 1, '2026-01-22 21:42:12'),
(220, 'Dotación de tubería y accesorios para implementación de sistemas de riego por goteo y microaspersión de la Asociación de Desarrollo Integral Agroindustrial de la Costa Sur ASDECOSUR del municipio de Santo Domingo, departamento de Suchitepéquez', 1, '2026-01-22 21:42:12'),
(221, 'Dotación de insumos de riego al sistema de riego COCODE aldea Willi Good, municipio de Santo Domingo, departamento de Suchitepéquez', 1, '2026-01-22 21:42:12'),
(222, 'Dotación de insumos de riego al sistema de riego COCODE aldea Bolivia, municipio de Santo Domingo, departamento de Suchitepéquez', 1, '2026-01-22 21:42:12'),
(223, 'Dotación de insumos de riego al sistema de riego COCODE aldea La Lupita, municipio de Santo Domingo, departamento de Suchitepéquez', 1, '2026-01-22 21:42:12'),
(224, 'Dotación de insumos de riego al sistema de riego COCODE aldea Santa Rita, municipio de Santo Domingo, departamento de Suchitepéquez', 1, '2026-01-22 21:42:12'),
(225, 'Dotación de insumos de riego al sistema de riego COCODE aldea Conrrado de la Cruz, municipio de Santo Domingo, departamento de Suchitepéquez', 1, '2026-01-22 21:42:12'),
(226, 'Dotación de insumos de riego al sistema de riego COCODE aldea Monte Gloria, municipio de Santo Domingo, departamento de Suchitepéquez', 1, '2026-01-22 21:42:12'),
(227, 'Dotación de insumos de riego al sistema de riego COCODE aldea San Mauricio, municipio de Santo Domingo, departamento de Suchitepéquez', 1, '2026-01-22 21:42:12'),
(228, 'Dotación de insumos de riego para implementación de sistemas de riego, para CADER ADIASOJOMA 6 línea B-10 sector Ican, municipio de San José La Máquina, departamento de Suchitepéquez', 1, '2026-01-22 21:42:12'),
(229, 'CONSTRUCCIÓN SISTEMA DE RIEGO UNIDAD DE RIEGO PAJALES, ALDEA LOS PAJALES, MUNICIPIO DE CUBULCO, DEPARTAMENTO DE BAJA VERAPAZ.', 1, '2026-01-22 21:42:12'),
(230, 'CONSTRUCCION SISTEMA DE RIEGO UNIDAD DE RIEGO GRAVEDAD ASPERSIÓN SEMI FIJO, FINCA LA BENDICION GUANAGAZAPA, ESCUINTLA', 1, '2026-01-22 21:42:12'),
(231, 'CONSTRUCCION SISTEMA DE RIEGO UNIDAD DE RIEGO RIO JORDAN NENTON, HUEHUETENANGO', 1, '2026-01-22 21:42:12'),
(232, 'CONSTRUCCION SISTEMA DE RIEGO UNIDAD DE RIEGO LA UNIÓN NENTON, HUEHUETENANGO', 1, '2026-01-22 21:42:12'),
(233, 'CONSTRUCCION SISTEMA DE RIEGO UNIDAD DE RIEGO ALDEA XEPÓN GRANDE MALACATANCITO, HUEHUETENANGO', 1, '2026-01-22 21:42:12'),
(234, 'Construcción sistema de riego unidad de riego La Franja municipio de Jacaltenango departamento de Huehuetenango', 1, '2026-01-22 21:42:12'),
(235, 'CONSTRUCCION CENTRO DE ACOPIO ALDEA CHEMAL TODOS SANTOS CUCHUMATAN, HUEHUETENANGO', 1, '2026-01-22 21:42:12');

-- --------------------------------------------------------

--
-- Estructura de tabla para la tabla `medidas`
--

CREATE TABLE `medidas` (
  `id` int NOT NULL,
  `nombre` varchar(100) COLLATE utf8mb4_unicode_ci NOT NULL,
  `activo` tinyint(1) DEFAULT '1',
  `created_at` timestamp NULL DEFAULT CURRENT_TIMESTAMP
) ENGINE=InnoDB DEFAULT CHARSET=utf8mb4 COLLATE=utf8mb4_unicode_ci;

--
-- Volcado de datos para la tabla `medidas`
--

INSERT INTO `medidas` (`id`, `nombre`, `activo`, `created_at`) VALUES
(1, 'Persona', 1, '2026-01-22 21:42:07'),
(2, 'Hectárea', 1, '2026-01-22 21:42:08'),
(3, 'Metro', 1, '2026-01-22 21:42:12'),
(4, 'Metro cuadrado', 1, '2026-01-22 21:42:12');

-- --------------------------------------------------------

--
-- Estructura de tabla para la tabla `municipios`
--

CREATE TABLE `municipios` (
  `id` int NOT NULL,
  `departamento_id` int NOT NULL,
  `nombre` varchar(150) COLLATE utf8mb4_unicode_ci NOT NULL,
  `codigo` varchar(10) COLLATE utf8mb4_unicode_ci DEFAULT NULL,
  `coordenadas_lat` decimal(10,8) DEFAULT NULL,
  `coordenadas_lng` decimal(11,8) DEFAULT NULL,
  `activo` tinyint(1) DEFAULT '1',
  `created_at` timestamp NULL DEFAULT CURRENT_TIMESTAMP
) ENGINE=InnoDB DEFAULT CHARSET=utf8mb4 COLLATE=utf8mb4_unicode_ci;

--
-- Volcado de datos para la tabla `municipios`
--

INSERT INTO `municipios` (`id`, `departamento_id`, `nombre`, `codigo`, `coordenadas_lat`, `coordenadas_lng`, `activo`, `created_at`) VALUES
(1, 1, 'El Jícaro', NULL, NULL, NULL, 1, '2026-01-22 21:42:07'),
(2, 2, 'San Antonio Aguas Calientes', NULL, NULL, NULL, 1, '2026-01-22 21:42:07'),
(3, 3, 'Chimaltenango', NULL, NULL, NULL, 1, '2026-01-22 21:42:07'),
(4, 3, 'San Juan Comalapa', NULL, NULL, NULL, 1, '2026-01-22 21:42:07'),
(5, 3, 'Santa Apolonia', NULL, NULL, NULL, 1, '2026-01-22 21:42:07'),
(6, 3, 'Tecpán Guatemala', NULL, NULL, NULL, 1, '2026-01-22 21:42:07'),
(7, 3, 'Patzún', NULL, NULL, NULL, 1, '2026-01-22 21:42:07'),
(8, 3, 'Patzicía', NULL, NULL, NULL, 1, '2026-01-22 21:42:07'),
(9, 3, 'Acatenango', NULL, NULL, NULL, 1, '2026-01-22 21:42:07'),
(10, 3, 'Zaragoza', NULL, NULL, NULL, 1, '2026-01-22 21:42:07'),
(11, 4, 'Masagua', NULL, NULL, NULL, 1, '2026-01-22 21:42:07'),
(12, 5, 'Santa Rosa de Lima', NULL, NULL, NULL, 1, '2026-01-22 21:42:07'),
(13, 5, 'San Rafael las Flores', NULL, NULL, NULL, 1, '2026-01-22 21:42:07'),
(14, 5, 'Nueva Santa Rosa', NULL, NULL, NULL, 1, '2026-01-22 21:42:07'),
(15, 6, 'Sololá', NULL, NULL, NULL, 1, '2026-01-22 21:42:07'),
(16, 6, 'San José Chacayá', NULL, NULL, NULL, 1, '2026-01-22 21:42:07'),
(17, 6, 'Santa Lucía Utatlán', NULL, NULL, NULL, 1, '2026-01-22 21:42:07'),
(18, 6, 'Concepción', NULL, NULL, NULL, 1, '2026-01-22 21:42:07'),
(19, 6, 'Panajachel', NULL, NULL, NULL, 1, '2026-01-22 21:42:07'),
(20, 6, 'San Andrés Semetabaj', NULL, NULL, NULL, 1, '2026-01-22 21:42:07'),
(21, 7, 'Olintepeque', NULL, NULL, NULL, 1, '2026-01-22 21:42:07'),
(22, 7, 'Concepción Chiquirichapa', NULL, NULL, NULL, 1, '2026-01-22 21:42:07'),
(23, 7, 'Cantel', NULL, NULL, NULL, 1, '2026-01-22 21:42:07'),
(24, 8, 'Sibinal', NULL, NULL, NULL, 1, '2026-01-22 21:42:07'),
(25, 8, 'Tajumulco', NULL, NULL, NULL, 1, '2026-01-22 21:42:07'),
(26, 8, 'San Rafael Pié de la Cuesta', NULL, NULL, NULL, 1, '2026-01-22 21:42:07'),
(27, 8, 'Malacatán', NULL, NULL, NULL, 1, '2026-01-22 21:42:07'),
(28, 8, 'San Pablo', NULL, NULL, NULL, 1, '2026-01-22 21:42:07'),
(29, 8, 'Ixchiguán', NULL, NULL, NULL, 1, '2026-01-22 21:42:07'),
(30, 8, 'San José Ojetenam', NULL, NULL, NULL, 1, '2026-01-22 21:42:07'),
(31, 9, 'Chiantla', NULL, NULL, NULL, 1, '2026-01-22 21:42:07'),
(32, 9, 'Malacatancito', NULL, NULL, NULL, 1, '2026-01-22 21:42:07'),
(33, 9, 'Nentón', NULL, NULL, NULL, 1, '2026-01-22 21:42:07'),
(34, 9, 'Jacaltenango', NULL, NULL, NULL, 1, '2026-01-22 21:42:07'),
(35, 9, 'Todos Santos Cuchumatán', NULL, NULL, NULL, 1, '2026-01-22 21:42:07'),
(36, 9, 'Santa Eulalia', NULL, NULL, NULL, 1, '2026-01-22 21:42:07'),
(37, 9, 'San Mateo Ixtatán', NULL, NULL, NULL, 1, '2026-01-22 21:42:07'),
(38, 9, 'Concepción Huista', NULL, NULL, NULL, 1, '2026-01-22 21:42:07'),
(39, 10, 'Zacualpa', NULL, NULL, NULL, 1, '2026-01-22 21:42:07'),
(40, 10, 'Patzité', NULL, NULL, NULL, 1, '2026-01-22 21:42:07'),
(41, 10, 'Cunén', NULL, NULL, NULL, 1, '2026-01-22 21:42:07'),
(42, 10, 'Uspantán', NULL, NULL, NULL, 1, '2026-01-22 21:42:07'),
(43, 10, 'Sacapulas', NULL, NULL, NULL, 1, '2026-01-22 21:42:07'),
(44, 11, 'San Cristóbal Verapaz', NULL, NULL, NULL, 1, '2026-01-22 21:42:07'),
(45, 1, 'Guastatoya', NULL, NULL, NULL, 1, '2026-01-22 21:42:07'),
(46, 12, 'Zacapa', NULL, NULL, NULL, 1, '2026-01-22 21:42:07'),
(47, 13, 'Jalapa', NULL, NULL, NULL, 1, '2026-01-22 21:42:07'),
(48, 14, 'Jutiapa', NULL, NULL, NULL, 1, '2026-01-22 21:42:07'),
(49, 15, 'Chiquimula', NULL, NULL, NULL, 1, '2026-01-22 21:42:07'),
(50, 14, 'El Progreso', NULL, NULL, NULL, 1, '2026-01-22 21:42:07'),
(51, 5, 'Casillas', NULL, NULL, NULL, 1, '2026-01-22 21:42:07'),
(52, 9, 'Santa Bárbara', NULL, NULL, NULL, 1, '2026-01-22 21:42:07'),
(53, 13, 'Monjas', NULL, NULL, NULL, 1, '2026-01-22 21:42:07'),
(54, 1, 'Morazán', NULL, NULL, NULL, 1, '2026-01-22 21:42:07'),
(55, 1, 'San Agustín Acasaguastlán', NULL, NULL, NULL, 1, '2026-01-22 21:42:07'),
(56, 1, 'San Cristóbal Acasaguastlán', NULL, NULL, NULL, 1, '2026-01-22 21:42:07'),
(57, 1, 'Sansare', NULL, NULL, NULL, 1, '2026-01-22 21:42:07'),
(58, 2, 'Pastores', NULL, NULL, NULL, 1, '2026-01-22 21:42:07'),
(59, 16, 'Totonicapán', NULL, NULL, NULL, 1, '2026-01-22 21:42:07'),
(60, 7, 'Génova', NULL, NULL, NULL, 1, '2026-01-22 21:42:07'),
(61, 7, 'Quetzaltenango', NULL, NULL, NULL, 1, '2026-01-22 21:42:07'),
(62, 7, 'Zunil', NULL, NULL, NULL, 1, '2026-01-22 21:42:07'),
(63, 8, 'Comitancillo', NULL, NULL, NULL, 1, '2026-01-22 21:42:07'),
(64, 8, 'Sipacapa', NULL, NULL, NULL, 1, '2026-01-22 21:42:07'),
(65, 9, 'Huehuetenango', NULL, NULL, NULL, 1, '2026-01-22 21:42:07'),
(66, 9, 'San Juan Ixcoy', NULL, NULL, NULL, 1, '2026-01-22 21:42:07'),
(67, 9, 'Aguacatán', NULL, NULL, NULL, 1, '2026-01-22 21:42:07'),
(68, 17, 'Cubulco', NULL, NULL, NULL, 1, '2026-01-22 21:42:07'),
(69, 17, 'Rabinal', NULL, NULL, NULL, 1, '2026-01-22 21:42:07'),
(70, 17, 'Purulhá', NULL, NULL, NULL, 1, '2026-01-22 21:42:07'),
(71, 12, 'Río Hondo', NULL, NULL, NULL, 1, '2026-01-22 21:42:07'),
(72, 12, 'San Diego', NULL, NULL, NULL, 1, '2026-01-22 21:42:07'),
(73, 15, 'Jocotán', NULL, NULL, NULL, 1, '2026-01-22 21:42:07'),
(74, 15, 'Camotán', NULL, NULL, NULL, 1, '2026-01-22 21:42:07'),
(75, 10, 'San Juan Cotzal', NULL, NULL, NULL, 1, '2026-01-22 21:42:07'),
(76, 18, 'Villa Canales', NULL, NULL, NULL, 1, '2026-01-22 21:42:08'),
(77, 2, 'Santa Lucía Milpas Altas', NULL, NULL, NULL, 1, '2026-01-22 21:42:08'),
(78, 2, 'Ciudad Vieja', NULL, NULL, NULL, 1, '2026-01-22 21:42:08'),
(79, 2, 'San Miguel Dueñas', NULL, NULL, NULL, 1, '2026-01-22 21:42:08'),
(80, 3, 'San José Poaquil', NULL, NULL, NULL, 1, '2026-01-22 21:42:08'),
(81, 3, 'San Martín Jilotepeque', NULL, NULL, NULL, 1, '2026-01-22 21:42:08'),
(82, 3, 'Parramos', NULL, NULL, NULL, 1, '2026-01-22 21:42:08'),
(83, 6, 'San Lucas Tolimán', NULL, NULL, NULL, 1, '2026-01-22 21:42:08'),
(84, 6, 'Santiago Atitlán', NULL, NULL, NULL, 1, '2026-01-22 21:42:08'),
(85, 7, 'Colomba', NULL, NULL, NULL, 1, '2026-01-22 21:42:08'),
(86, 7, 'El Palmar', NULL, NULL, NULL, 1, '2026-01-22 21:42:08'),
(87, 19, 'San Miguel Panán', NULL, NULL, NULL, 1, '2026-01-22 21:42:08'),
(88, 19, 'Pueblo Nuevo', NULL, NULL, NULL, 1, '2026-01-22 21:42:08'),
(89, 20, 'Nuevo San Carlos', NULL, NULL, NULL, 1, '2026-01-22 21:42:08'),
(90, 20, 'El Asintal', NULL, NULL, NULL, 1, '2026-01-22 21:42:08'),
(91, 8, 'El Rodeo', NULL, NULL, NULL, 1, '2026-01-22 21:42:08'),
(92, 8, 'El Tumbador', NULL, NULL, NULL, 1, '2026-01-22 21:42:08'),
(93, 8, 'Nuevo Progreso', NULL, NULL, NULL, 1, '2026-01-22 21:42:08'),
(94, 10, 'Ixcán', NULL, NULL, NULL, 1, '2026-01-22 21:42:08'),
(95, 21, 'San Francisco', NULL, NULL, NULL, 1, '2026-01-22 21:42:08'),
(96, 21, 'San Luis', NULL, NULL, NULL, 1, '2026-01-22 21:42:08'),
(97, 21, 'Santa Ana', NULL, NULL, NULL, 1, '2026-01-22 21:42:08'),
(98, 22, 'Livingston', NULL, NULL, NULL, 1, '2026-01-22 21:42:08'),
(99, 3, 'San Andrés Itzapa', NULL, NULL, NULL, 1, '2026-01-22 21:42:08'),
(100, 8, 'San Antonio Sacatepéquez', NULL, NULL, NULL, 1, '2026-01-22 21:42:08'),
(101, 8, 'San Miguel Ixtahuacán', NULL, NULL, NULL, 1, '2026-01-22 21:42:08'),
(102, 8, 'Tejutla', NULL, NULL, NULL, 1, '2026-01-22 21:42:08'),
(103, 8, 'San Cristóbal Cucho', NULL, NULL, NULL, 1, '2026-01-22 21:42:08'),
(104, 9, 'La Libertad', NULL, NULL, NULL, 1, '2026-01-22 21:42:08'),
(105, 10, 'Chajul', NULL, NULL, NULL, 1, '2026-01-22 21:42:08'),
(106, 10, 'San Antonio Ilotenango', NULL, NULL, NULL, 1, '2026-01-22 21:42:08'),
(107, 10, 'Joyabaj', NULL, NULL, NULL, 1, '2026-01-22 21:42:08'),
(108, 11, 'Santa Cruz Verapaz', NULL, NULL, NULL, 1, '2026-01-22 21:42:08'),
(109, 14, 'Quesada', NULL, NULL, NULL, 1, '2026-01-22 21:42:08'),
(110, 18, 'Villa Nueva', NULL, NULL, NULL, 1, '2026-01-22 21:42:08'),
(111, 4, 'Nueva Concepción', NULL, NULL, NULL, 1, '2026-01-22 21:42:08'),
(112, 7, 'Coatepeque', NULL, NULL, NULL, 1, '2026-01-22 21:42:08'),
(113, 19, 'Santo Domingo Suchitepéquez', NULL, NULL, NULL, 1, '2026-01-22 21:42:08'),
(114, 20, 'Retalhuleu', NULL, NULL, NULL, 1, '2026-01-22 21:42:08'),
(115, 20, 'San Andrés Villa Seca', NULL, NULL, NULL, 1, '2026-01-22 21:42:08'),
(116, 20, 'Champerico', NULL, NULL, NULL, 1, '2026-01-22 21:42:08'),
(117, 8, 'Catarina', NULL, NULL, NULL, 1, '2026-01-22 21:42:08'),
(118, 8, 'Pajapita', NULL, NULL, NULL, 1, '2026-01-22 21:42:08'),
(119, 21, 'Las Cruces', NULL, NULL, NULL, 1, '2026-01-22 21:42:08'),
(120, 21, 'El Chal', NULL, NULL, NULL, 1, '2026-01-22 21:42:08'),
(121, 22, 'Puerto Barrios', NULL, NULL, NULL, 1, '2026-01-22 21:42:08'),
(122, 22, 'Morales', NULL, NULL, NULL, 1, '2026-01-22 21:42:08'),
(123, 12, 'Estanzuela', NULL, NULL, NULL, 1, '2026-01-22 21:42:08'),
(124, 12, 'Cabañas', NULL, NULL, NULL, 1, '2026-01-22 21:42:08'),
(125, 12, 'La Unión', NULL, NULL, NULL, 1, '2026-01-22 21:42:08'),
(126, 12, 'Huité', NULL, NULL, NULL, 1, '2026-01-22 21:42:08'),
(127, 12, 'San Jorge', NULL, NULL, NULL, 1, '2026-01-22 21:42:08'),
(128, 11, 'Cobán', NULL, NULL, NULL, 1, '2026-01-22 21:42:08'),
(129, 11, 'Tamahú', NULL, NULL, NULL, 1, '2026-01-22 21:42:08'),
(130, 11, 'Tucurú', NULL, NULL, NULL, 1, '2026-01-22 21:42:08'),
(131, 11, 'Panzós', NULL, NULL, NULL, 1, '2026-01-22 21:42:08'),
(132, 11, 'San Pedro Carchá', NULL, NULL, NULL, 1, '2026-01-22 21:42:08'),
(133, 11, 'Lanquín', NULL, NULL, NULL, 1, '2026-01-22 21:42:08'),
(134, 11, 'Cahabón', NULL, NULL, NULL, 1, '2026-01-22 21:42:08'),
(135, 11, 'Chisec', NULL, NULL, NULL, 1, '2026-01-22 21:42:08'),
(136, 11, 'Chahal', NULL, NULL, NULL, 1, '2026-01-22 21:42:08'),
(137, 11, 'Fray Bartolomé de las Casas', NULL, NULL, NULL, 1, '2026-01-22 21:42:08'),
(138, 11, 'Santa Catalina la Tinta', NULL, NULL, NULL, 1, '2026-01-22 21:42:08'),
(139, 11, 'Raxruhá', NULL, NULL, NULL, 1, '2026-01-22 21:42:08'),
(140, 3, 'Santa Cruz Balanyá', NULL, NULL, NULL, 1, '2026-01-22 21:42:08'),
(141, 16, 'San Cristóbal Totonicapán', NULL, NULL, NULL, 1, '2026-01-22 21:42:08'),
(142, 16, 'San Francisco el Alto', NULL, NULL, NULL, 1, '2026-01-22 21:42:08'),
(143, 16, 'Momostenango', NULL, NULL, NULL, 1, '2026-01-22 21:42:08'),
(144, 16, 'Santa María Chiquimula', NULL, NULL, NULL, 1, '2026-01-22 21:42:08'),
(145, 16, 'San Bartolo Aguas Calientes', NULL, NULL, NULL, 1, '2026-01-22 21:42:08'),
(146, 7, 'Sibilia', NULL, NULL, NULL, 1, '2026-01-22 21:42:08'),
(147, 7, 'Cajolá', NULL, NULL, NULL, 1, '2026-01-22 21:42:08'),
(148, 7, 'San Miguel Siguilá', NULL, NULL, NULL, 1, '2026-01-22 21:42:08'),
(149, 7, 'San Juan Ostuncalco', NULL, NULL, NULL, 1, '2026-01-22 21:42:08'),
(150, 7, 'San Martín Sacatepéquez', NULL, NULL, NULL, 1, '2026-01-22 21:42:08'),
(151, 7, 'Palestina de los Altos', NULL, NULL, NULL, 1, '2026-01-22 21:42:08'),
(152, 8, 'San Marcos', NULL, NULL, NULL, 1, '2026-01-22 21:42:08'),
(153, 8, 'Concepción Tutuapa', NULL, NULL, NULL, 1, '2026-01-22 21:42:08'),
(154, 11, 'Tactic', NULL, NULL, NULL, 1, '2026-01-22 21:42:08'),
(155, 11, 'Senahú', NULL, NULL, NULL, 1, '2026-01-22 21:42:08'),
(156, 11, 'San Juan Chamelco', NULL, NULL, NULL, 1, '2026-01-22 21:42:08'),
(157, 13, 'Mataquescuintla', NULL, NULL, NULL, 1, '2026-01-22 21:42:08'),
(158, 9, 'San Juan Atitán', NULL, NULL, NULL, 1, '2026-01-22 21:42:08'),
(159, 5, 'Barberena', NULL, NULL, NULL, 1, '2026-01-22 21:42:08'),
(160, 21, 'Flores', NULL, NULL, NULL, 1, '2026-01-22 21:42:08'),
(161, 21, 'San José', NULL, NULL, NULL, 1, '2026-01-22 21:42:08'),
(162, 21, 'San Benito', NULL, NULL, NULL, 1, '2026-01-22 21:42:08'),
(163, 21, 'San Andrés', NULL, NULL, NULL, 1, '2026-01-22 21:42:08'),
(164, 21, 'La Libertad', NULL, NULL, NULL, 1, '2026-01-22 21:42:08'),
(165, 21, 'Dolores', NULL, NULL, NULL, 1, '2026-01-22 21:42:08'),
(166, 21, 'Sayaxché', NULL, NULL, NULL, 1, '2026-01-22 21:42:08'),
(167, 21, 'Melchor de Mencos', NULL, NULL, NULL, 1, '2026-01-22 21:42:08'),
(168, 21, 'Poptún', NULL, NULL, NULL, 1, '2026-01-22 21:42:08'),
(169, 8, 'Esquipulas Palo Gordo', NULL, NULL, NULL, 1, '2026-01-22 21:42:08'),
(170, 15, 'San José La Arada', NULL, NULL, NULL, 1, '2026-01-22 21:42:08'),
(171, 15, 'San Juan Ermita', NULL, NULL, NULL, 1, '2026-01-22 21:42:08'),
(172, 15, 'Olopa', NULL, NULL, NULL, 1, '2026-01-22 21:42:08'),
(173, 15, 'Esquipulas', NULL, NULL, NULL, 1, '2026-01-22 21:42:08'),
(174, 15, 'Concepción Las Minas', NULL, NULL, NULL, 1, '2026-01-22 21:42:08'),
(175, 15, 'Quezaltepeque', NULL, NULL, NULL, 1, '2026-01-22 21:42:08'),
(176, 15, 'San Jacinto', NULL, NULL, NULL, 1, '2026-01-22 21:42:08'),
(177, 15, 'Ipala', NULL, NULL, NULL, 1, '2026-01-22 21:42:08'),
(178, 10, 'San Andrés Sajcabajá', NULL, NULL, NULL, 1, '2026-01-22 21:42:08'),
(179, 10, 'Canillá', NULL, NULL, NULL, 1, '2026-01-22 21:42:08'),
(180, 10, 'Chicamán', NULL, NULL, NULL, 1, '2026-01-22 21:42:08'),
(181, 10, 'Pachalum', NULL, NULL, NULL, 1, '2026-01-22 21:42:08'),
(182, 22, 'Los Amates', NULL, NULL, NULL, 1, '2026-01-22 21:42:08'),
(183, 18, 'Guatemala', NULL, NULL, NULL, 1, '2026-01-22 21:42:08'),
(184, 5, 'Cuilapa', NULL, NULL, NULL, 1, '2026-01-22 21:42:08'),
(185, 2, 'Antigua Guatemala', NULL, NULL, NULL, 1, '2026-01-22 21:42:08'),
(186, 17, 'Salamá', NULL, NULL, NULL, 1, '2026-01-22 21:42:09'),
(187, 19, 'Mazatenango', NULL, NULL, NULL, 1, '2026-01-22 21:42:09'),
(188, 10, 'Santa Cruz del Quiché', NULL, NULL, NULL, 1, '2026-01-22 21:42:09'),
(189, 5, 'Santa María Ixhuatán', NULL, NULL, NULL, 1, '2026-01-22 21:42:09'),
(190, 5, 'Santa Cruz Naranjo', NULL, NULL, NULL, 1, '2026-01-22 21:42:09'),
(191, 5, 'Pueblo Nuevo Viñas', NULL, NULL, NULL, 1, '2026-01-22 21:42:09'),
(192, 12, 'Usumatlán', NULL, NULL, NULL, 1, '2026-01-22 21:42:09'),
(193, 14, 'San José Acatempa', NULL, NULL, NULL, 1, '2026-01-22 21:42:09'),
(194, 7, 'Flores Costa Cuca', NULL, NULL, NULL, 1, '2026-01-22 21:42:09'),
(195, 19, 'San José El Ídolo', NULL, NULL, NULL, 1, '2026-01-22 21:42:09'),
(196, 19, 'San Pablo Jocopilas', NULL, NULL, NULL, 1, '2026-01-22 21:42:09'),
(197, 19, 'Río Bravo', NULL, NULL, NULL, 1, '2026-01-22 21:42:09'),
(198, 20, 'San Sebastián', NULL, NULL, NULL, 1, '2026-01-22 21:42:09'),
(199, 20, 'Santa Cruz Muluá', NULL, NULL, NULL, 1, '2026-01-22 21:42:09'),
(200, 20, 'San Felipe', NULL, NULL, NULL, 1, '2026-01-22 21:42:09'),
(201, 17, 'San Miguel Chicaj', NULL, NULL, NULL, 1, '2026-01-22 21:42:09'),
(202, 14, 'Atescatempa', NULL, NULL, NULL, 1, '2026-01-22 21:42:09'),
(203, 14, 'Moyuta', NULL, NULL, NULL, 1, '2026-01-22 21:42:09'),
(204, 4, 'Escuintla', NULL, NULL, NULL, 1, '2026-01-22 21:42:09'),
(205, 2, 'Sumpango', NULL, NULL, NULL, 1, '2026-01-22 21:42:09'),
(206, 2, 'Santa María de Jesús', NULL, NULL, NULL, 1, '2026-01-22 21:42:09'),
(207, 12, 'Gualán', NULL, NULL, NULL, 1, '2026-01-22 21:42:09'),
(208, 6, 'San Pablo la Laguna', NULL, NULL, NULL, 1, '2026-01-22 21:42:09'),
(209, 2, 'San Bartolomé Milpas Altas', NULL, NULL, NULL, 1, '2026-01-22 21:42:09'),
(210, 8, 'Tacaná', NULL, NULL, NULL, 1, '2026-01-22 21:42:09'),
(211, 6, 'Santa Catarina Ixtahuacán', NULL, NULL, NULL, 1, '2026-01-22 21:42:09'),
(212, 6, 'Santa Clara la Laguna', NULL, NULL, NULL, 1, '2026-01-22 21:42:09'),
(213, 18, 'Amatitlán', NULL, NULL, NULL, 1, '2026-01-22 21:42:09'),
(214, 18, 'Santa Catarina Pinula', NULL, NULL, NULL, 1, '2026-01-22 21:42:09'),
(215, 18, 'San José Pinula', NULL, NULL, NULL, 1, '2026-01-22 21:42:09'),
(216, 18, 'San José del Golfo', NULL, NULL, NULL, 1, '2026-01-22 21:42:09'),
(217, 18, 'Palencia', NULL, NULL, NULL, 1, '2026-01-22 21:42:09'),
(218, 18, 'San Pedro Ayampuc', NULL, NULL, NULL, 1, '2026-01-22 21:42:09'),
(219, 18, 'Mixco', NULL, NULL, NULL, 1, '2026-01-22 21:42:09'),
(220, 18, 'San Pedro Sacatepéquez', NULL, NULL, NULL, 1, '2026-01-22 21:42:09'),
(221, 18, 'San Juan Sacatepéquez', NULL, NULL, NULL, 1, '2026-01-22 21:42:09'),
(222, 18, 'San Raymundo', NULL, NULL, NULL, 1, '2026-01-22 21:42:09'),
(223, 18, 'Chuarrancho', NULL, NULL, NULL, 1, '2026-01-22 21:42:09'),
(224, 18, 'Fraijanes', NULL, NULL, NULL, 1, '2026-01-22 21:42:09'),
(225, 18, 'San Miguel Petapa', NULL, NULL, NULL, 1, '2026-01-22 21:42:09'),
(226, 1, 'San Antonio la Paz', NULL, NULL, NULL, 1, '2026-01-22 21:42:09'),
(227, 1, 'Sanarate', NULL, NULL, NULL, 1, '2026-01-22 21:42:09'),
(228, 2, 'Alotenango', NULL, NULL, NULL, 1, '2026-01-22 21:42:09'),
(229, 2, 'Jocotenango', NULL, NULL, NULL, 1, '2026-01-22 21:42:09'),
(230, 2, 'Magdalena Milpas Altas', NULL, NULL, NULL, 1, '2026-01-22 21:42:09'),
(231, 2, 'San Lucas Sacatepéquez', NULL, NULL, NULL, 1, '2026-01-22 21:42:09'),
(232, 2, 'Santa Catarina Barahona', NULL, NULL, NULL, 1, '2026-01-22 21:42:09'),
(233, 2, 'Santiago Sacatepéquez', NULL, NULL, NULL, 1, '2026-01-22 21:42:09'),
(234, 2, 'Santo Domingo Xenacoj', NULL, NULL, NULL, 1, '2026-01-22 21:42:09'),
(235, 3, 'El Tejar', NULL, NULL, NULL, 1, '2026-01-22 21:42:09'),
(236, 3, 'San Miguel Pochuta', NULL, NULL, NULL, 1, '2026-01-22 21:42:09'),
(237, 3, 'San Pedro Yepocapa', NULL, NULL, NULL, 1, '2026-01-22 21:42:09'),
(238, 4, 'Guanagazapa', NULL, NULL, NULL, 1, '2026-01-22 21:42:09'),
(239, 4, 'Iztapa', NULL, NULL, NULL, 1, '2026-01-22 21:42:09'),
(240, 4, 'La Democracia', NULL, NULL, NULL, 1, '2026-01-22 21:42:09'),
(241, 4, 'La Gomera', NULL, NULL, NULL, 1, '2026-01-22 21:42:09'),
(242, 4, 'Palín', NULL, NULL, NULL, 1, '2026-01-22 21:42:09'),
(243, 4, 'San José', NULL, NULL, NULL, 1, '2026-01-22 21:42:09'),
(244, 4, 'San Vicente Pacaya', NULL, NULL, NULL, 1, '2026-01-22 21:42:09'),
(245, 4, 'Santa Lucía Cotzumalguapa', NULL, NULL, NULL, 1, '2026-01-22 21:42:09'),
(246, 4, 'Sipacate', NULL, NULL, NULL, 1, '2026-01-22 21:42:09'),
(247, 4, 'Siquinalá', NULL, NULL, NULL, 1, '2026-01-22 21:42:09'),
(248, 4, 'Tiquisate', NULL, NULL, NULL, 1, '2026-01-22 21:42:09'),
(249, 5, 'Chiquimulilla', NULL, NULL, NULL, 1, '2026-01-22 21:42:09'),
(250, 5, 'Guazacapán', NULL, NULL, NULL, 1, '2026-01-22 21:42:10'),
(251, 5, 'Oratorio', NULL, NULL, NULL, 1, '2026-01-22 21:42:10'),
(252, 5, 'Taxisco', NULL, NULL, NULL, 1, '2026-01-22 21:42:10'),
(253, 6, 'Nahualá', NULL, NULL, NULL, 1, '2026-01-22 21:42:10'),
(254, 6, 'San Antonio Palopó', NULL, NULL, NULL, 1, '2026-01-22 21:42:10'),
(255, 6, 'San Juan la Laguna', NULL, NULL, NULL, 1, '2026-01-22 21:42:10'),
(256, 6, 'San Marcos la Laguna', NULL, NULL, NULL, 1, '2026-01-22 21:42:10'),
(257, 6, 'San Pedro la Laguna', NULL, NULL, NULL, 1, '2026-01-22 21:42:10'),
(258, 6, 'Santa Catarina Palopó', NULL, NULL, NULL, 1, '2026-01-22 21:42:10'),
(259, 6, 'Santa Cruz la Laguna', NULL, NULL, NULL, 1, '2026-01-22 21:42:10'),
(260, 6, 'Santa María Visitación', NULL, NULL, NULL, 1, '2026-01-22 21:42:10'),
(261, 16, 'San Andrés Xecul', NULL, NULL, NULL, 1, '2026-01-22 21:42:10'),
(262, 16, 'Santa Lucía la Reforma', NULL, NULL, NULL, 1, '2026-01-22 21:42:10'),
(263, 7, 'Almolonga', NULL, NULL, NULL, 1, '2026-01-22 21:42:10'),
(264, 7, 'Cabricán', NULL, NULL, NULL, 1, '2026-01-22 21:42:10'),
(265, 7, 'Huitán', NULL, NULL, NULL, 1, '2026-01-22 21:42:10'),
(266, 7, 'La Esperanza', NULL, NULL, NULL, 1, '2026-01-22 21:42:10'),
(267, 7, 'Salcajá', NULL, NULL, NULL, 1, '2026-01-22 21:42:10'),
(268, 7, 'San Carlos Sija', NULL, NULL, NULL, 1, '2026-01-22 21:42:10'),
(269, 7, 'San Francisco la Unión', NULL, NULL, NULL, 1, '2026-01-22 21:42:10'),
(270, 7, 'San Mateo', NULL, NULL, NULL, 1, '2026-01-22 21:42:10'),
(271, 19, 'Chicacao', NULL, NULL, NULL, 1, '2026-01-22 21:42:10'),
(272, 19, 'Cuyotenango', NULL, NULL, NULL, 1, '2026-01-22 21:42:10'),
(273, 19, 'Patulul', NULL, NULL, NULL, 1, '2026-01-22 21:42:10'),
(274, 19, 'Samayac', NULL, NULL, NULL, 1, '2026-01-22 21:42:10'),
(275, 19, 'San Antonio Suchitepéquez', NULL, NULL, NULL, 1, '2026-01-22 21:42:10'),
(276, 19, 'San Bernardino', NULL, NULL, NULL, 1, '2026-01-22 21:42:10'),
(277, 19, 'San Francisco Zapotitlán', NULL, NULL, NULL, 1, '2026-01-22 21:42:10'),
(278, 19, 'San Gabriel', NULL, NULL, NULL, 1, '2026-01-22 21:42:10'),
(279, 19, 'San José La Máquina', NULL, NULL, NULL, 1, '2026-01-22 21:42:10'),
(280, 19, 'San Juan Bautista', NULL, NULL, NULL, 1, '2026-01-22 21:42:10'),
(281, 19, 'San Lorenzo', NULL, NULL, NULL, 1, '2026-01-22 21:42:10'),
(282, 19, 'Santa Bárbara', NULL, NULL, NULL, 1, '2026-01-22 21:42:10'),
(283, 19, 'Santo Tomás la Unión', NULL, NULL, NULL, 1, '2026-01-22 21:42:10'),
(284, 19, 'Zunilito', NULL, NULL, NULL, 1, '2026-01-22 21:42:10'),
(285, 20, 'San Martín Zapotitlán', NULL, NULL, NULL, 1, '2026-01-22 21:42:10'),
(286, 8, 'La Reforma', NULL, NULL, NULL, 1, '2026-01-22 21:42:10'),
(287, 8, 'San Pedro Sacatepéquez', NULL, NULL, NULL, 1, '2026-01-22 21:42:10'),
(288, 9, 'Barillas', NULL, NULL, NULL, 1, '2026-01-22 21:42:10'),
(289, 9, 'Colotenango', NULL, NULL, NULL, 1, '2026-01-22 21:42:10'),
(290, 9, 'Cuilco', NULL, NULL, NULL, 1, '2026-01-22 21:42:10'),
(291, 9, 'La Democracia', NULL, NULL, NULL, 1, '2026-01-22 21:42:10'),
(292, 9, 'Petatán', NULL, NULL, NULL, 1, '2026-01-22 21:42:10'),
(293, 9, 'San Antonio Huista', NULL, NULL, NULL, 1, '2026-01-22 21:42:10'),
(294, 9, 'San Gaspar Ixchil', NULL, NULL, NULL, 1, '2026-01-22 21:42:10'),
(295, 9, 'San Ildefonso Ixtahuacán', NULL, NULL, NULL, 1, '2026-01-22 21:42:10'),
(296, 9, 'San Miguel Acatán', NULL, NULL, NULL, 1, '2026-01-22 21:42:10'),
(297, 9, 'San Pedro Necta', NULL, NULL, NULL, 1, '2026-01-22 21:42:10'),
(298, 9, 'San Rafael la Independencia', NULL, NULL, NULL, 1, '2026-01-22 21:42:10'),
(299, 9, 'San Rafael Petzal', NULL, NULL, NULL, 1, '2026-01-22 21:42:10'),
(300, 9, 'San Sebastián Coatán', NULL, NULL, NULL, 1, '2026-01-22 21:42:10'),
(301, 9, 'San Sebastián Huehuetenango', NULL, NULL, NULL, 1, '2026-01-22 21:42:10'),
(302, 9, 'Santa Ana Huista', NULL, NULL, NULL, 1, '2026-01-22 21:42:10'),
(303, 9, 'Santiago Chimaltenango', NULL, NULL, NULL, 1, '2026-01-22 21:42:10'),
(304, 9, 'Soloma', NULL, NULL, NULL, 1, '2026-01-22 21:42:10'),
(305, 9, 'Tectitán', NULL, NULL, NULL, 1, '2026-01-22 21:42:10'),
(306, 9, 'Unión Cantinil', NULL, NULL, NULL, 1, '2026-01-22 21:42:10'),
(307, 10, 'Chiché', NULL, NULL, NULL, 1, '2026-01-22 21:42:10'),
(308, 10, 'Chichicastenango', NULL, NULL, NULL, 1, '2026-01-22 21:42:10'),
(309, 10, 'Chinique', NULL, NULL, NULL, 1, '2026-01-22 21:42:10'),
(310, 10, 'Nebaj', NULL, NULL, NULL, 1, '2026-01-22 21:42:10'),
(311, 10, 'San Bartolomé Jocotenango', NULL, NULL, NULL, 1, '2026-01-22 21:42:10'),
(312, 10, 'San Pedro Jocopilas', NULL, NULL, NULL, 1, '2026-01-22 21:42:10'),
(313, 17, 'Granados', NULL, NULL, NULL, 1, '2026-01-22 21:42:10'),
(314, 17, 'San Jerónimo', NULL, NULL, NULL, 1, '2026-01-22 21:42:10'),
(315, 17, 'Santa Cruz El Chol', NULL, NULL, NULL, 1, '2026-01-22 21:42:10'),
(316, 22, 'El Estor', NULL, NULL, NULL, 1, '2026-01-22 21:42:10'),
(317, 12, 'Teculután', NULL, NULL, NULL, 1, '2026-01-22 21:42:10'),
(318, 13, 'San Carlos Alzatate', NULL, NULL, NULL, 1, '2026-01-22 21:42:10'),
(319, 13, 'San Luis Jilotepeque', NULL, NULL, NULL, 1, '2026-01-22 21:42:10'),
(320, 13, 'San Manuel Chaparrón', NULL, NULL, NULL, 1, '2026-01-22 21:42:10'),
(321, 13, 'San Pedro Pinula', NULL, NULL, NULL, 1, '2026-01-22 21:42:10'),
(322, 14, 'Agua Blanca', NULL, NULL, NULL, 1, '2026-01-22 21:42:10'),
(323, 14, 'Asunción Mita', NULL, NULL, NULL, 1, '2026-01-22 21:42:10'),
(324, 14, 'Comapa', NULL, NULL, NULL, 1, '2026-01-22 21:42:10'),
(325, 14, 'Conguaco', NULL, NULL, NULL, 1, '2026-01-22 21:42:10'),
(326, 14, 'El Adelanto', NULL, NULL, NULL, 1, '2026-01-22 21:42:10'),
(327, 14, 'Jalpatagua', NULL, NULL, NULL, 1, '2026-01-22 21:42:10'),
(328, 14, 'Jerez', NULL, NULL, NULL, 1, '2026-01-22 21:42:10'),
(329, 14, 'Pasaco', NULL, NULL, NULL, 1, '2026-01-22 21:42:10'),
(330, 14, 'Santa Catarina Mita', NULL, NULL, NULL, 1, '2026-01-22 21:42:10'),
(331, 14, 'Yupiltepeque', NULL, NULL, NULL, 1, '2026-01-22 21:42:10'),
(332, 14, 'Zapotitlán', NULL, NULL, NULL, 1, '2026-01-22 21:42:10');

-- --------------------------------------------------------

--
-- Estructura de tabla para la tabla `productos`
--

CREATE TABLE `productos` (
  `id` int NOT NULL,
  `nombre` text COLLATE utf8mb4_unicode_ci NOT NULL,
  `descripcion` text COLLATE utf8mb4_unicode_ci,
  `activo` tinyint(1) DEFAULT '1',
  `created_at` timestamp NULL DEFAULT CURRENT_TIMESTAMP
) ENGINE=InnoDB DEFAULT CHARSET=utf8mb4 COLLATE=utf8mb4_unicode_ci;

--
-- Volcado de datos para la tabla `productos`
--

INSERT INTO `productos` (`id`, `nombre`, `descripcion`, `activo`, `created_at`) VALUES
(1, 'Productores (as) beneficiados con capacitación, asistencia técnica e insumos para el manejo y conservación de los recursos naturales', NULL, 1, '2026-01-22 21:42:07'),
(2, 'Productores (as) beneficiados con capacitación, asistencia técnica e insumos para mejorar la productividad agrícola sostenible y tecnificada', NULL, 1, '2026-01-22 21:42:08'),
(3, 'Productores (as) registrados beneficiados con seguro agropecuario para mejorar sus sistemas productivos', NULL, 1, '2026-01-22 21:42:09'),
(4, 'Productores (as) beneficiados con capacitación, asistencia técnica e insumos en manejo productivo y reproductivo', NULL, 1, '2026-01-22 21:42:10'),
(5, 'Productores (as) beneficiados con capacitación, asistencia técnica e insumos para la diversificación de crianza de especies', NULL, 1, '2026-01-22 21:42:12'),
(6, 'Productores (as) beneficiados con capacitación y asistencia técnica para la organización, mercadeo y comercialización de su producción', NULL, 1, '2026-01-22 21:42:12'),
(7, 'Productores (as) beneficiados con capacitación y asistencia técnica en administración, operación y mantenimiento de unidades de riego', NULL, 1, '2026-01-22 21:42:12'),
(8, 'Construcción Sistema de Riego Unidad de Riego Pajales Aldea Cubulco Baja Verapaz', NULL, 1, '2026-01-22 21:42:12'),
(9, 'Construcción sistema de Riego Unidad de Riego Gravedad Aspersión Semi Fijo Finca la Bendición Guanagazapa Escuintla', NULL, 1, '2026-01-22 21:42:12'),
(10, 'Construcción Sistema de Riego Unidad de Riego Rio Jordan Nenton Huehuetenango', NULL, 1, '2026-01-22 21:42:12'),
(11, 'Construcción Sistema de Riego Unidad de Riego la Unión Nenton Huehuetenango', NULL, 1, '2026-01-22 21:42:12'),
(12, 'Construcción Sistema de Riego Unidad de Riego Aldea Xepon Grande Malacatancito Huehuetenango', NULL, 1, '2026-01-22 21:42:12'),
(13, 'Construcción Sistema de Riego Unidad de Riego la Franja Municipio de Jacaltenango Departamento de Huehuetenango', NULL, 1, '2026-01-22 21:42:12'),
(14, 'Construcción Centro de Acopio Aldea Chemal Todos Santos Cuchumatan Huehuetenango', NULL, 1, '2026-01-22 21:42:12');

-- --------------------------------------------------------

--
-- Estructura de tabla para la tabla `programas`
--

CREATE TABLE `programas` (
  `id` int NOT NULL,
  `codigo` int NOT NULL,
  `nombre` varchar(255) COLLATE utf8mb4_unicode_ci DEFAULT NULL,
  `descripcion` text COLLATE utf8mb4_unicode_ci,
  `activo` tinyint(1) DEFAULT '1',
  `created_at` timestamp NULL DEFAULT CURRENT_TIMESTAMP
) ENGINE=InnoDB DEFAULT CHARSET=utf8mb4 COLLATE=utf8mb4_unicode_ci;

--
-- Volcado de datos para la tabla `programas`
--

INSERT INTO `programas` (`id`, `codigo`, `nombre`, `descripcion`, `activo`, `created_at`) VALUES
(1, 12, NULL, NULL, 1, '2026-01-22 21:42:07'),
(2, 13, NULL, NULL, 1, '2026-01-22 21:42:08');

-- --------------------------------------------------------

--
-- Estructura de tabla para la tabla `subproductos`
--

CREATE TABLE `subproductos` (
  `id` int NOT NULL,
  `producto_id` int DEFAULT NULL,
  `nombre` text COLLATE utf8mb4_unicode_ci NOT NULL,
  `activo` tinyint(1) DEFAULT '1',
  `created_at` timestamp NULL DEFAULT CURRENT_TIMESTAMP
) ENGINE=InnoDB DEFAULT CHARSET=utf8mb4 COLLATE=utf8mb4_unicode_ci;

--
-- Volcado de datos para la tabla `subproductos`
--

INSERT INTO `subproductos` (`id`, `producto_id`, `nombre`, `activo`, `created_at`) VALUES
(1, 1, 'Productores (as) con plantas agroforestales producidas en viveros certificados para la restauración de los recursos naturales', 1, '2026-01-22 21:42:07'),
(2, 1, 'Productores (as) con insumos para el manejo y conservación de los recursos naturales renovables', 1, '2026-01-22 21:42:07'),
(3, 2, 'Plantaciones de cultivos permanentes con manejo técnico e insumos, para el incremento de la productividad', 1, '2026-01-22 21:42:08'),
(4, 2, 'Productores (as) capacitados y asistidos técnicamente con insumos para mejorar la productividad agrícola', 1, '2026-01-22 21:42:08'),
(5, 3, 'Productores (as) registrados beneficiados con seguro agropecuario para mejorar sus sistemas productivos', 1, '2026-01-22 21:42:09'),
(6, 4, 'Productores (as) beneficiados con capacitación y asistencia técnica en manejo productivo y reproductivo', 1, '2026-01-22 21:42:10'),
(7, 4, 'Productores (as) beneficiados con insumos en manejo productivo y reproductivo', 1, '2026-01-22 21:42:11'),
(8, 5, 'Productores (as) capacitados y asistidos técnicamente para diversificar la crianza de especies', 1, '2026-01-22 21:42:12'),
(9, 5, 'Productores (as) con insumos para diversificar la crianza de especies', 1, '2026-01-22 21:42:12'),
(10, 6, 'Productores (as) asistidos legalmente para su constitución', 1, '2026-01-22 21:42:12'),
(11, 6, 'Productores (as) reciben capacitación y asistencia técnica para mejorar la comercialización de la producción', 1, '2026-01-22 21:42:12'),
(12, 7, 'Productores (as) beneficiados con capacitación y asistencia técnica en administración, operación y mantenimiento de unidades de riego', 1, '2026-01-22 21:42:12'),
(13, 7, 'Productores (as) beneficiados con mantenimiento de reservorios de agua y unidades de riego', 1, '2026-01-22 21:42:12'),
(14, 8, 'Construcción Sistema de Riego Unidad de Riego Pajales Aldea Cubulco Baja Verapaz', 1, '2026-01-22 21:42:12'),
(15, 9, 'Construcción sistema de Riego Unidad de Riego Gravedad Aspersión Semi Fijo Finca la Bendición Guanagazapa Escuintla', 1, '2026-01-22 21:42:12'),
(16, 10, 'Construcción Sistema de Riego Unidad de Riego Rio Jordan Nenton Huehuetenango', 1, '2026-01-22 21:42:12'),
(17, 11, 'Construcción Sistema de Riego Unidad de Riego la Unión Nenton Huehuetenango', 1, '2026-01-22 21:42:12'),
(18, 12, 'Construcción Sistema de Riego Unidad de Riego Aldea Xepon Grande Malacatancito Huehuetenango', 1, '2026-01-22 21:42:12'),
(19, 13, 'Construcción Sistema de Riego Unidad de Riego la Franja Municipio de Jacaltenango Departamento de Huehuetenango', 1, '2026-01-22 21:42:12'),
(20, 14, 'Construcción Centro de Acopio Aldea Chemal Todos Santos Cuchumatan Huehuetenango', 1, '2026-01-22 21:42:12');

-- --------------------------------------------------------

--
-- Estructura de tabla para la tabla `subprogramas`
--

CREATE TABLE `subprogramas` (
  `id` int NOT NULL,
  `programa_id` int DEFAULT NULL,
  `codigo` int NOT NULL,
  `nombre` varchar(255) COLLATE utf8mb4_unicode_ci DEFAULT NULL,
  `activo` tinyint(1) DEFAULT '1',
  `created_at` timestamp NULL DEFAULT CURRENT_TIMESTAMP
) ENGINE=InnoDB DEFAULT CHARSET=utf8mb4 COLLATE=utf8mb4_unicode_ci;

--
-- Volcado de datos para la tabla `subprogramas`
--

INSERT INTO `subprogramas` (`id`, `programa_id`, `codigo`, `nombre`, `activo`, `created_at`) VALUES
(1, 1, 1200, NULL, 1, '2026-01-22 21:42:07'),
(2, 2, 1301, NULL, 1, '2026-01-22 21:42:08'),
(3, 2, 1302, NULL, 1, '2026-01-22 21:42:10'),
(4, 2, 1303, NULL, 1, '2026-01-22 21:42:12');

-- --------------------------------------------------------

--
-- Estructura de tabla para la tabla `tobanik`
--

CREATE TABLE `tobanik` (
  `id` int NOT NULL,
  `nombre_cooperativa` varchar(255) COLLATE utf8mb4_unicode_ci NOT NULL,
  `sede` varchar(255) COLLATE utf8mb4_unicode_ci DEFAULT NULL,
  `monto_colocado` decimal(18,2) DEFAULT '0.00',
  `cantidad_productores` int DEFAULT '0',
  `monto_otorgado` decimal(18,2) DEFAULT '0.00',
  `departamento_id` int DEFAULT NULL,
  `monto_financiero` decimal(18,2) DEFAULT '0.00',
  `cantidad_productores_depto` int DEFAULT '0',
  `hash_registro` varchar(64) COLLATE utf8mb4_unicode_ci DEFAULT NULL,
  `created_at` timestamp NULL DEFAULT CURRENT_TIMESTAMP
) ENGINE=InnoDB DEFAULT CHARSET=utf8mb4 COLLATE=utf8mb4_unicode_ci;

--
-- Volcado de datos para la tabla `tobanik`
--

INSERT INTO `tobanik` (`id`, `nombre_cooperativa`, `sede`, `monto_colocado`, `cantidad_productores`, `monto_otorgado`, `departamento_id`, `monto_financiero`, `cantidad_productores_depto`, `hash_registro`, `created_at`) VALUES
(1, 'COOPSAMA R.L.', 'Tactic, Alta Verapaz', 35000000.00, 15, 1278900.00, 11, 534500.00, 6, '89fdf1000fa315eb9882d4773bddf34138ef450ae0857ca6c66c83deff8b4f6b', '2026-01-22 21:42:12'),
(2, 'COOPERATIVA INTEGRAL DE AHORRO Y CRÉDITO \"LA INTERNACIONAL - INTERCOP\"', 'Sololá', 70000000.00, 10, 703000.00, 3, 206000.00, 5, '6f5cdd1ed40e75086cd155e698020f4cdb74270e4723b2e1e83d251b2bbd6982', '2026-01-22 21:42:12'),
(3, 'COOPERATIVA PARROQUIAL GUADALUPANA', 'Sololá', 70000000.00, 0, 0.00, NULL, 0.00, 2147483647, '24d3c485e6e45b19f4c247790d77dca74db3b826329f1dad7e1fb42dba8a4cab', '2026-01-22 21:42:12'),
(4, 'COOPERATIVA INTEGRAL DE AHORRO Y CREDITO INTEGRAL EL BIENESTAR, R.L.', 'Cantel, Quetzaltenango', 15000000.00, 0, 0.00, NULL, 0.00, 1500000000, '41c580a3b1caf27e1b87d064ea5a360f6f70a52b2e6f1d464bf069913d2d8698', '2026-01-22 21:42:12'),
(5, 'COOPERATIVA INTEGRAL DE AHORRO Y CREDITO SAN MIGUEL CHUIMEQUENA, R.L.', 'Totonicapán', 70000000.00, 0, 0.00, NULL, 0.00, 2147483647, '63e5fcea8cf5443adafbad8e7f16723565c7dadcee5d644f2b5421e593da5937', '2026-01-22 21:42:12'),
(6, 'COOPERATIVA INTEGRAL DE AHORRO Y CREDITO \"DESARROLLO COMUNITARIO BUENABAJENSE\" R.L.', 'Totonicapán', 15000000.00, 0, 0.00, NULL, 0.00, 1500000000, '6af43a69ab03b64302a40c7ec337abda3d76f082ddc207cbf49157122bbe4a02', '2026-01-22 21:42:12'),
(7, 'COOPERATIVA TONANTEL R.L.', 'Q70,000,000.00', 70000000.00, 0, 0.00, NULL, 0.00, 2147483647, '5236f35ac10142b3a2bd5e7b3b9885be9c8bdbee13dd1580bfcbfa87fbeca44c', '2026-01-22 21:42:12'),
(8, 'COOPERATIVA DE AHORRO Y CREDITO TZ\'i\'ja\' R.L.', 'Q1,000,000.00', 1000000.00, 0, 0.00, NULL, 0.00, 100000000, '30aa2ca6294f2b7e59de2d4fdfb45d863226819141aa1723c5bcc13f14449daa', '2026-01-22 21:42:12');

-- --------------------------------------------------------

--
-- Estructura de tabla para la tabla `unidades_ejecutoras`
--

CREATE TABLE `unidades_ejecutoras` (
  `id` int NOT NULL,
  `nombre` varchar(255) COLLATE utf8mb4_unicode_ci NOT NULL,
  `codigo` varchar(20) COLLATE utf8mb4_unicode_ci DEFAULT NULL,
  `activo` tinyint(1) DEFAULT '1',
  `created_at` timestamp NULL DEFAULT CURRENT_TIMESTAMP
) ENGINE=InnoDB DEFAULT CHARSET=utf8mb4 COLLATE=utf8mb4_unicode_ci;

--
-- Volcado de datos para la tabla `unidades_ejecutoras`
--

INSERT INTO `unidades_ejecutoras` (`id`, `nombre`, `codigo`, `activo`, `created_at`) VALUES
(1, '205 VICEMINISTERIO DE DESARROLLO ECONÓMICO RURAL', '205', 1, '2026-01-22 21:42:07');

-- --------------------------------------------------------

--
-- Estructura de tabla para la tabla `usuarios`
--

CREATE TABLE `usuarios` (
  `id` int NOT NULL,
  `username` varchar(50) COLLATE utf8mb4_unicode_ci NOT NULL,
  `password` varchar(255) COLLATE utf8mb4_unicode_ci NOT NULL,
  `nombre_completo` varchar(150) COLLATE utf8mb4_unicode_ci DEFAULT NULL,
  `email` varchar(100) COLLATE utf8mb4_unicode_ci DEFAULT NULL,
  `rol` varchar(20) COLLATE utf8mb4_unicode_ci DEFAULT 'tecnico',
  `activo` tinyint(1) DEFAULT '1',
  `ultimo_acceso` timestamp NULL DEFAULT NULL,
  `created_at` timestamp NULL DEFAULT CURRENT_TIMESTAMP
) ENGINE=InnoDB DEFAULT CHARSET=utf8mb4 COLLATE=utf8mb4_unicode_ci;

--
-- Volcado de datos para la tabla `usuarios`
--

INSERT INTO `usuarios` (`id`, `username`, `password`, `nombre_completo`, `email`, `rol`, `activo`, `ultimo_acceso`, `created_at`) VALUES
(3, 'tecnico', '$2y$10$sT5yQhVw7aoZacQn6Vsy9uhRRcxZWOXXnPL0vmBwv2qqDLTTv6yyi', 'Técnico VIDER', 'tecnico@maga.gob.gt', 'tecnico', 1, '2026-01-29 17:17:17', '2026-01-28 16:28:28'),
(6, 'admin', '$2y$10$92IXUNpkjO0rOQ5byMi.Ye4oKoEa3Ro9llC/.og/at2.uheWG/igi', 'Administrador VIDER', NULL, 'admin', 1, '2026-02-24 05:17:34', '2026-01-28 16:43:38');

-- --------------------------------------------------------

--
-- Estructura Stand-in para la vista `vista_resumen_departamento`
-- (Véase abajo para la vista actual)
--
CREATE TABLE `vista_resumen_departamento` (
`departamento_id` int
,`departamento` varchar(100)
,`total_registros` bigint
,`total_programado` decimal(37,2)
,`total_ejecutado` decimal(37,2)
,`porcentaje_ejecucion` decimal(43,2)
,`total_hombres` decimal(32,0)
,`total_mujeres` decimal(32,0)
,`total_beneficiarios` decimal(32,0)
,`total_financiero_vigente` decimal(40,2)
,`total_financiero_ejecutado` decimal(40,2)
);

-- --------------------------------------------------------

--
-- Estructura Stand-in para la vista `vista_resumen_dependencia`
-- (Véase abajo para la vista actual)
--
CREATE TABLE `vista_resumen_dependencia` (
`dependencia_id` int
,`dependencia` varchar(255)
,`siglas` varchar(50)
,`total_registros` bigint
,`total_programado` decimal(37,2)
,`total_ejecutado` decimal(37,2)
,`total_beneficiarios` decimal(32,0)
,`total_financiero_vigente` decimal(40,2)
,`total_financiero_ejecutado` decimal(40,2)
);

-- --------------------------------------------------------

--
-- Estructura Stand-in para la vista `vista_resumen_municipio`
-- (Véase abajo para la vista actual)
--
CREATE TABLE `vista_resumen_municipio` (
`municipio_id` int
,`municipio` varchar(150)
,`departamento_id` int
,`departamento` varchar(100)
,`total_registros` bigint
,`total_programado` decimal(37,2)
,`total_ejecutado` decimal(37,2)
,`total_beneficiarios` decimal(32,0)
,`total_financiero_vigente` decimal(40,2)
,`total_financiero_ejecutado` decimal(40,2)
);

-- --------------------------------------------------------

--
-- Estructura para la vista `vista_resumen_departamento`
--
DROP TABLE IF EXISTS `vista_resumen_departamento`;

CREATE ALGORITHM=UNDEFINED DEFINER=`root`@`localhost` SQL SECURITY DEFINER VIEW `vista_resumen_departamento`  AS SELECT `d`.`id` AS `departamento_id`, `d`.`nombre` AS `departamento`, count(distinct `dv`.`id`) AS `total_registros`, sum(`dv`.`programado`) AS `total_programado`, sum(`dv`.`ejecutado`) AS `total_ejecutado`, round((case when (sum(`dv`.`programado`) > 0) then ((sum(`dv`.`ejecutado`) / sum(`dv`.`programado`)) * 100) else 0 end),2) AS `porcentaje_ejecucion`, sum(`dv`.`hombres`) AS `total_hombres`, sum(`dv`.`mujeres`) AS `total_mujeres`, sum(`dv`.`total_personas`) AS `total_beneficiarios`, sum(`dv`.`vigente_financiera`) AS `total_financiero_vigente`, sum(`dv`.`financiera_ejecutado`) AS `total_financiero_ejecutado` FROM (`departamentos` `d` left join `datos_vider` `dv` on((`d`.`id` = `dv`.`departamento_id`))) GROUP BY `d`.`id`, `d`.`nombre` ;

-- --------------------------------------------------------

--
-- Estructura para la vista `vista_resumen_dependencia`
--
DROP TABLE IF EXISTS `vista_resumen_dependencia`;

CREATE ALGORITHM=UNDEFINED DEFINER=`root`@`localhost` SQL SECURITY DEFINER VIEW `vista_resumen_dependencia`  AS SELECT `dep`.`id` AS `dependencia_id`, `dep`.`nombre` AS `dependencia`, `dep`.`siglas` AS `siglas`, count(distinct `dv`.`id`) AS `total_registros`, sum(`dv`.`programado`) AS `total_programado`, sum(`dv`.`ejecutado`) AS `total_ejecutado`, sum(`dv`.`total_personas`) AS `total_beneficiarios`, sum(`dv`.`vigente_financiera`) AS `total_financiero_vigente`, sum(`dv`.`financiera_ejecutado`) AS `total_financiero_ejecutado` FROM (`dependencias` `dep` left join `datos_vider` `dv` on((`dep`.`id` = `dv`.`dependencia_id`))) GROUP BY `dep`.`id`, `dep`.`nombre`, `dep`.`siglas` ;

-- --------------------------------------------------------

--
-- Estructura para la vista `vista_resumen_municipio`
--
DROP TABLE IF EXISTS `vista_resumen_municipio`;

CREATE ALGORITHM=UNDEFINED DEFINER=`root`@`localhost` SQL SECURITY DEFINER VIEW `vista_resumen_municipio`  AS SELECT `m`.`id` AS `municipio_id`, `m`.`nombre` AS `municipio`, `d`.`id` AS `departamento_id`, `d`.`nombre` AS `departamento`, count(distinct `dv`.`id`) AS `total_registros`, sum(`dv`.`programado`) AS `total_programado`, sum(`dv`.`ejecutado`) AS `total_ejecutado`, sum(`dv`.`total_personas`) AS `total_beneficiarios`, sum(`dv`.`vigente_financiera`) AS `total_financiero_vigente`, sum(`dv`.`financiera_ejecutado`) AS `total_financiero_ejecutado` FROM ((`municipios` `m` join `departamentos` `d` on((`m`.`departamento_id` = `d`.`id`))) left join `datos_vider` `dv` on((`m`.`id` = `dv`.`municipio_id`))) GROUP BY `m`.`id`, `m`.`nombre`, `d`.`id`, `d`.`nombre` ;

--
-- Índices para tablas volcadas
--

--
-- Indices de la tabla `actividades`
--
ALTER TABLE `actividades`
  ADD PRIMARY KEY (`id`);

--
-- Indices de la tabla `datos_vider`
--
ALTER TABLE `datos_vider`
  ADD PRIMARY KEY (`id`),
  ADD UNIQUE KEY `hash_registro` (`hash_registro`),
  ADD KEY `unidad_ejecutora_id` (`unidad_ejecutora_id`),
  ADD KEY `programa_id` (`programa_id`),
  ADD KEY `subprograma_id` (`subprograma_id`),
  ADD KEY `actividad_id` (`actividad_id`),
  ADD KEY `producto_id` (`producto_id`),
  ADD KEY `subproducto_id` (`subproducto_id`),
  ADD KEY `intervencion_id` (`intervencion_id`),
  ADD KEY `medida_id` (`medida_id`),
  ADD KEY `idx_departamento` (`departamento_id`),
  ADD KEY `idx_municipio` (`municipio_id`),
  ADD KEY `idx_dependencia` (`dependencia_id`),
  ADD KEY `idx_periodo` (`anio`,`mes`);

--
-- Indices de la tabla `departamentos`
--
ALTER TABLE `departamentos`
  ADD PRIMARY KEY (`id`),
  ADD UNIQUE KEY `nombre` (`nombre`);

--
-- Indices de la tabla `dependencias`
--
ALTER TABLE `dependencias`
  ADD PRIMARY KEY (`id`),
  ADD UNIQUE KEY `nombre` (`nombre`),
  ADD KEY `unidad_ejecutora_id` (`unidad_ejecutora_id`);

--
-- Indices de la tabla `importaciones`
--
ALTER TABLE `importaciones`
  ADD PRIMARY KEY (`id`);

--
-- Indices de la tabla `intervenciones`
--
ALTER TABLE `intervenciones`
  ADD PRIMARY KEY (`id`);

--
-- Indices de la tabla `medidas`
--
ALTER TABLE `medidas`
  ADD PRIMARY KEY (`id`),
  ADD UNIQUE KEY `nombre` (`nombre`);

--
-- Indices de la tabla `municipios`
--
ALTER TABLE `municipios`
  ADD PRIMARY KEY (`id`),
  ADD UNIQUE KEY `unique_municipio_dept` (`departamento_id`,`nombre`);

--
-- Indices de la tabla `productos`
--
ALTER TABLE `productos`
  ADD PRIMARY KEY (`id`);

--
-- Indices de la tabla `programas`
--
ALTER TABLE `programas`
  ADD PRIMARY KEY (`id`),
  ADD UNIQUE KEY `codigo` (`codigo`);

--
-- Indices de la tabla `subproductos`
--
ALTER TABLE `subproductos`
  ADD PRIMARY KEY (`id`),
  ADD KEY `producto_id` (`producto_id`);

--
-- Indices de la tabla `subprogramas`
--
ALTER TABLE `subprogramas`
  ADD PRIMARY KEY (`id`),
  ADD UNIQUE KEY `unique_subprograma` (`programa_id`,`codigo`);

--
-- Indices de la tabla `tobanik`
--
ALTER TABLE `tobanik`
  ADD PRIMARY KEY (`id`),
  ADD UNIQUE KEY `hash_registro` (`hash_registro`),
  ADD KEY `departamento_id` (`departamento_id`);

--
-- Indices de la tabla `unidades_ejecutoras`
--
ALTER TABLE `unidades_ejecutoras`
  ADD PRIMARY KEY (`id`),
  ADD UNIQUE KEY `nombre` (`nombre`);

--
-- Indices de la tabla `usuarios`
--
ALTER TABLE `usuarios`
  ADD PRIMARY KEY (`id`),
  ADD UNIQUE KEY `username` (`username`);

--
-- AUTO_INCREMENT de las tablas volcadas
--

--
-- AUTO_INCREMENT de la tabla `actividades`
--
ALTER TABLE `actividades`
  MODIFY `id` int NOT NULL AUTO_INCREMENT, AUTO_INCREMENT=9;

--
-- AUTO_INCREMENT de la tabla `datos_vider`
--
ALTER TABLE `datos_vider`
  MODIFY `id` int NOT NULL AUTO_INCREMENT, AUTO_INCREMENT=1611;

--
-- AUTO_INCREMENT de la tabla `departamentos`
--
ALTER TABLE `departamentos`
  MODIFY `id` int NOT NULL AUTO_INCREMENT, AUTO_INCREMENT=23;

--
-- AUTO_INCREMENT de la tabla `dependencias`
--
ALTER TABLE `dependencias`
  MODIFY `id` int NOT NULL AUTO_INCREMENT, AUTO_INCREMENT=6;

--
-- AUTO_INCREMENT de la tabla `importaciones`
--
ALTER TABLE `importaciones`
  MODIFY `id` int NOT NULL AUTO_INCREMENT, AUTO_INCREMENT=2;

--
-- AUTO_INCREMENT de la tabla `intervenciones`
--
ALTER TABLE `intervenciones`
  MODIFY `id` int NOT NULL AUTO_INCREMENT, AUTO_INCREMENT=236;

--
-- AUTO_INCREMENT de la tabla `medidas`
--
ALTER TABLE `medidas`
  MODIFY `id` int NOT NULL AUTO_INCREMENT, AUTO_INCREMENT=5;

--
-- AUTO_INCREMENT de la tabla `municipios`
--
ALTER TABLE `municipios`
  MODIFY `id` int NOT NULL AUTO_INCREMENT, AUTO_INCREMENT=333;

--
-- AUTO_INCREMENT de la tabla `productos`
--
ALTER TABLE `productos`
  MODIFY `id` int NOT NULL AUTO_INCREMENT, AUTO_INCREMENT=15;

--
-- AUTO_INCREMENT de la tabla `programas`
--
ALTER TABLE `programas`
  MODIFY `id` int NOT NULL AUTO_INCREMENT, AUTO_INCREMENT=3;

--
-- AUTO_INCREMENT de la tabla `subproductos`
--
ALTER TABLE `subproductos`
  MODIFY `id` int NOT NULL AUTO_INCREMENT, AUTO_INCREMENT=21;

--
-- AUTO_INCREMENT de la tabla `subprogramas`
--
ALTER TABLE `subprogramas`
  MODIFY `id` int NOT NULL AUTO_INCREMENT, AUTO_INCREMENT=5;

--
-- AUTO_INCREMENT de la tabla `tobanik`
--
ALTER TABLE `tobanik`
  MODIFY `id` int NOT NULL AUTO_INCREMENT, AUTO_INCREMENT=12;

--
-- AUTO_INCREMENT de la tabla `unidades_ejecutoras`
--
ALTER TABLE `unidades_ejecutoras`
  MODIFY `id` int NOT NULL AUTO_INCREMENT, AUTO_INCREMENT=2;

--
-- AUTO_INCREMENT de la tabla `usuarios`
--
ALTER TABLE `usuarios`
  MODIFY `id` int NOT NULL AUTO_INCREMENT, AUTO_INCREMENT=7;

--
-- Restricciones para tablas volcadas
--

--
-- Filtros para la tabla `datos_vider`
--
ALTER TABLE `datos_vider`
  ADD CONSTRAINT `datos_vider_ibfk_1` FOREIGN KEY (`unidad_ejecutora_id`) REFERENCES `unidades_ejecutoras` (`id`) ON DELETE SET NULL,
  ADD CONSTRAINT `datos_vider_ibfk_10` FOREIGN KEY (`departamento_id`) REFERENCES `departamentos` (`id`) ON DELETE SET NULL,
  ADD CONSTRAINT `datos_vider_ibfk_11` FOREIGN KEY (`municipio_id`) REFERENCES `municipios` (`id`) ON DELETE SET NULL,
  ADD CONSTRAINT `datos_vider_ibfk_2` FOREIGN KEY (`dependencia_id`) REFERENCES `dependencias` (`id`) ON DELETE SET NULL,
  ADD CONSTRAINT `datos_vider_ibfk_3` FOREIGN KEY (`programa_id`) REFERENCES `programas` (`id`) ON DELETE SET NULL,
  ADD CONSTRAINT `datos_vider_ibfk_4` FOREIGN KEY (`subprograma_id`) REFERENCES `subprogramas` (`id`) ON DELETE SET NULL,
  ADD CONSTRAINT `datos_vider_ibfk_5` FOREIGN KEY (`actividad_id`) REFERENCES `actividades` (`id`) ON DELETE SET NULL,
  ADD CONSTRAINT `datos_vider_ibfk_6` FOREIGN KEY (`producto_id`) REFERENCES `productos` (`id`) ON DELETE SET NULL,
  ADD CONSTRAINT `datos_vider_ibfk_7` FOREIGN KEY (`subproducto_id`) REFERENCES `subproductos` (`id`) ON DELETE SET NULL,
  ADD CONSTRAINT `datos_vider_ibfk_8` FOREIGN KEY (`intervencion_id`) REFERENCES `intervenciones` (`id`) ON DELETE SET NULL,
  ADD CONSTRAINT `datos_vider_ibfk_9` FOREIGN KEY (`medida_id`) REFERENCES `medidas` (`id`) ON DELETE SET NULL;

--
-- Filtros para la tabla `dependencias`
--
ALTER TABLE `dependencias`
  ADD CONSTRAINT `dependencias_ibfk_1` FOREIGN KEY (`unidad_ejecutora_id`) REFERENCES `unidades_ejecutoras` (`id`) ON DELETE SET NULL;

--
-- Filtros para la tabla `municipios`
--
ALTER TABLE `municipios`
  ADD CONSTRAINT `municipios_ibfk_1` FOREIGN KEY (`departamento_id`) REFERENCES `departamentos` (`id`) ON DELETE CASCADE;

--
-- Filtros para la tabla `subproductos`
--
ALTER TABLE `subproductos`
  ADD CONSTRAINT `subproductos_ibfk_1` FOREIGN KEY (`producto_id`) REFERENCES `productos` (`id`) ON DELETE SET NULL;

--
-- Filtros para la tabla `subprogramas`
--
ALTER TABLE `subprogramas`
  ADD CONSTRAINT `subprogramas_ibfk_1` FOREIGN KEY (`programa_id`) REFERENCES `programas` (`id`) ON DELETE SET NULL;

--
-- Filtros para la tabla `tobanik`
--
ALTER TABLE `tobanik`
  ADD CONSTRAINT `tobanik_ibfk_1` FOREIGN KEY (`departamento_id`) REFERENCES `departamentos` (`id`) ON DELETE SET NULL;
COMMIT;

/*!40101 SET CHARACTER_SET_CLIENT=@OLD_CHARACTER_SET_CLIENT */;
/*!40101 SET CHARACTER_SET_RESULTS=@OLD_CHARACTER_SET_RESULTS */;
/*!40101 SET COLLATION_CONNECTION=@OLD_COLLATION_CONNECTION */;
